issuer_prefix,bank_flag,symbol,company_name,first_seen_window
IN0000000,N,KSHITIJPOL,Kshitij Polyline Limited,2023-05-02..2023-08-30
IN8376C01,N,CLCIND,CLC Industries Limited,2024-04-29..2024-08-27
IN9155A01,N,TATAMTRDVR,Tata Motors Limited,2023-01-01..2023-05-01
IN9175A01,N,JISLDVREQS,Jain Irrigation Systems Limited,2023-01-01..2023-05-01
INE000801,N,ARENTERP,Rajdarshan Industries Limited,2023-01-01..2023-05-01
INE001A01,F,HDFC,Housing Development Finance Corporation Limited,2023-01-01..2023-05-01
INE001B01,N,KRBL,KRBL Limited,2023-01-01..2023-05-01
INE002A01,N,RELIANCE,Reliance Industries Limited,2023-01-01..2023-05-01
INE002L01,N,SJVN,SJVN Limited,2023-01-01..2023-05-01
INE002S01,N,MGL,Mahanagar Gas Limited,2023-01-01..2023-05-01
INE003A01,N,SIEMENS,Siemens Limited,2023-01-01..2023-05-01
INE004I01,N,ABHISHEK,Abhishek Corporation Limited,2023-01-01..2023-05-01
INE005B01,N,AVANTEL,Avantel Limited,2024-08-28..2024-12-26
INE005I01,N,AMDIND,AMD Industries Limited,2023-01-01..2023-05-01
INE006I01,N,ASTRAL,Astral Limited,2023-01-01..2023-05-01
INE006Z01,N,ARVEE,Arvee Laboratories (India) Limited,2023-05-02..2023-08-30
INE007A01,N,CRISIL,Crisil Limited,2023-01-01..2023-05-01
INE007B01,F,GEOJITFSL,Geojit Financial Services Limited,2023-01-01..2023-05-01
INE007N01,F,FEDFINA,Fedbank Financial Services Limited,2023-08-31..2023-12-29
INE008A01,B,IDBI,IDBI Bank Limited,2023-01-01..2023-05-01
INE008Z01,N,SRPL,Shree Ram Proteins Limited,2023-01-01..2023-05-01
INE009A01,N,INFY,Infosys Limited,2023-01-01..2023-05-01
INE00CA01,N,TREJHARA,TREJHARA SOLUTIONS LIMITED,2023-05-02..2023-08-30
INE00CE01,N,SVLL,Shree Vasu Logistics Limited,2023-05-02..2023-08-30
INE00E101,N,BIKAJI,Bikaji Foods International Limited,2023-01-01..2023-05-01
INE00EM01,N,MEGASTAR,Megastar Foods Limited,2023-01-01..2023-05-01
INE00EV01,N,HARIOMPIPE,Hariom Pipe Industries Limited,2023-01-01..2023-05-01
INE00F201,F,PRUDENT,Prudent Corporate Advisory Services Limited,2023-01-01..2023-05-01
INE00FF01,N,ACUTAAS,Acutaas Chemicals Limited,2023-01-01..2023-05-01
INE00H001,N,SWIGGY,Swiggy Limited,2024-08-28..2024-12-26
INE00IK01,N,OSWALSEEDS,ShreeOswal Seeds And Chemicals Limited,2023-05-02..2023-08-30
INE00IN01,N,STOVEKRAFT,Stove Kraft Limited,2023-01-01..2023-05-01
INE00KV01,N,RAJMET,Rajnandini Metal Limited,2023-01-01..2023-05-01
INE00LM01,N,SONAMLTD,SONAM LIMITED,2023-01-01..2023-05-01
INE00LO01,N,CRAFTSMAN,Craftsman Automation Limited,2023-01-01..2023-05-01
INE00M201,N,SWSOLAR,Sterling and Wilson Renewable Energy Limited,2023-01-01..2023-05-01
INE00M901,N,INTERARCH,Interarch Building Solutions Limited,2024-08-28..2024-12-26
INE00OQ01,N,DHARMAJ,Dharmaj Crop Guard Limited,2023-01-01..2023-05-01
INE00PV01,N,AHLADA,Ahlada Engineers Limited,2023-01-01..2023-05-01
INE00QT01,N,SGIL,Synergy Green Industries Limited,2023-01-01..2023-05-01
INE00R701,N,DALBHARAT,Dalmia Bharat Limited,2023-01-01..2023-05-01
INE00S901,N,NILASPACES,Nila Spaces Limited,2023-01-01..2023-05-01
INE00SZ01,N,MARSHALL,Marshall Machines Limited,2023-01-01..2023-05-01
INE00U401,N,UNIECOM,Unicommerce Esolutions Limited,2024-08-28..2024-12-26
INE00VM01,N,MANORAMA,Manorama Industries Limited,2023-01-01..2023-05-01
INE00WC01,N,AFFLE,Affle 3i Limited,2023-01-01..2023-05-01
INE00Y201,N,FLAIR,Flair Writing Industries Limited,2023-08-31..2023-12-29
INE00Y801,N,AKG,Akg Exim Limited,2023-01-01..2023-05-01
INE00YB01,N,ABINFRA,A B Infrabuild Limited,2024-08-28..2024-12-26
INE00Z501,N,KRITIKA,Kritika Wires Limited,2023-01-01..2023-05-01
INE00ZE01,N,AFSL,Abans Financial Services Limited,2023-01-01..2023-05-01
INE010601,N,ENTERO,Entero Healthcare Solutions Limited,2023-12-30..2024-04-28
INE010A01,N,PRSMJOHNSN,Prism Johnson Limited,2023-01-01..2023-05-01
INE010B01,N,ZYDUSLIFE,Zydus Lifesciences Limited,2023-01-01..2023-05-01
INE010J01,N,TEJASNET,Tejas Networks Limited,2023-01-01..2023-05-01
INE010V01,N,LTTS,L&T Technology Services Limited,2023-01-01..2023-05-01
INE011E01,N,BALUFORGE,Balu Forge Industries Limited,2024-04-29..2024-08-27
INE011K01,N,TEGA,Tega Industries Limited,2023-01-01..2023-05-01
INE012A01,N,ACC,ACC Limited,2023-01-01..2023-05-01
INE013A01,F,RELCAPITAL,Reliance Capital Limited,2023-01-01..2023-05-01
INE013P01,N,ONESOURCE,Onesource Specialty Pharma Limited,2024-12-27..2025-02-28
INE015D01,N,MANAKSIA,Manaksia Limited,2023-01-01..2023-05-01
INE016A01,N,DABUR,Dabur India Limited,2023-01-01..2023-05-01
INE016M01,N,DNAMEDIA,Diligent Media Corporation Limited,2023-01-01..2023-05-01
INE017A01,N,GESHIP,The Great Eastern Shipping Company Limited,2023-01-01..2023-05-01
INE017W01,N,SMLT,Sarthak Metals Limited,2023-01-01..2023-05-01
INE018401,N,SUVIDHAA,Suvidhaa Infoserve Limited,2023-01-01..2023-05-01
INE018A01,N,LT,Larsen & Toubro Limited,2023-01-01..2023-05-01
INE018E01,F,SBICARD,SBI Cards and Payment Services Limited,2023-01-01..2023-05-01
INE019A01,N,JSWSTEEL,JSW Steel Limited,2023-01-01..2023-05-01
INE019C01,N,HSCL,Himadri Speciality Chemical Limited,2023-01-01..2023-05-01
INE019J01,F,HEALTHX,Health X Platform Limited,2023-01-01..2023-05-01
INE01A001,N,STANLEY,Stanley Lifestyles Limited,2024-04-29..2024-08-27
INE01BK01,N,AWHCL,Antony Waste Handling Cell Limited,2023-01-01..2023-05-01
INE01C001,N,AARTECH,Aartech Solonics Limited,2023-05-02..2023-08-30
INE01EA01,N,VMM,Vishal Mega Mart Limited,2024-12-27..2025-02-28
INE01EE01,N,BBTCL,B&B Triplewall Containers Limited,2023-01-01..2023-05-01
INE01EG01,N,RITCO,Ritco Logistics Limited,2023-01-01..2023-05-01
INE01FR01,N,STYLEBAAZA,Baazar Style Retail Limited,2024-08-28..2024-12-26
INE01GN01,N,IRISDOREME,Iris Clothings Limited,2023-01-01..2023-05-01
INE01II01,N,SILGO,Silgo Retail Limited,2023-01-01..2023-05-01
INE01IU01,N,SKYGOLD,SKY GOLD AND DIAMONDS LIMITED,2023-01-01..2023-05-01
INE01JE01,N,MARINE,Marine Electricals (India) Limited,2023-01-01..2023-05-01
INE01KI01,N,VINNY,Vinny Overseas Limited,2023-01-01..2023-05-01
INE01NE01,N,SRD,Shankar Lal Rampal Dye-Chem Limited,2024-08-28..2024-12-26
INE01P501,N,XELPMOC,Xelpmoc Design And Tech Limited,2023-01-01..2023-05-01
INE01QM01,N,EMUDHRA,eMudhra Limited,2023-01-01..2023-05-01
INE020801,N,SPENCERS,Spencer's Retail Limited,2023-01-01..2023-05-01
INE020B01,F,RECLTD,REC Limited,2023-01-01..2023-05-01
INE020D01,F,BAIDFIN,Baid Finserv Limited,2023-01-01..2023-05-01
INE020G01,N,INSPIRISYS,Inspirisys Solutions Limited,2023-01-01..2023-05-01
INE020J01,N,GOKUL,Gokul Refoils and Solvent Limited,2023-01-01..2023-05-01
INE021A01,N,ASIANPAINT,Asian Paints Limited,2023-01-01..2023-05-01
INE021O01,N,DODLA,Dodla Dairy Limited,2023-01-01..2023-05-01
INE022C01,N,EUROTEXIND,Eurotex Industries and Exports Limited,2023-01-01..2023-05-01
INE022I01,N,ASIANTILES,Asian Granito India Limited,2023-01-01..2023-05-01
INE022Q01,N,IEX,Indian Energy Exchange Limited,2023-01-01..2023-05-01
INE023A01,F,NSIL,Nalwa Sons Investments Limited,2023-05-02..2023-08-30
INE023H01,N,NECLIFE,Nectar Lifesciences Limited,2023-01-01..2023-05-01
INE023M01,N,SETUINFRA,Setubandhan Infrastructure Limited,2023-12-30..2024-04-28
INE024001,N,AEROFLEX,Aeroflex Industries Limited,2023-08-31..2023-12-29
INE024L01,N,GRAVITA,Gravita India Limited,2023-01-01..2023-05-01
INE025A01,N,CONSOFINVT,Consolidated Finvest & Holdings Limited,2023-01-01..2023-05-01
INE025B01,N,GOLDIAM,Goldiam International Limited,2023-01-01..2023-05-01
INE025I01,N,INDUSFILA,Indus Fila Limited,2024-12-27..2025-02-28
INE025R01,N,ARTEMISMED,Artemis Medicare Services Limited,2023-01-01..2023-05-01
INE026A01,N,GSFC,Gujarat State Fertilizers & Chemicals Limited,2023-01-01..2023-05-01
INE026B01,N,JIKIND,JIK Industries Limited,2023-01-01..2023-05-01
INE027A01,N,RCF,Rashtriya Chemicals and Fertilizers Limited,2023-01-01..2023-05-01
INE027H01,N,MAXHEALTH,Max Healthcare Institute Limited,2023-01-01..2023-05-01
INE028A01,B,BANKBARODA,Bank of Baroda,2023-01-01..2023-05-01
INE028B01,N,SHARONBIO,Sharon Bio-Medicine Limited,2023-01-01..2023-05-01
INE029A01,N,BPCL,Bharat Petroleum Corporation Limited,2023-01-01..2023-05-01
INE029L01,F,KICL,Kalyani Investment Company Limited,2023-01-01..2023-05-01
INE02A801,N,ROSSARI,Rossari Biotech Limited,2023-01-01..2023-05-01
INE02AR01,N,ANMOL,Anmol India Limited,2023-01-01..2023-05-01
INE02EZ01,N,AXITA,Axita Cotton Limited,2023-01-01..2023-05-01
INE02H701,N,NOVAAGRI,Nova Agritech Limited,2023-12-30..2024-04-28
INE02ID01,N,RAYMONDLSL,Raymond Lifestyle Limited,2024-08-28..2024-12-26
INE02IJ01,N,AZAD,Azad Engineering Limited,2023-12-30..2024-04-28
INE02L001,N,BOROSCI,Borosil Scientific Limited,2024-04-29..2024-08-27
INE02NC01,B,FINOPB,Fino Payments Bank Limited,2023-01-01..2023-05-01
INE02PY01,N,BOROLTD,Borosil Limited,2023-01-01..2023-05-01
INE02RE01,N,FIRSTCRY,Brainbees Solutions Limited,2024-08-28..2024-12-26
INE02WG01,N,WEL,Wonder Electricals Limited,2023-01-01..2023-05-01
INE02YR01,N,EMIL,Electronics Mart India Limited,2023-01-01..2023-05-01
INE030A01,N,HINDUNILVR,Hindustan Unilever Limited,2023-01-01..2023-05-01
INE031A07,F,HUDCO,Housing & Urban Development Corporation Limited,2023-01-01..2023-05-01
INE031B01,N,AJANTPHARM,Ajanta Pharma Limited,2023-01-01..2023-05-01
INE032A01,N,BOMDYEING,Bombay Dyeing & Mfg Company Limited,2023-01-01..2023-05-01
INE032B01,N,PRIMESECU,Prime Securities Limited,2023-01-01..2023-05-01
INE032Z01,N,BSHSL,Bombay Super Hybrid Seeds Limited,2023-01-01..2023-05-01
INE033B01,N,QUINTEGRA,Quintegra Solutions Limited,2023-01-01..2023-05-01
INE034A01,N,ARVIND,Arvind Limited,2023-01-01..2023-05-01
INE034D01,N,PTL,PTL Enterprises Limited,2023-01-01..2023-05-01
INE034S01,N,ARVSMART,Arvind SmartSpaces Limited,2023-01-01..2023-05-01
INE035801,N,AERONEU,Aeroflex Neu Limited,2023-01-01..2023-05-01
INE035D01,N,SOTL,Savita Oil Technologies Limited,2023-01-01..2023-05-01
INE036A01,N,RELINFRA,Reliance Infrastructure Limited,2023-01-01..2023-05-01
INE036B01,N,GAEL,Gujarat Ambuja Exports Limited,2023-01-01..2023-05-01
INE036D01,B,KARURVYSYA,Karur Vysya Bank Limited,2023-01-01..2023-05-01
INE037A01,N,UNIENTER,Uniphos Enterprises Limited,2023-01-01..2023-05-01
INE037Z01,N,CEWATER,Concord Enviro Systems Limited,2024-12-27..2025-02-28
INE038A01,N,HINDALCO,Hindalco Industries Limited,2023-01-01..2023-05-01
INE038F01,N,TVTODAY,TV Today Network Limited,2023-01-01..2023-05-01
INE039A01,F,IFCI,IFCI Limited,2023-05-02..2023-08-30
INE039B01,N,CINEVISTA,Cinevista Limited,2023-01-01..2023-05-01
INE039C01,N,JAMNAAUTO,Jamna Auto Industries Limited,2023-01-01..2023-05-01
INE039O01,N,JASH,Jash Engineering Limited,2023-01-01..2023-05-01
INE03CC01,N,JUBLCPL,Jubilant Agri and Consumer Products Limited,2024-12-27..2025-02-28
INE03DD01,N,RETAIL,JHS Svendgaard Retail Ventures Limited,2024-04-29..2024-08-27
INE03EI01,N,MAXESTATES,Max Estates Limited,2023-08-31..2023-12-29
INE03HW01,N,VLEGOV,VL E-Governance & IT Solutions Limited,2023-05-02..2023-08-30
INE03JI01,N,DGCONTENT,Digicontent Limited,2023-01-01..2023-05-01
INE03Q201,N,ALIVUS,Alivus Life Sciences Limited,2023-01-01..2023-05-01
INE03QK01,N,COHANCE,Cohance Lifesciences Limited,2023-01-01..2023-05-01
INE03RS01,N,DRCSYSTEMS,DRC Systems India Limited,2023-01-01..2023-05-01
INE03V001,N,UNIVPHOTO,Universus Photo Imagings Limited,2023-01-01..2023-05-01
INE03YM01,N,CHEMCON,Chemcon Speciality Chemicals Limited,2023-01-01..2023-05-01
INE040A01,B,HDFCBANK,HDFC Bank Limited,2023-01-01..2023-05-01
INE040D01,N,MAYURUNIQ,Mayur Uniquoters Ltd,2023-01-01..2023-05-01
INE040H01,N,SUZLON,Suzlon Energy Limited,2023-01-01..2023-05-01
INE040M01,N,TREEHOUSE,Tree House Education & Accessories Limited,2023-01-01..2023-05-01
INE041A01,N,DHAMPURSUG,Dhampur Sugar Mills Limited,2023-01-01..2023-05-01
INE042A01,N,ESCORTS,Escorts Kubota Limited,2023-01-01..2023-05-01
INE043A01,N,GTL,GTL Limited,2023-01-01..2023-05-01
INE043C01,N,IVP,IVP Limited,2023-01-01..2023-05-01
INE043D01,F,IDFC,IDFC Limited,2023-01-01..2023-05-01
INE043W01,N,VIJAYA,Vijaya Diagnostic Centre Limited,2023-05-02..2023-08-30
INE044A01,N,SUNPHARMA,Sun Pharmaceutical Industries Limited,2023-01-01..2023-05-01
INE045601,N,PARAS,Paras Defence and Space Technologies Limited,2023-01-01..2023-05-01
INE045A01,N,ADOR,Ador Welding Limited,2023-01-01..2023-05-01
INE045B01,N,NELCO,NELCO Limited,2023-01-01..2023-05-01
INE045J01,N,FCL,Fineotex Chemical Limited,2023-01-01..2023-05-01
INE046A01,N,RIIL,Reliance Industrial Infrastructure Limited,2023-01-01..2023-05-01
INE046W01,N,MUTHOOTMF,Muthoot Microfin Limited,2023-12-30..2024-04-28
INE047A01,N,GRASIM,Grasim Industries Limited,2023-01-01..2023-05-01
INE047B01,N,GILLANDERS,Gillanders Arbuthnot & Company Limited,2023-01-01..2023-05-01
INE047O01,N,NIBL,NRB Industrial Bearings Limited,2023-01-01..2023-05-01
INE048B01,N,JAGSNPHARM,Jagsonpal Pharmaceuticals Limited,2023-01-01..2023-05-01
INE048C01,N,VICEROY,Viceroy Hotels Limited,2023-01-01..2023-05-01
INE048G01,N,NAVINFLUOR,Navin Fluorine International Limited,2023-01-01..2023-05-01
INE049A01,N,HIMATSEIDE,Himatsingka Seide Limited,2023-01-01..2023-05-01
INE049B01,N,WOCKPHARMA,Wockhardt Limited,2023-01-01..2023-05-01
INE049I01,F,NAHARCAP,Nahar Capital and Financial Services Limited,2023-01-01..2023-05-01
INE04AK01,N,SBC,SBC Exports Limited,2023-01-01..2023-05-01
INE04I401,N,KPITTECH,KPIT Technologies Limited,2023-01-01..2023-05-01
INE04LG01,N,PAR,Par Drugs and Chemicals Limited,2023-01-01..2023-05-01
INE04TZ01,N,ETHOSLTD,Ethos Limited,2023-01-01..2023-05-01
INE050001,N,PPL,Prakash Pipes Limited,2023-01-01..2023-05-01
INE050401,N,ELIN,Elin Electronics Limited,2023-01-01..2023-05-01
INE050A01,N,BBTC,The Bombay Burmah Trading Corporation Limited,2023-01-01..2023-05-01
INE050B01,F,IVC,IL&FS Investment Managers Limited,2023-01-01..2023-05-01
INE050E01,N,BALAMINES,Balaji Amines Limited,2023-01-01..2023-05-01
INE050H01,N,RML,Rane (Madras) Limited,2023-01-01..2023-05-01
INE050M01,N,VSSL,Vardhman Special Steels Limited,2023-01-01..2023-05-01
INE051B01,N,VAKRANGEE,Vakrangee Limited,2023-01-01..2023-05-01
INE052A01,N,WINDMACHIN,Windsor Machines Limited,2023-01-01..2023-05-01
INE052I01,N,CAMLINFINE,Camlin Fine Sciences Limited,2023-01-01..2023-05-01
INE052T01,N,BESTAGRO,Best Agrolife Limited,2024-04-29..2024-08-27
INE053A01,N,INDHOTEL,The Indian Hotels Company Limited,2023-01-01..2023-05-01
INE053F07,F,IRFC,Indian Railway Finance Corporation Limited,2023-01-01..2023-05-01
INE054301,N,ODIGMA,Odigma Consultancy Solutions Limited,2024-12-27..2025-02-28
INE054A01,N,VIPIND,VIP Industries Limited,2023-01-01..2023-05-01
INE055A01,N,ABREL,Aditya Birla Real Estate Limited,2023-01-01..2023-05-01
INE055C01,N,KEEPLEARN,DSJ Keep Learning Limited,2023-01-01..2023-05-01
INE055S01,N,CYIENTDLM,Cyient DLM Limited,2023-05-02..2023-08-30
INE056C01,N,TATAMETALI,Tata Metaliks Limited,2023-01-01..2023-05-01
INE056I01,N,REFEX,Refex Industries Limited,2023-01-01..2023-05-01
INE058A01,N,SANOFI,Sanofi India Limited,2023-01-01..2023-05-01
INE058B01,N,ZENITHEXPO,Zenith Exports Limited,2023-01-01..2023-05-01
INE059901,N,IEL,Indiabulls Enterprises Limited,2023-01-01..2023-05-01
INE059A01,N,CIPLA,Cipla Limited,2023-01-01..2023-05-01
INE059B01,N,SIMPLEXINF,Simplex Infrastructures Limited,2023-01-01..2023-05-01
INE059D01,N,LAOPALA,La Opala RG Limited,2023-01-01..2023-05-01
INE05AN01,N,HINDWAREAP,Hindware Home Innovation Limited,2023-01-01..2023-05-01
INE05CZ01,N,RATNAVEER,Ratnaveer Precision Engineering Limited,2023-08-31..2023-12-29
INE05ST01,N,SBGLP,Suratwwala Business Group Limited,2023-05-02..2023-08-30
INE05X901,N,HPIL,Hindprakash Industries Limited,2023-01-01..2023-05-01
INE060901,N,LIKHITHA,Likhitha Infrastructure Limited,2023-01-01..2023-05-01
INE060A01,N,NAVNETEDUL,Navneet Education Limited,2023-01-01..2023-05-01
INE060B01,N,KHANDSE,Khandwala Securities Limited,2023-01-01..2023-05-01
INE060J01,N,FLEXITUFF,Flexituff Ventures International Limited,2023-05-02..2023-08-30
INE060X01,N,DEVIT,Dev Information Technology Limited,2023-01-01..2023-05-01
INE061A01,N,INDIANCARD,Indian Card Clothing Company Limited,2023-01-01..2023-05-01
INE061F01,N,FORTIS,Fortis Healthcare Limited,2023-01-01..2023-05-01
INE062A01,B,SBIN,State Bank of India,2023-01-01..2023-05-01
INE062D01,N,ALICON,Alicon Castalloy Limited,2023-01-01..2023-05-01
INE063E01,N,POCL,Pondy Oxides & Chemicals Limited,2023-05-02..2023-08-30
INE063P01,B,EQUITASBNK,Equitas Small Finance Bank Limited,2023-01-01..2023-05-01
INE064C01,N,TRIDENT,Trident Limited,2023-01-01..2023-05-01
INE065B01,N,INDLMETER,IMP Powers Limited,2023-01-01..2023-05-01
INE065D01,N,AEROENTER,Aeroflex Enterprises Limited,2023-01-01..2023-05-01
INE065J01,N,TPHQ,Teamo Productions HQ Limited,2023-01-01..2023-05-01
INE065X01,N,INDGN,Indegene Limited,2024-04-29..2024-08-27
INE066A01,N,EICHERMOT,Eicher Motors Limited,2023-01-01..2023-05-01
INE066F01,N,HAL,Hindustan Aeronautics Limited,2023-01-01..2023-05-01
INE066O01,N,WONDERLA,Wonderla Holidays Limited,2023-01-01..2023-05-01
INE066P01,N,INOXWIND,Inox Wind Limited,2023-01-01..2023-05-01
INE067A01,N,CGPOWER,CG Power and Industrial Solutions Limited,2023-01-01..2023-05-01
INE068L01,N,CANTABIL,Cantabil Retail India Limited,2023-01-01..2023-05-01
INE068V01,N,GLAND,Gland Pharma Limited,2023-01-01..2023-05-01
INE069I01,N,EMBDL,Embassy Developments Limited,2023-01-01..2023-05-01
INE06H201,N,GENSOL,Gensol Engineering Limited,2023-05-02..2023-08-30
INE06HJ01,N,ECOSMOBLTY,Ecos (India) Mobility & Hospitality Limited,2024-08-28..2024-12-26
INE06IR01,N,OSIAHYPER,Osia Hyper Retail Limited,2023-01-01..2023-05-01
INE070A01,N,SHREECEM,SHREE CEMENT LIMITED,2023-01-01..2023-05-01
INE070C01,N,COMPINFO,Compuage Infocom Limited,2023-01-01..2023-05-01
INE070D01,N,JAICORPLTD,Jai Corp Limited,2023-01-01..2023-05-01
INE070I01,N,INSECTICID,Insecticides (India) Limited,2023-01-01..2023-05-01
INE071A01,N,BILVYAPAR,BIL VYAPAR LIMITED,2023-01-01..2023-05-01
INE071D01,N,MENONBE,Menon Bearings Limited,2023-01-01..2023-05-01
INE071E01,N,UGARSUGAR,The Ugar Sugar Works Limited,2023-01-01..2023-05-01
INE071F01,N,APCL,Anjani Portland Cement Limited,2023-01-01..2023-05-01
INE071N01,N,EPIGRAL,Epigral Limited,2023-01-01..2023-05-01
INE073D01,N,SUNDRMBRAK,Sundaram Brake Linings Limited,2023-01-01..2023-05-01
INE073G01,N,ASALCBR,Associated Alcohols & Breweries Ltd.,2023-01-01..2023-05-01
INE073K01,N,SONACOMS,Sona BLW Precision Forgings Limited,2023-01-01..2023-05-01
INE073V01,N,COMSYN,Commercial Syn Bags Limited,2023-12-30..2024-04-28
INE074A01,N,PRAJIND,Praj Industries Limited,2023-01-01..2023-05-01
INE074B01,N,PARACABLES,Paramount Communications Limited,2023-01-01..2023-05-01
INE075A01,N,WIPRO,Wipro Limited,2023-01-01..2023-05-01
INE075B01,N,SICAL,Sical Logistics Limited,2023-01-01..2023-05-01
INE075D01,N,GMBREW,GM Breweries Limited,2023-01-01..2023-05-01
INE075I01,N,HCG,Healthcare Global Enterprises Limited,2023-01-01..2023-05-01
INE076B01,N,SIYSIL,Siyaram Silk Mills Limited,2023-01-01..2023-05-01
INE076C01,N,IFBAGRO,IFB Agro Industries Limited,2023-01-01..2023-05-01
INE077F01,N,GOCLCORP,GOCL Corporation Limited,2023-01-01..2023-05-01
INE079A01,N,AMBUJACEM,Ambuja Cements Limited,2023-01-01..2023-05-01
INE079J01,N,GATEWAY,Gateway Distriparks Limited,2023-01-01..2023-05-01
INE07K301,N,ZAGGLE,Zaggle Prepaid Ocean Services Limited,2023-08-31..2023-12-29
INE07O001,N,EASEMYTRIP,Easy Trip Planners Limited,2023-01-01..2023-05-01
INE07OG01,N,NDRAUTO,Ndr Auto Components Limited,2023-01-01..2023-05-01
INE07RO01,N,SUPRIYA,Supriya Lifescience Limited,2023-01-01..2023-05-01
INE07S101,N,PAVNAIND,Pavna Industries Limited,2023-05-02..2023-08-30
INE07T201,N,RBA,Restaurant Brands Asia Limited,2023-01-01..2023-05-01
INE07U701,N,IRMENERGY,IRM Energy Limited,2023-08-31..2023-12-29
INE07Y701,N,POWERINDIA,Hitachi Energy India Limited,2023-01-01..2023-05-01
INE080A01,N,WEIZMANIND,Weizmann Limited,2023-01-01..2023-05-01
INE080B01,N,KOHINOOR,Kohinoor Foods Limited,2023-01-01..2023-05-01
INE080I01,N,LLOYDSENT,Lloyds Enterprises Limited,2024-08-28..2024-12-26
INE081A01,N,TATASTEEL,Tata Steel Limited,2023-01-01..2023-05-01
INE082A01,N,KOPRAN,Kopran Limited,2023-01-01..2023-05-01
INE082W01,N,WEWIN,WE WIN LIMITED,2023-01-01..2023-05-01
INE083A01,N,MOREPENLAB,Morepen Laboratories Limited,2023-01-01..2023-05-01
INE083B01,N,THEMISMED,Themis Medicare Limited,2023-01-01..2023-05-01
INE083C01,N,PLASTIBLEN,Plastiblends India Limited,2023-01-01..2023-05-01
INE083D01,N,BALPHARMA,Bal Pharma Limited,2023-01-01..2023-05-01
INE084A01,B,BANKINDIA,Bank of India,2023-01-01..2023-05-01
INE084Q01,N,RACE,Race Eco Chain Limited,2023-05-02..2023-08-30
INE085A01,N,CHAMBLFERT,Chambal Fertilizers & Chemicals Limited,2023-01-01..2023-05-01
INE085J01,N,THANGAMAYL,Thangamayil Jewellery Limited,2023-01-01..2023-05-01
INE086A01,N,ELECTCAST,Electrosteel Castings Limited,2023-01-01..2023-05-01
INE087A01,N,KESORAMIND,Kesoram Industries Limited,2023-01-01..2023-05-01
INE087B01,N,ANIKINDS,Anik Industries Limited,2023-01-01..2023-05-01
INE087H01,N,RENUKA,Shree Renuka Sugars Limited,2023-01-01..2023-05-01
INE087J01,N,GBGLOBAL,GB Global Limited,2023-01-01..2023-05-01
INE087Z01,N,AAKASH,Aakash Exploration Services Limited,2023-01-01..2023-05-01
INE088B01,N,NATNLSTEEL,National Steel And Agro Industries Limited,2023-01-01..2023-05-01
INE088F01,N,PARADEEP,Paradeep Phosphates Limited,2023-01-01..2023-05-01
INE089A01,N,DRREDDY,Dr. Reddy's Laboratories Limited,2023-01-01..2023-05-01
INE089C01,N,STLTECH,Sterlite Technologies Limited,2023-01-01..2023-05-01
INE08KJ01,F,MUFIN,Mufin Green Finance Limited,2023-08-31..2023-12-29
INE08KP01,N,DCMNVL,DCM Nouvelle Limited,2023-01-01..2023-05-01
INE08LI01,N,KRSNAA,Krsnaa Diagnostics Limited,2023-01-01..2023-05-01
INE08NE01,N,SANSTAR,Sanstar Limited,2024-04-29..2024-08-27
INE08U801,N,SAMHI,Samhi Hotels Limited,2023-08-31..2023-12-29
INE08ZM01,N,GREENPANEL,Greenpanel Industries Limited,2023-01-01..2023-05-01
INE090A01,B,ICICIBANK,ICICI Bank Limited,2023-01-01..2023-05-01
INE090B01,N,OMAXAUTO,Omax Autos Limited,2023-01-01..2023-05-01
INE091G01,N,JAIBALAJI,Jai Balaji Industries Limited,2023-01-01..2023-05-01
INE092A01,N,TATACHEM,Tata Chemicals Limited,2023-01-01..2023-05-01
INE092B01,N,INDNIPPON,India Nippon Electricals Limited,2023-01-01..2023-05-01
INE092T01,B,IDFCFIRSTB,IDFC First Bank Limited,2023-01-01..2023-05-01
INE093B01,N,ALPSINDUS,Alps Industries Limited,2023-01-01..2023-05-01
INE093I01,N,OBEROIRLTY,Oberoi Realty Limited,2023-01-01..2023-05-01
INE093R01,N,LLOYDSENGG,LLOYDS ENGINEERING WORKS LIMITED,2023-01-01..2023-05-01
INE094A01,N,HINDPETRO,Hindustan Petroleum Corporation Limited,2023-01-01..2023-05-01
INE094I01,N,KOLTEPATIL,Kolte - Patil Developers Limited,2023-01-01..2023-05-01
INE094J01,F,UTIAMC,UTI Asset Management Company Limited,2023-01-01..2023-05-01
INE095A01,B,INDUSINDBK,IndusInd Bank Limited,2023-01-01..2023-05-01
INE095I01,N,PPAP,PPAP Automotive Limited,2023-01-01..2023-05-01
INE095N01,N,NBCC,NBCC (India) Limited,2023-01-01..2023-05-01
INE096B01,N,NUCLEUS,Nucleus Software Exports Limited,2023-01-01..2023-05-01
INE098201,N,VCL,Vaxtex Cotfab Limited,2023-01-01..2023-05-01
INE098F01,N,AMRUTANJAN,Amrutanjan Health Care Limited,2023-01-01..2023-05-01
INE099F01,N,SREEL,Sreeleathers Limited,2023-01-01..2023-05-01
INE099J01,N,JPINFRATEC,Jaypee Infratech Limited,2024-08-28..2024-12-26
INE099Z01,N,MIDHANI,Mishra Dhatu Nigam Limited,2023-01-01..2023-05-01
INE09E501,N,RVHL,Ravinder Heights Limited,2023-01-01..2023-05-01
INE09EO01,N,AARTISURF,Aarti Surfactants Limited,2023-01-01..2023-05-01
INE09KD01,N,ATAM,Atam Valves Limited,2023-05-02..2023-08-30
INE09N301,N,FLUOROCHEM,Gujarat Fluorochemicals Limited,2023-01-01..2023-05-01
INE09VQ01,N,INDIGOPNTS,Indigo Paints Limited,2023-01-01..2023-05-01
INE09XN01,N,AKUMS,Akums Drugs and Pharmaceuticals Limited,2024-04-29..2024-08-27
INE0A0S01,N,SIGMA,Sigma Solve Limited,2023-05-02..2023-08-30
INE0A1101,N,DCI,DC Infotech and Communication Limited,2023-05-02..2023-08-30
INE0AE001,N,VPRPL,Vishnu Prakash R Punglia Limited,2023-08-31..2023-12-29
INE0AEJ01,N,BIRLATYRE,Birla Tyres Limited,2023-01-01..2023-05-01
INE0AG901,N,CEIGALL,Ceigall India Limited,2024-08-28..2024-12-26
INE0AJG01,N,HEMIPROP,Hemisphere Properties India Limited,2023-01-01..2023-05-01
INE0ALR01,N,ATALREAL,Atal Realtech Limited,2023-05-02..2023-08-30
INE0APB01,N,MGEL,Mangalam Global Enterprise Limited,2023-01-01..2023-05-01
INE0ATZ01,N,KRONOX,Kronox Lab Sciences Limited,2024-04-29..2024-08-27
INE0B1K01,N,DJML,DJ Mediaprint & Logistics Limited,2023-01-01..2023-05-01
INE0B9K01,N,BANSALWIRE,Bansal Wire Industries Limited,2024-04-29..2024-08-27
INE0BJS01,N,GOCOLORS,Go Fashion (India) Limited,2023-01-01..2023-05-01
INE0BS701,N,PREMIERENE,Premier Energies Limited,2024-08-28..2024-12-26
INE0BTI01,N,KAMOPAINTS,Kamdhenu Ventures Limited,2023-01-01..2023-05-01
INE0BTM01,N,SECMARK,SecMark Consultancy Limited,2023-08-31..2023-12-29
INE0BV301,N,MAPMYINDIA,C.E. Info Systems Limited,2023-01-01..2023-05-01
INE0BWX01,N,AETHER,Aether Industries Limited,2023-01-01..2023-05-01
INE0BY001,N,JUBLINGREA,Jubilant Ingrevia Limited,2023-01-01..2023-05-01
INE0CG401,N,MUKKA,Mukka Proteins Limited,2023-12-30..2024-04-28
INE0CG601,N,MAXIND,Max India Limited,2023-01-01..2023-05-01
INE0CHO01,N,ADL,Archidply Decor Limited,2023-01-01..2023-05-01
INE0CJD01,N,KMEW,Knowledge Marine & Engineering Works Limited,2024-08-28..2024-12-26
INE0CJF01,N,WCIL,Western Carriers (India) Limited,2024-08-28..2024-12-26
INE0CLI01,N,RATEGAIN,Rategain Travel Technologies Limited,2023-01-01..2023-05-01
INE0CT101,N,MOL,Meghmani Organics Limited,2023-01-01..2023-05-01
INE0CU601,N,GMRP&UI,GMR Power and Urban Infra Limited,2023-01-01..2023-05-01
INE0D0K01,N,SIGACHI,Sigachi Industries Limited,2023-01-01..2023-05-01
INE0D0U01,N,AAATECH,Aaa Technologies Limited,2023-01-01..2023-05-01
INE0D6701,N,IPL,India Pesticides Limited,2023-01-01..2023-05-01
INE0D6I01,N,KSOLVES,Ksolves India Limited,2023-01-01..2023-05-01
INE0DAB01,N,RVTH,Revathi Equipment India Limited,2024-08-28..2024-12-26
INE0DD101,N,RAILTEL,Railtel Corporation Of India Limited,2023-01-01..2023-05-01
INE0DK501,N,PPLPHARMA,Piramal Pharma Limited,2023-01-01..2023-05-01
INE0DNW01,N,FAIRCHEMOR,Fairchem Organics Limited,2023-01-01..2023-05-01
INE0DSF01,N,NURECA,Nureca Limited,2023-01-01..2023-05-01
INE0DUT01,N,INNOVACAP,Innova Captab Limited,2023-12-30..2024-04-28
INE0DYJ01,N,SYRMA,Syrma SGS Technology Limited,2023-01-01..2023-05-01
INE0ECP01,N,HMAAGRO,HMA Agro Industries Limited,2023-05-02..2023-08-30
INE0EEJ01,N,BTML,Bodhi Tree Multimedia Limited,2023-01-01..2023-05-01
INE0EK901,N,TARC,TARC Limited,2023-01-01..2023-05-01
INE0FHS01,N,DEEPINDS,Deep Industries Limited,2023-01-01..2023-05-01
INE0FLR01,N,IWEL,Inox Wind Energy Limited,2023-01-01..2023-05-01
INE0FRK01,N,MOTISONS,Motisons Jewellers Limited,2023-12-30..2024-04-28
INE0FS801,N,MSUMI,Motherson Sumi Wiring India Limited,2023-01-01..2023-05-01
INE0G5901,N,EPACK,EPACK Durable Limited,2023-12-30..2024-04-28
INE0GFE01,N,EXXARO,Exxaro Tiles Limited,2023-01-01..2023-05-01
INE0GIU01,N,UMAEXPORTS,Uma Exports Limited,2023-01-01..2023-05-01
INE0GK401,N,TATVA,Tatva Chintan Pharma Chem Limited,2023-01-01..2023-05-01
INE0GSL01,N,HPAL,HP Adhesives Limited,2023-01-01..2023-05-01
INE0H5O01,N,WINDLAS,Windlas Biotech Limited,2023-01-01..2023-05-01
INE0HLU01,N,MOBIKWIK,One Mobikwik Systems Limited,2024-12-27..2025-02-28
INE0HMF01,N,TRACXN,Tracxn Technologies Limited,2023-01-01..2023-05-01
INE0HR601,N,DDEVPLSTIK,Ddev Plastiks Industries Limited,2024-12-27..2025-02-28
INE0HV901,N,IXIGO,Le Travenues Technology Limited,2024-04-29..2024-08-27
INE0I3401,N,DBOL,Dhampur Bio Organics Limited,2023-01-01..2023-05-01
INE0I7C01,N,LATENTVIEW,Latent View Analytics Limited,2023-01-01..2023-05-01
INE0INJ01,N,PLAZACABLE,Plaza Wires Limited,2023-08-31..2023-12-29
INE0IQ001,N,VERANDA,Veranda Learning Solutions Limited,2023-01-01..2023-05-01
INE0IX101,N,DATAPATTNS,Data Patterns (India) Limited,2023-01-01..2023-05-01
INE0J1F01,N,RPTECH,Rashi Peripherals Limited,2023-12-30..2024-04-28
INE0J5401,N,HONASA,Honasa Consumer Limited,2023-08-31..2023-12-29
INE0JA001,N,VENUSPIPES,Venus Pipes & Tubes Limited,2023-01-01..2023-05-01
INE0JM501,N,NRL,Nupur Recyclers Limited,2023-01-01..2023-05-01
INE0JO301,N,YATHARTH,Yatharth Hospital & Trauma Care Services Limited,2023-05-02..2023-08-30
INE0JPD01,N,SANATHAN,Sanathan Textiles Limited,2024-12-27..2025-02-28
INE0JR601,N,YATRA,Yatra Online Limited,2023-08-31..2023-12-29
INE0JS101,N,DREAMFOLKS,Dreamfolks Services Limited,2023-01-01..2023-05-01
INE0JSX01,N,GSLSU,Global Surfaces Limited,2023-05-02..2023-08-30
INE0JUS01,N,HARSHA,Harsha Engineers International Limited,2023-01-01..2023-05-01
INE0JVO01,N,GARUDA,Garuda Construction and Engineering Limited,2024-08-28..2024-12-26
INE0JWS01,N,VALIANTLAB,Valiant Laboratories Limited,2023-08-31..2023-12-29
INE0KBH01,N,BLUEJET,Blue Jet Healthcare Limited,2023-08-31..2023-12-29
INE0KCE01,N,EUREKAFORB,Eureka Forbes Limited,2024-08-28..2024-12-26
INE0KGZ01,N,SIGNPOST,Signpost India Limited,2023-12-30..2024-04-28
INE0KL801,N,DCXINDIA,DCX Systems Limited,2023-01-01..2023-05-01
INE0KNT01,N,MVGJL,Manoj Vaibhav Gems N Jewellers Limited,2023-08-31..2023-12-29
INE0KQN01,N,BAJEL,Bajel Projects Limited,2023-12-30..2024-04-28
INE0L9R01,N,GOPAL,Gopal Snacks Limited,2023-12-30..2024-04-28
INE0LCL01,N,AVALON,Avalon Technologies Limited,2023-05-02..2023-08-30
INE0LLY01,N,EIEL,Enviro Infra Engineers Limited,2024-08-28..2024-12-26
INE0LMW01,N,CELLO,Cello World Limited,2023-08-31..2023-12-29
INE0LOJ01,N,IKIO,IKIO Technologies Limited,2023-05-02..2023-08-30
INE0LQS01,N,TIPSFILMS,Tips Films Limited,2023-01-01..2023-05-01
INE0LRU01,N,AARTIPHARM,Aarti Pharmalabs Limited,2023-05-02..2023-08-30
INE0LRY01,N,QUADFUTURE,Quadrant Future Tek Limited,2024-12-27..2025-02-28
INE0LXG01,N,OLAELEC,Ola Electric Mobility Limited,2024-04-29..2024-08-27
INE0LXT01,N,REDTAPE,Redtape Limited,2023-08-31..2023-12-29
INE0M4D01,N,SETL,Standard Engineering Technology Limited,2024-12-27..2025-02-28
INE0MB501,N,JGCHEM,J.G.Chemicals Limited,2024-04-29..2024-08-27
INE0MIS01,N,PYRAMID,Pyramid Technoplast Limited,2023-08-31..2023-12-29
INE0N0Y01,N,USK,Udayshivakumar Infra Limited,2023-05-02..2023-08-30
INE0N2P01,N,RISHABH,Rishabh Instruments Limited,2023-08-31..2023-12-29
INE0N7W01,N,BLAL,BEML Land Assets Limited,2023-05-02..2023-08-30
INE0NLT01,N,BLSE,BLS E-Services Limited,2023-12-30..2024-04-28
INE0NN701,N,ATL,Allcargo Terminals Limited,2023-08-31..2023-12-29
INE0NNS01,N,NSLNISP,NMDC Steel Limited,2023-05-02..2023-08-30
INE0NQ801,N,RKSWAMY,R K Swamy Limited,2023-12-30..2024-04-28
INE0NT901,N,NETWEB,Netweb Technologies India Limited,2023-05-02..2023-08-30
INE0O3901,N,TREL,Transindia Real Estate Limited,2023-08-31..2023-12-29
INE0O6601,N,KROSS,Kross Limited,2024-08-28..2024-12-26
INE0O9T01,N,BAJAJINDEF,Indef Manufacturing Limited,2024-12-27..2025-02-28
INE0OAF01,N,JNKINDIA,JNK India Limited,2024-04-29..2024-08-27
INE0OJW01,N,ROSSTECH,Rossell Techsys Limited,2024-08-28..2024-12-26
INE0ONG01,N,NTPCGREEN,NTPC Green Energy Limited,2024-12-27..2025-02-28
INE0OPA01,N,DBEIL,Deepak Builders & Engineers India Limited,2024-08-28..2024-12-26
INE0OV601,N,EMSLIMITED,EMS Limited,2023-08-31..2023-12-29
INE0PA801,N,GHCLTEXTIL,GHCL Textiles Limited,2023-05-02..2023-08-30
INE0PB301,N,SCILAL,Shipping Corporation of India Land and Assets Limited,2023-12-30..2024-04-28
INE0PEQ01,N,RBZJEWEL,RBZ Jewellers Limited,2023-12-30..2024-04-28
INE0PK601,N,OCCLLTD,OCCL Limited,2024-08-28..2024-12-26
INE0PPK01,N,ORIENTTECH,Orient Technologies Limited,2024-08-28..2024-12-26
INE0PQ101,N,SSDL,Saraswati Saree Depot Limited,2024-08-28..2024-12-26
INE0PSC01,N,DIGIDRIVE,Digidrive Distributors Limited,2023-12-30..2024-04-28
INE0PT501,N,PLATIND,Platinum Industries Limited,2023-12-30..2024-04-28
INE0Q3J01,N,KRN,KRN Heat Exchanger and Refrigeration Limited,2024-08-28..2024-12-26
INE0Q3R01,N,SUNCLAY,Sundaram Clayton Limited,2023-12-30..2024-04-28
INE0QN801,N,KRYSTAL,Krystal Integrated Services Limited,2023-12-30..2024-04-28
INE0QRL01,N,ARKADE,Arkade Developers Limited,2024-08-28..2024-12-26
INE0QTF01,N,VSTL,Vibhor Steel Tubes Limited,2023-12-30..2024-04-28
INE0R4L01,N,DENTA,Denta Water and Infra Solutions Limited,2024-12-27..2025-02-28
INE0R6Z01,N,SRM,SRM Contractors Limited,2024-04-29..2024-08-27
INE0RB801,N,SENORES,Senores Pharmaceuticals Limited,2024-12-27..2025-02-28
INE0RE001,N,GALAPREC,Gala Precision Engineering Limited,2024-08-28..2024-12-26
INE0RWQ01,N,TOLINS,Tolins Tyres Limited,2024-08-28..2024-12-26
INE0RYC01,N,STALLION,Stallion India Fluorochemicals Limited,2024-12-27..2025-02-28
INE0S2G01,N,BALAJEE,Shree Tirupati Balajee Agro Trading Company Limited,2024-08-28..2024-12-26
INE0S2V01,N,VRAJ,Vraj Iron and Steel Limited,2024-04-29..2024-08-27
INE0TO701,N,MAMATA,Mamata Machinery Limited,2024-12-27..2025-02-28
INE0U3I01,N,UNIMECH,Unimech Aerospace and Manufacturing Limited,2024-12-27..2025-02-28
INE0UIZ01,N,BLACKBUCK,BLACKBUCK LIMITED,2024-08-28..2024-12-26
INE0UOS01,N,SANOFICONR,Sanofi Consumer Healthcare India Limited,2024-08-28..2024-12-26
INE0URU01,N,GLOBALE,Globale Tessile Limited,2024-04-29..2024-08-27
INE0US801,N,MFML,Mahalaxmi Fabric Mills Limited,2024-04-29..2024-08-27
INE0V6F01,N,HYUNDAI,Hyundai Motor India Limited,2024-08-28..2024-12-26
INE0V7W01,N,CARRARO,Carraro India Limited,2024-12-27..2025-02-28
INE0W2G01,N,SAGILITY,SAGILITY LIMITED,2024-08-28..2024-12-26
INE0WO601,N,LAXMIDENTL,Laxmi Dental Limited,2024-12-27..2025-02-28
INE100A01,N,ATUL,Atul Limited,2023-01-01..2023-05-01
INE100D01,N,WSI,W S Industries (I) Limited,2023-01-01..2023-05-01
INE101A01,N,M&M,Mahindra & Mahindra Limited,2023-01-01..2023-05-01
INE101D01,N,GRANULES,Granules India Limited,2023-01-01..2023-05-01
INE101I01,N,AFCONS,Afcons Infrastructure Limited,2024-08-28..2024-12-26
INE102A01,N,HLVLTD,HLV LIMITED,2023-01-01..2023-05-01
INE102B01,N,CHOICEIN,Choice International Limited,2023-01-01..2023-05-01
INE102D01,N,GODREJCP,Godrej Consumer Products Limited,2023-01-01..2023-05-01
INE102I01,N,ADSL,Allied Digital Services Limited,2023-01-01..2023-05-01
INE103A01,N,MRPL,Mangalore Refinery and Petrochemicals Limited,2023-01-01..2023-05-01
INE103C01,F,SMCGLOBAL,SMC Global Securities Limited,2023-01-01..2023-05-01
INE105A01,N,TVSHLTD,TVS Holdings Limited,2023-01-01..2023-05-01
INE105C01,N,3PLAND,3P Land Holdings Limited,2023-01-01..2023-05-01
INE105I01,N,SELMC,SEL Manufacturing Company Limited,2023-01-01..2023-05-01
INE105J01,N,RPGLIFE,RPG Life Sciences Limited,2023-01-01..2023-05-01
INE106I01,N,ANKITMETAL,Ankit Metal & Power Limited,2023-01-01..2023-05-01
INE106T01,N,HITECH,Hi-Tech Pipes Limited,2023-01-01..2023-05-01
INE107A01,N,TNPL,Tamil Nadu Newsprint & Papers Limited,2023-05-02..2023-08-30
INE107F01,N,WANBURY,Wanbury Limited,2023-01-01..2023-05-01
INE108E01,N,SUNDARAM,Sundaram Multi Pap Limited,2023-01-01..2023-05-01
INE108V01,N,AWFIS,Awfis Space Solutions Limited,2024-04-29..2024-08-27
INE109A01,N,SCI,Shipping Corporation Of India Limited,2023-01-01..2023-05-01
INE109C01,F,ARMANFIN,Arman Financial Services Limited,2023-01-01..2023-05-01
INE110A01,N,BPL,BPL Limited,2023-01-01..2023-05-01
INE110B01,N,MINDTECK,Mindteck (India) Limited,2023-01-01..2023-05-01
INE111A01,N,CONCOR,Container Corporation of India Limited,2023-01-01..2023-05-01
INE111B01,N,63MOONS,63 moons technologies limited,2023-01-01..2023-05-01
INE111Q01,N,PDSL,PDS Limited,2023-01-01..2023-05-01
INE112D01,N,MHLXMIRU,Mahalaxmi Rubtech Limited,2023-01-01..2023-05-01
INE112F01,N,LAMBODHARA,Lambodhara Textiles Limited,2023-01-01..2023-05-01
INE112L01,N,METROPOLIS,Metropolis Healthcare Limited,2023-01-01..2023-05-01
INE112X01,N,SIKKO,Sikko Industries Limited,2023-01-01..2023-05-01
INE113A01,N,GNFC,Gujarat Narmada Valley Fertilizers and Chemicals Limited,2023-01-01..2023-05-01
INE114A01,N,SAIL,Steel Authority of India Limited,2023-01-01..2023-05-01
INE115A01,F,LICHSGFIN,LIC Housing Finance Limited,2023-01-01..2023-05-01
INE115Q01,N,IKS,Inventurus Knowledge Solutions Limited,2024-12-27..2025-02-28
INE116A01,N,APCOTEXIND,Apcotex Industries Limited,2023-01-01..2023-05-01
INE116D01,N,BAGFILMS,B.A.G Films and Media Limited,2023-01-01..2023-05-01
INE116G01,N,VARDHACRLC,Vardhman Acrylics Limited,2023-01-01..2023-05-01
INE117A01,N,ABB,ABB India Limited,2023-01-01..2023-05-01
INE117B01,N,CURATECH,Cura Technologies Limited,2023-12-30..2024-04-28
INE117Z01,N,NARMADA,Narmada Agrobase Limited,2023-01-01..2023-05-01
INE118A01,F,BAJAJHLDNG,Bajaj Holdings & Investment Limited,2023-01-01..2023-05-01
INE118D01,N,NUVOCO,Nuvoco Vistas Corporation Limited,2023-01-01..2023-05-01
INE118H01,N,BSE,BSE Limited,2023-01-01..2023-05-01
INE119A01,N,BALRAMCHIN,Balrampur Chini Mills Limited,2023-01-01..2023-05-01
INE120A01,N,CARBORUNIV,Carborundum Universal Limited,2023-01-01..2023-05-01
INE120D01,N,HITECHCORP,Hitech Corporation Limited,2023-01-01..2023-05-01
INE121A01,F,CHOLAFIN,Cholamandalam Investment and Finance Company Limited,2023-01-01..2023-05-01
INE121E01,N,JSWENERGY,JSW Energy Limited,2023-01-01..2023-05-01
INE121J01,N,INDUSTOWER,Indus Towers Limited,2023-01-01..2023-05-01
INE121N01,N,THEJO,Thejo Engineering Limited,2023-08-31..2023-12-29
INE122M01,N,ESSARSHPNG,Essar Shipping Limited,2023-01-01..2023-05-01
INE123B01,N,NAGREEKEXP,Nagreeka Exports Limited,2023-01-01..2023-05-01
INE123C01,N,TAINWALCHM,Tainwala Chemical and Plastic (I) Limited,2023-01-01..2023-05-01
INE123F01,N,MMTC,MMTC Limited,2023-05-02..2023-08-30
INE124E01,N,STEELCAS,Steelcast Limited,2023-01-01..2023-05-01
INE124G01,N,DELTACORP,Delta Corp Limited,2023-01-01..2023-05-01
INE126A01,N,EIDPARRY,EID Parry India Limited,2023-01-01..2023-05-01
INE126J01,N,APOLLOPIPE,Apollo Pipes Limited,2023-01-01..2023-05-01
INE126M01,N,IBULLSLTD,Indiabulls Limited,2023-01-01..2023-05-01
INE127B01,N,HITECHGEAR,The Hi-Tech Gears Limited,2023-01-01..2023-05-01
INE127D01,F,HDFCAMC,HDFC Asset Management Company Limited,2023-01-01..2023-05-01
INE127I01,N,GOODLUCK,Goodluck India Limited,2023-01-01..2023-05-01
INE127T01,N,KPEL,K.P. Energy Limited,2024-12-27..2025-02-28
INE128A01,N,EVEREADY,Eveready Industries India Limited,2023-01-01..2023-05-01
INE128S01,F,FIVESTAR,Five-Star Business Finance Limited,2023-01-01..2023-05-01
INE128X01,N,ACI,Archean Chemical Industries Limited,2023-01-01..2023-05-01
INE129A01,N,GAIL,GAIL (India) Limited,2023-01-01..2023-05-01
INE129Z01,N,SINTERCOM,Sintercom India Limited,2023-01-01..2023-05-01
INE130B01,N,SURANAT&P,Surana Telecom and Power Limited,2023-01-01..2023-05-01
INE131A01,N,GMDCLTD,Gujarat Mineral Development Corporation Limited,2023-01-01..2023-05-01
INE131B01,N,RELAXO,Relaxo Footwears Limited,2023-01-01..2023-05-01
INE132H01,N,AURIONPRO,Aurionpro Solutions Limited,2023-01-01..2023-05-01
INE133A01,N,JSWDULUX,JSW Dulux Limited,2023-01-01..2023-05-01
INE133E01,N,TI,Tilaknagar Industries Limited,2023-01-01..2023-05-01
INE133Y01,N,IFGLEXPOR,IFGL Refractories Limited,2023-01-01..2023-05-01
INE134B01,N,KECL,Kirloskar Electric Company Limited,2023-01-01..2023-05-01
INE134E01,F,PFC,Power Finance Corporation Limited,2023-01-01..2023-05-01
INE136B01,N,CYIENT,Cyient Limited,2023-01-01..2023-05-01
INE136S01,N,NEOGEN,Neogen Chemicals Limited,2023-01-01..2023-05-01
INE137C01,N,ALPHAGEO,Alphageo (India) Limited,2023-01-01..2023-05-01
INE137I01,N,GRPLTD,GRP Limited,2023-01-01..2023-05-01
INE138A01,N,PENINLAND,Peninsula Land Limited,2023-01-01..2023-05-01
INE138C01,N,KANORICHEM,Kanoria Chemicals & Industries Limited,2023-01-01..2023-05-01
INE138Y01,N,KFINTECH,Kfin Technologies Limited,2023-01-01..2023-05-01
INE139A01,N,NATIONALUM,National Aluminium Company Limited,2023-01-01..2023-05-01
INE139B01,N,UCAL,UCAL LIMITED,2023-01-01..2023-05-01
INE139I01,N,BVCL,Barak Valley Cements Limited,2023-01-01..2023-05-01
INE139R01,F,FUSION,Fusion Finance Limited,2023-01-01..2023-05-01
INE140A01,F,PEL,Piramal Enterprises Limited,2023-01-01..2023-05-01
INE141D01,N,TNTELE,Tamilnadu Telecommunication Limited,2023-01-01..2023-05-01
INE141K01,N,TEXMOPIPES,Texmo Pipes and Products Limited,2023-01-01..2023-05-01
INE142A01,N,OSWALAGRO,Oswal Agro Mills Limited,2023-01-01..2023-05-01
INE142I01,N,TAKE,TAKE Limited,2023-01-01..2023-05-01
INE142K01,N,AURUS,AURUS GEM CORPORATION LIMITED,2023-01-01..2023-05-01
INE142M01,N,TATATECH,Tata Technologies Limited,2023-12-30..2024-04-28
INE142Q01,N,SULA,Sula Vineyards Limited,2023-01-01..2023-05-01
INE142Z01,N,ORIENTELEC,Orient Electric Limited,2023-01-01..2023-05-01
INE143A01,N,OSWALGREEN,Oswal Greentech Limited,2023-01-01..2023-05-01
INE144D01,N,CUBEXTUB,Cubex Tubings Limited,2023-01-01..2023-05-01
INE144J01,N,20MICRONS,20 Microns Limited,2023-01-01..2023-05-01
INE144Z01,N,TARSONS,Tarsons Products Limited,2023-01-01..2023-05-01
INE146L01,N,KIRLOSENG,Kirloskar Oil Engines Limited,2023-01-01..2023-05-01
INE147A01,N,SPIC,Southern Petrochemicals Industries Corporation  Limited,2023-01-01..2023-05-01
INE147P01,F,JPOLYINVST,Jindal Poly Investment and Finance Company Limited,2023-01-01..2023-05-01
INE148A01,N,TNPETRO,Tamilnadu PetroProducts Limited,2023-01-01..2023-05-01
INE148I01,F,SAMMAANCAP,Sammaan Capital Limited,2023-01-01..2023-05-01
INE148O01,N,DELHIVERY,Delhivery Limited,2023-01-01..2023-05-01
INE149A01,F,CHOLAHLDNG,Cholamandalam Financial Holdings Limited,2023-01-01..2023-05-01
INE149K01,N,SANDUMA,Sandur Manganese & Iron Ores Limited,2023-08-31..2023-12-29
INE149O01,N,NIBE,NIBE Limited,2024-12-27..2025-02-28
INE150B01,N,ALKYLAMINE,Alkyl Amines Chemicals Limited,2023-01-01..2023-05-01
INE150G01,N,LUXIND,Lux Industries Limited,2023-01-01..2023-05-01
INE151A01,N,TATACOMM,Tata Communications Limited,2023-01-01..2023-05-01
INE151G01,N,SHAILY,Shaily Engineering Plastics Limited,2023-01-01..2023-05-01
INE152A01,N,THERMAX,Thermax Limited,2023-01-01..2023-05-01
INE152B01,N,ACLGATI,Allcargo Gati Limited,2023-01-01..2023-05-01
INE152C01,N,UYFINCORP,U. Y. Fincorp Limited,2024-08-28..2024-12-26
INE152M01,N,TRITURBINE,Triveni Turbine Limited,2023-01-01..2023-05-01
INE153A01,N,MTNL,Mahanagar Telephone Nigam Limited,2023-01-01..2023-05-01
INE153T01,N,BLS,BLS International Services Limited,2023-01-01..2023-05-01
INE154A01,N,ITC,ITC Limited,2023-01-01..2023-05-01
INE154U01,N,MAXVIL,Max Ventures and Industries Limited,2023-01-01..2023-05-01
INE155A01,N,TMPV,Tata Motors Passenger Vehicles Limited,2023-01-01..2023-05-01
INE155C01,N,ALBERTDAVD,Albert David Limited,2023-01-01..2023-05-01
INE155G01,N,NDTV,New Delhi Television Limited,2023-01-01..2023-05-01
INE155Z01,N,MACPOWER,Macpower CNC Machines Limited,2023-01-01..2023-05-01
INE156A01,N,INDORAMA,Indo Rama Synthetics (India) Limited,2023-01-01..2023-05-01
INE156C01,N,PIONEEREMB,Pioneer Embroideries Limited,2023-01-01..2023-05-01
INE157H01,N,KMSUGAR,K.M.Sugar Mills Limited,2023-01-01..2023-05-01
INE158A01,N,HEROMOTOCO,Hero MotoCorp Limited,2023-01-01..2023-05-01
INE158B01,N,EIMCOELECO,Eimco Elecon (India) Limited,2023-01-01..2023-05-01
INE159A01,N,GLAXO,GlaxoSmithKline Pharmaceuticals Limited,2023-01-01..2023-05-01
INE159N01,F,VIJIFIN,Viji Finance Limited,2023-01-01..2023-05-01
INE160A01,B,PNB,Punjab National Bank,2023-01-01..2023-05-01
INE161A01,N,NIITLTD,NIIT Limited,2023-01-01..2023-05-01
INE161G01,N,MORARJEE,Morarjee Textiles Limited,2023-01-01..2023-05-01
INE161L01,N,VIKASLIFE,Vikas Lifecare Limited,2023-01-01..2023-05-01
INE162A01,N,GIPCL,Gujarat Industries Power Company Limited,2023-01-01..2023-05-01
INE162B01,N,LUMAXIND,Lumax Industries Limited,2023-01-01..2023-05-01
INE162C01,N,PARASPETRO,Paras Petrofils Limited,2023-01-01..2023-05-01
INE163A01,N,NOCIL,NOCIL Limited,2023-01-01..2023-05-01
INE164A01,N,BALMLAWRIE,Balmer Lawrie & Company Limited,2023-01-01..2023-05-01
INE164B01,N,KELLTONTEC,Kellton Tech Solutions Limited,2023-01-01..2023-05-01
INE165B01,N,RSSOFTWARE,R. S. Software (India) Limited,2023-01-01..2023-05-01
INE168A01,B,J&KBANK,The Jammu & Kashmir Bank Limited,2023-01-01..2023-05-01
INE168P01,N,EMCURE,Emcure Pharmaceuticals Limited,2024-04-29..2024-08-27
INE169A01,N,COROMANDEL,Coromandel International Limited,2023-01-01..2023-05-01
INE170E01,N,SATIA,Satia Industries Limited,2023-01-01..2023-05-01
INE170I01,N,HGS,Hinduja Global Solutions Limited,2023-01-01..2023-05-01
INE170V01,N,SALASAR,Salasar Techno Engineering Limited,2023-01-01..2023-05-01
INE171A01,B,FEDERALBNK,The Federal Bank  Limited,2023-01-01..2023-05-01
INE171Z01,N,BDL,Bharat Dynamics Limited,2023-01-01..2023-05-01
INE172A01,N,CASTROLIND,Castrol India Limited,2023-01-01..2023-05-01
INE172H01,N,RMCL,Radha Madhav Corporation Limited,2023-05-02..2023-08-30
INE172N01,N,IMAGICAA,Imagicaaworld Entertainment Limited,2023-01-01..2023-05-01
INE173A01,N,SIL,Standard Industries Limited,2023-01-01..2023-05-01
INE175A01,N,JISLJALEQS,Jain Irrigation Systems Limited,2023-01-01..2023-05-01
INE176A01,N,BATAINDIA,Bata India Limited,2023-01-01..2023-05-01
INE176B01,N,HAVELLS,Havells India Limited,2023-01-01..2023-05-01
INE176C01,N,SATHAISPAT,Sathavahana Ispat Limited,2023-01-01..2023-05-01
INE177A01,N,INGERRAND,Ingersoll Rand (India) Limited,2023-01-01..2023-05-01
INE177H01,N,GPIL,Godawari Power And Ispat limited,2023-01-01..2023-05-01
INE178A01,N,CHENNPETRO,Chennai Petroleum Corporation Limited,2023-01-01..2023-05-01
INE178C01,F,SMARTLINK,Smartlink Holdings Limited,2023-01-01..2023-05-01
INE179A01,N,PGHH,Procter & Gamble Hygiene and Health Care Limited,2023-01-01..2023-05-01
INE179G01,N,DAVANGERE,Davangere Sugar Company Limited,2023-12-30..2024-04-28
INE180A01,F,MFSL,Max Financial Services Limited,2023-01-01..2023-05-01
INE180C01,F,CGCL,Capri Global Capital Limited,2023-01-01..2023-05-01
INE181G01,N,AJRINFRA,AJR INFRA AND TOLLING LIMITED,2023-01-01..2023-05-01
INE182A01,N,PFIZER,Pfizer Limited,2023-01-01..2023-05-01
INE182D01,N,MARATHON,Marathon Nextgen Realty Limited,2023-01-01..2023-05-01
INE183001,N,GUJRAFFIA,Gujarat Raffia Industries Limited,2023-01-01..2023-05-01
INE183A01,N,FINPIPE,Finolex Industries Limited,2023-01-01..2023-05-01
INE184H01,N,EKC,Everest Kanto Cylinder Limited,2023-01-01..2023-05-01
INE184O01,N,DIFFNKG,Diffusion Engineers Limited,2024-08-28..2024-12-26
INE185E01,N,FILATFASH,Filatex Fashions Limited,2024-04-29..2024-08-27
INE185H01,N,CELEBRITY,Celebrity Fashions Limited,2023-01-01..2023-05-01
INE186A01,N,GUJALKALI,Gujarat Alkalies and Chemicals Limited,2023-01-01..2023-05-01
INE186H01,N,BASML,Bannari Amman Spinning Mills Limited,2023-01-01..2023-05-01
INE187A01,N,JBFIND,JBF Industries Limited,2023-01-01..2023-05-01
INE187D01,N,TALBROAUTO,Talbros Automotive Components Limited,2023-01-01..2023-05-01
INE188A01,N,FACT,Fertilizers and Chemicals Travancore Limited,2023-01-01..2023-05-01
INE188B01,N,IGARASHI,Igarashi Motors India Limited,2023-01-01..2023-05-01
INE188Y01,N,VERTOZ,Vertoz Limited,2023-01-01..2023-05-01
INE189B01,N,STYRENIX,Styrenix Performance Materials Limited,2023-01-01..2023-05-01
INE189I01,N,NELCAST,Nelcast Limited,2023-01-01..2023-05-01
INE190H01,N,SAKUMA,Sakuma Exports Limited,2023-01-01..2023-05-01
INE191A01,N,ORCHPHARMA,Orchid Pharma Limited,2023-01-01..2023-05-01
INE191B01,N,WELCORP,Welspun Corp Limited,2023-01-01..2023-05-01
INE191H01,N,PVRINOX,PVR INOX Limited,2023-01-01..2023-05-01
INE191I01,N,HDIL,Housing Development and Infrastructure Limited,2023-01-01..2023-05-01
INE192A01,N,TATACONSUM,TATA CONSUMER PRODUCTS LIMITED,2023-01-01..2023-05-01
INE192B01,N,WELSPUNLIV,Welspun Living Limited,2023-01-01..2023-05-01
INE192H01,N,GRMOVER,GRM Overseas Limited,2023-01-01..2023-05-01
INE192R01,N,DMART,Avenue Supermarts Limited,2023-01-01..2023-05-01
INE193B01,N,AYMSYNTEX,AYM Syntex Limited,2023-01-01..2023-05-01
INE193E01,N,BAJAJELEC,Bajaj Electricals Limited,2023-01-01..2023-05-01
INE195A01,N,SUPREMEIND,Supreme Industries Limited,2023-01-01..2023-05-01
INE195J01,N,PNCINFRA,PNC Infratech Limited,2023-01-01..2023-05-01
INE195N01,N,PROZONER,Prozone Realty Limited,2023-01-01..2023-05-01
INE195Y01,N,SECURCRED,SecUR Credentials Limited,2023-01-01..2023-05-01
INE196A01,N,MARICO,Marico Limited,2023-01-01..2023-05-01
INE196B01,N,SHIRPUR-G,Shirpur Gold Refinery Limited,2023-01-01..2023-05-01
INE196J01,N,OISL,OCL Iron and Steel Limited,2023-01-01..2023-05-01
INE196Y01,N,WORTHPERI,Worth Peripherals Limited,2023-01-01..2023-05-01
INE197901,N,MODTHREAD,Modern Threads (India) Limited,2023-01-01..2023-05-01
INE197A01,N,JYOTISTRUC,Jyoti Structures Limited,2023-01-01..2023-05-01
INE197D01,N,JINDALPOLY,Jindal Poly Films Limited,2023-01-01..2023-05-01
INE197J01,N,LPDC,Landmark Property Development Company Limited,2023-01-01..2023-05-01
INE198H01,N,AAREYDRUGS,Aarey Drugs & Pharmaceuticals Limited,2023-01-01..2023-05-01
INE199A01,N,PGHL,Procter & Gamble Health Limited,2023-01-01..2023-05-01
INE199C01,N,ADVANIHOTR,Advani Hotels & Resorts (India) Limited,2023-01-01..2023-05-01
INE199G01,N,JAGRAN,Jagran Prakashan Limited,2023-01-01..2023-05-01
INE200A01,N,GVT&D,GE Vernova T&D India Limited,2023-01-01..2023-05-01
INE200M01,N,VBL,Varun Beverages Limited,2023-01-01..2023-05-01
INE201A01,N,MANALIPETC,Manali Petrochemicals Limited,2023-01-01..2023-05-01
INE201J01,N,LGBFORGE,LGB Forge Limited,2023-01-01..2023-05-01
INE201K01,N,EXPLEOSOL,Expleo Solutions Limited,2023-01-01..2023-05-01
INE201M01,N,CLEDUCATE,CL Educate Limited,2023-01-01..2023-05-01
INE201P01,N,GRINFRA,G R Infraprojects Limited,2023-01-01..2023-05-01
INE202E07,F,IREDA,Indian Renewable Energy Development Agency Limited,2023-12-30..2024-04-28
INE202H01,N,KERNEX,Kernex Microsystems (India) Limited,2023-01-01..2023-05-01
INE202Z01,N,TSFINV,TSF INVESTMENTS LIMITED,2023-01-01..2023-05-01
INE203A01,N,ASTRAZEN,AstraZeneca Pharma India Limited,2023-01-01..2023-05-01
INE203G01,N,IGL,Indraprastha Gas Limited,2023-01-01..2023-05-01
INE203Y01,N,SILLYMONKS,Silly Monks Entertainment Limited,2023-01-01..2023-05-01
INE204A01,N,IGPL,IG Petrochemicals Limited,2023-01-01..2023-05-01
INE204E01,N,AGARIND,Agarwal Industrial Corporation Limited,2023-01-01..2023-05-01
INE205A01,N,VEDL,Vedanta Limited,2023-01-01..2023-05-01
INE205B01,N,ELECON,Elecon Engineering Company Limited,2023-01-01..2023-05-01
INE205C01,N,POLYMED,Poly Medicure Limited,2023-01-01..2023-05-01
INE206B01,N,ZODIACLOTH,Zodiac Clothing Company Limited,2023-01-01..2023-05-01
INE206F01,N,AIIL,Authum Investment & Infrastructure Limited,2024-04-29..2024-08-27
INE206N01,N,RELTD,Ravindra Energy Limited,2024-04-29..2024-08-27
INE207E01,N,RAMRAT,Ram Ratna Wires Limited,2023-01-01..2023-05-01
INE208A01,N,ASHOKLEY,Ashok Leyland Limited,2023-01-01..2023-05-01
INE208C01,N,AEGISLOG,Aegis Logistics Limited,2023-01-01..2023-05-01
INE209A01,N,SUNDROP,Sundrop Brands Limited,2023-01-01..2023-05-01
INE209B01,N,RICOAUTO,Rico Auto Industries Limited,2023-01-01..2023-05-01
INE209L01,N,JWL,Jupiter Wagons Limited,2023-01-01..2023-05-01
INE210A01,N,WILLAMAGOR,Williamson Magor & Company Limited,2023-01-01..2023-05-01
INE210C01,N,AROGRANITE,Aro Granite Industries Limited,2023-01-01..2023-05-01
INE211B01,N,PHOENIXLTD,The Phoenix Mills Limited,2023-01-01..2023-05-01
INE211R01,N,POWERMECH,Power Mech Projects Limited,2023-01-01..2023-05-01
INE212H01,N,AIAENG,AIA Engineering Limited,2023-01-01..2023-05-01
INE212I01,N,SPAL,S. P. Apparels Limited,2023-01-01..2023-05-01
INE213A01,N,ONGC,Oil & Natural Gas Corporation Limited,2023-01-01..2023-05-01
INE213C01,N,BANCOINDIA,Banco Products (I) Limited,2023-01-01..2023-05-01
INE214A01,N,CYBERTECH,Cybertech Systems And Software Limited,2023-01-01..2023-05-01
INE214T01,N,LTM,LTM Limited,2023-01-01..2023-05-01
INE215B01,N,ORCHASP,Orchasp Limited,2024-12-27..2025-02-28
INE215D01,N,MAHEPC,Mahindra EPC Irrigation Limited,2023-01-01..2023-05-01
INE215F01,N,WIPL,The Western India Plywoods Limited,2023-01-01..2023-05-01
INE215I01,N,MAANALU,Maan Aluminium Limited,2023-01-01..2023-05-01
INE216A01,N,BRITANNIA,Britannia Industries Limited,2023-01-01..2023-05-01
INE216D01,N,KSERASERA,KSS Limited,2023-01-01..2023-05-01
INE216H01,N,EDUCOMP,Educomp Solutions Limited,2023-01-01..2023-05-01
INE216P01,F,AAVAS,Aavas Financiers Limited,2023-01-01..2023-05-01
INE217A01,N,ZUARIIND,ZUARI INDUSTRIES LIMITED,2023-01-01..2023-05-01
INE217B01,N,KAJARIACER,Kajaria Ceramics Limited,2023-01-01..2023-05-01
INE217G01,N,EQUIPPP,Equippp Social Impact Technologies Limited,2023-01-01..2023-05-01
INE217K07,F,RHFL,Reliance Home Finance Limited,2023-01-01..2023-05-01
INE217L01,N,SHRIRAMPPS,Shriram Properties Limited,2023-01-01..2023-05-01
INE218C01,N,AUSOMENT,Ausom Enterprise Limited,2023-01-01..2023-05-01
INE218G01,N,PALREDTEC,Palred Technologies Limited,2023-01-01..2023-05-01
INE220B01,N,KPIL,Kalpataru Projects International Limited,2023-01-01..2023-05-01
INE220G01,N,JSL,Jindal Stainless Limited,2023-01-01..2023-05-01
INE220J01,N,FCONSUMER,Future Consumer Limited,2023-01-01..2023-05-01
INE220Q01,N,MUFTI,Credo Brands Marketing Limited,2023-12-30..2024-04-28
INE221B01,N,DYNAMATECH,Dynamatic Technologies Limited,2023-01-01..2023-05-01
INE221H01,N,GTLINFRA,GTL Infrastructure Limited,2023-01-01..2023-05-01
INE221I01,N,CELESTIAL,Celestial Biolabs Limited,2023-01-01..2023-05-01
INE221J01,N,SHARDACROP,Sharda Cropchem Limited,2023-01-01..2023-05-01
INE222J01,N,RANEENGINE,Rane Engine Valve Limited,2023-01-01..2023-05-01
INE224A01,N,GREAVESCOT,Greaves Cotton Limited,2023-01-01..2023-05-01
INE224E01,N,GATECH,GACM Technologies Limited,2023-01-01..2023-05-01
INE224M01,N,BGLOBAL,Bharatiya Global Infomedia Limited,2023-01-01..2023-05-01
INE225C01,N,UDAICEMENT,Udaipur Cement Works Limited,2024-04-29..2024-08-27
INE225D01,N,SYMPHONY,Symphony Limited,2023-01-01..2023-05-01
INE226A01,N,VOLTAS,Voltas Limited,2023-01-01..2023-05-01
INE226H01,N,SADBHAV,Sadbhav Engineering Limited,2023-01-01..2023-05-01
INE227C01,N,MMFL,MM Forgings Limited,2023-05-02..2023-08-30
INE227G01,N,INDOWIND,Indowind Energy Limited,2023-01-01..2023-05-01
INE227W01,N,CLEAN,Clean Science and Technology Limited,2023-01-01..2023-05-01
INE228A01,N,USHAMART,Usha Martin Limited,2023-01-01..2023-05-01
INE228I01,N,ASAHISONG,Asahi Songwon Colors Limited,2023-01-01..2023-05-01
INE229A01,N,ONWARDTEC,Onward Technologies Limited,2023-01-01..2023-05-01
INE229C01,N,SAGCEM,Sagar Cements Limited,2023-01-01..2023-05-01
INE229H01,N,NITINSPIN,Nitin Spinners Limited,2023-01-01..2023-05-01
INE230A01,N,EIHOTEL,EIH Limited,2023-01-01..2023-05-01
INE230B01,N,CREATIVEYE,Creative Eye Limited,2023-01-01..2023-05-01
INE230R01,N,RAMASTEEL,Rama Steel Tubes Limited,2023-01-01..2023-05-01
INE231C01,N,SHREYANIND,Shreyans Industries Limited,2023-01-01..2023-05-01
INE231F01,N,SASKEN,Sasken Technologies Limited,2023-01-01..2023-05-01
INE231G01,N,ORBTEXP,Orbit Exports Limited,2023-01-01..2023-05-01
INE232A01,N,SHREDIGCEM,Shree Digvijay Cement Co.Ltd,2023-01-01..2023-05-01
INE232I01,N,SPARC,Sun Pharma Advanced Research Company Limited,2023-01-01..2023-05-01
INE233A01,N,GODREJIND,Godrej Industries Limited,2023-01-01..2023-05-01
INE233B01,N,BLUEDART,Blue Dart Express Limited,2023-01-01..2023-05-01
INE234I01,N,KAUSHALYA,Kaushalya Infrastructure Development Corporation Limited,2023-01-01..2023-05-01
INE235A01,N,FINCABLES,Finolex Cables Limited,2023-01-01..2023-05-01
INE235C01,N,SUMEETINDS,Sumeet Industries Limited,2023-01-01..2023-05-01
INE236A01,N,HCL-INSYS,HCL Infosystems Limited,2023-01-01..2023-05-01
INE236G01,N,TVSELECT,TVS Electronics Limited,2023-01-01..2023-05-01
INE236Y01,N,NGIL,Nakoda Group of Industries Limited,2023-01-01..2023-05-01
INE237A01,B,KOTAKBANK,Kotak Mahindra Bank Limited,2023-01-01..2023-05-01
INE238A01,B,AXISBANK,Axis Bank Limited,2023-01-01..2023-05-01
INE239A01,N,NESTLEIND,Nestle India Limited,2023-08-31..2023-12-29
INE239C01,N,STYLAMIND,Stylam Industries Limited,2023-01-01..2023-05-01
INE239D01,N,OMINFRAL,OM INFRA LIMITED,2023-01-01..2023-05-01
INE240C01,N,UMESLTD,Usha Martin Education & Solutions Limited,2023-01-01..2023-05-01
INE242A01,N,IOC,Indian Oil Corporation Limited,2023-01-01..2023-05-01
INE242C01,N,ANANTRAJ,Anant Raj Limited,2023-01-01..2023-05-01
INE243D01,N,BFUTILITIE,BF Utilities Limited,2023-01-01..2023-05-01
INE244A01,N,DENORA,De Nora India Limited,2023-01-01..2023-05-01
INE244B01,N,PATELENG,Patel Engineering Limited,2023-01-01..2023-05-01
INE244J01,N,RBL,Rane Brake Lining Limited,2023-01-01..2023-05-01
INE244O01,N,UNIPARTS,Uniparts India Limited,2023-01-01..2023-05-01
INE245A01,N,TATAPOWER,Tata Power Company Limited,2023-01-01..2023-05-01
INE245C01,N,LEEL,LEEL Electricals Limited,2024-08-28..2024-12-26
INE245I01,F,NAGREEKCAP,Nagreeka Capital & Infrastructure Limited,2023-05-02..2023-08-30
INE246B01,N,RAMCOSYS,Ramco Systems Limited,2023-01-01..2023-05-01
INE246F01,N,GSPL,Gujarat State Petronet Limited,2023-05-02..2023-08-30
INE247401,N,PREMIERPOL,Premier Polyfilm Limited,2023-01-01..2023-05-01
INE247D01,N,JINDWORLD,Jindal Worldwide Limited,2023-01-01..2023-05-01
INE247M01,N,SPECIALITY,Speciality Restaurants Limited,2023-01-01..2023-05-01
INE248A01,N,ITI,ITI Limited,2023-01-01..2023-05-01
INE249C01,N,FEDDERELEC,Fedders Electric and Engineering Limited,2023-01-01..2023-05-01
INE249Z01,N,MAZDOCK,Mazagon Dock Shipbuilders Limited,2023-01-01..2023-05-01
INE250A01,F,KIRLOSIND,Kirloskar Industries Limited,2023-01-01..2023-05-01
INE250B01,N,VINYLINDIA,Vinyl Chemicals (India) Limited,2023-01-01..2023-05-01
INE250K01,N,DLINKINDIA,D-Link (India) Limited,2023-01-01..2023-05-01
INE250Z01,N,INDOUS,Indo Us Biotech Limited,2024-08-28..2024-12-26
INE251B01,N,ZENTEC,Zen Technologies Limited,2023-01-01..2023-05-01
INE251C01,N,ABMINTLLTD,ABM International Limited,2023-01-01..2023-05-01
INE251H01,N,GVKPIL,GVK Power & Infrastructure Limited,2023-01-01..2023-05-01
INE253A01,N,HINDMOTORS,Hindustan Motors Limited,2023-01-01..2023-05-01
INE253B01,N,21STCENMGM,21st Century Management Services Limited,2023-01-01..2023-05-01
INE254N01,N,HNDFDS,Hindustan Foods Limited,2023-05-02..2023-08-30
INE255A01,N,EPL,EPL Limited,2023-01-01..2023-05-01
INE255D01,N,GULPOLY,Gulshan Polyols Limited,2023-01-01..2023-05-01
INE255X01,N,MSTCLTD,Mstc Limited,2023-01-01..2023-05-01
INE255Z01,N,E2E,E2E Networks Limited,2023-01-01..2023-05-01
INE256A01,N,ZEEL,Zee Entertainment Enterprises Limited,2023-01-01..2023-05-01
INE256C01,N,TRIVENI,Triveni Engineering & Industries Limited,2023-01-01..2023-05-01
INE256H01,N,DYNPRO,Dynemic Products Limited,2023-01-01..2023-05-01
INE256Z01,N,AKSHAR,Akshar Spintex Limited,2023-01-01..2023-05-01
INE257A01,N,BHEL,Bharat Heavy Electricals Limited,2023-01-01..2023-05-01
INE258A01,N,BEML,BEML Limited,2023-01-01..2023-05-01
INE258B01,N,FDC,FDC Limited,2023-01-01..2023-05-01
INE258G01,N,SUMICHEM,Sumitomo Chemical India Limited,2023-01-01..2023-05-01
INE258Y01,N,LGHL,Laxmi Goldorna House Limited,2023-12-30..2024-04-28
INE259A01,N,COLPAL,Colgate Palmolive (India) Limited,2023-01-01..2023-05-01
INE259B01,N,GAMMONIND,Gammon India Limited,2023-01-01..2023-05-01
INE260B01,N,GODFRYPHLP,Godfrey Phillips India Limited,2023-01-01..2023-05-01
INE260D01,N,OLECTRA,Olectra Greentech Limited,2023-01-01..2023-05-01
INE262A01,N,HMT,HMT Limited,2023-01-01..2023-05-01
INE262H01,N,PERSISTENT,Persistent Systems Limited,2023-01-01..2023-05-01
INE262Z01,N,LATTEYS,Latteys Industries Limited,2023-05-02..2023-08-30
INE263A01,N,BEL,Bharat Electronics Limited,2023-01-01..2023-05-01
INE263M01,N,RUSTOMJEE,Keystone Realtors Limited,2023-01-01..2023-05-01
INE263W01,N,MAHESHWARI,Maheshwari Logistics Limited,2023-05-02..2023-08-30
INE264T01,N,CAPACITE,Capacit'e Infraprojects Limited,2023-01-01..2023-05-01
INE265F01,N,ENIL,Entertainment Network (India) Limited,2023-01-01..2023-05-01
INE266F01,N,APTECHT,Aptech Limited,2023-01-01..2023-05-01
INE266Y01,N,DPABHUSHAN,D. P. Abhushan Limited,2023-01-01..2023-05-01
INE267A01,N,HINDZINC,Hindustan Zinc Limited,2023-01-01..2023-05-01
INE267I01,N,ARSSINFRA,ARSS Infrastructure Projects Limited,2023-01-01..2023-05-01
INE268B01,N,KREBSBIO,Krebs Biochemicals and Industries Limited,2023-01-01..2023-05-01
INE268H01,N,NAVKARURB,Navkar Urbanstructure Limited,2024-12-27..2025-02-28
INE268L01,N,SHEKHAWATI,Shekhawati Industries Limited,2023-01-01..2023-05-01
INE269A01,N,SONATSOFTW,Sonata Software Limited,2023-01-01..2023-05-01
INE269B01,N,LMW,LMW Limited,2023-01-01..2023-05-01
INE270A01,N,ALOKINDS,Alok Industries Limited,2023-01-01..2023-05-01
INE270I01,N,VISHNU,Vishnu Chemicals Limited,2023-01-01..2023-05-01
INE271B01,N,MAHSEAMLES,Maharashtra Seamless Limited,2023-01-01..2023-05-01
INE271C01,N,DLF,DLF Limited,2023-01-01..2023-05-01
INE272L01,N,SURANASOL,Surana Solar Limited,2023-01-01..2023-05-01
INE273D01,N,VGL,VARVEE GLOBAL LIMITED,2023-01-01..2023-05-01
INE274C01,N,WENDT,Wendt (India) Limited,2023-01-01..2023-05-01
INE274F01,F,WESTLIFE,WESTLIFE FOODWORLD LIMITED,2023-05-02..2023-08-30
INE274G01,F,DHANI,Dhani Services Limited,2023-01-01..2023-05-01
INE274J01,N,OIL,Oil India Limited,2023-01-01..2023-05-01
INE274V01,N,SHANKARA,Shankara Building Products Limited,2023-01-01..2023-05-01
INE275B01,N,HUHTAMAKI,Huhtamaki India Limited,2023-01-01..2023-05-01
INE275D01,N,AMNPLST,Amines & Plasticizers Limited,2023-12-30..2024-04-28
INE275F01,N,UNIVAFOODS,Univa Foods Limited,2023-01-01..2023-05-01
INE276A01,N,GARFIBRES,Garware Technical Fibres Limited,2023-01-01..2023-05-01
INE276C01,N,EIHAHOTELS,EIH Associated Hotels Limited,2023-01-01..2023-05-01
INE276G01,N,ASIANENE,Asian Energy Services Limited,2023-01-01..2023-05-01
INE277A01,N,SWARAJENG,Swaraj Engines Limited,2023-01-01..2023-05-01
INE277B01,N,PUNJABCHEM,Punjab Chemicals & Crop Protection Limited,2023-01-01..2023-05-01
INE277C01,N,REGENCERAM,Regency Ceramics Limited,2023-01-01..2023-05-01
INE278B01,N,RAMANEWS,Shree Rama Newsprint Limited,2023-01-01..2023-05-01
INE278G01,N,CYBERMEDIA,Cyber Media (India) Limited,2023-01-01..2023-05-01
INE278H01,N,SANDHAR,Sandhar Technologies Limited,2023-01-01..2023-05-01
INE278M01,N,NAVKARCORP,Navkar Corporation Limited,2023-01-01..2023-05-01
INE278R01,N,DHARAN,DHARAN INFRA-EPC LIMITED,2023-05-02..2023-08-30
INE278Y01,N,CAMPUS,Campus Activewear Limited,2023-01-01..2023-05-01
INE279A01,N,UNIVCABLES,Universal Cables Limited,2023-01-01..2023-05-01
INE280A01,N,TITAN,Titan Company Limited,2023-01-01..2023-05-01
INE280H01,N,SAHYADRI,Sahyadri Industries Limited,2023-05-02..2023-08-30
INE281A01,N,CENTEXT,Century Extrusions Limited,2023-01-01..2023-05-01
INE281B01,N,LLOYDSME,Lloyds Metals And Energy Limited,2023-05-02..2023-08-30
INE283A01,N,PRECOT,Precot Limited,2023-01-01..2023-05-01
INE283H01,N,ROHLTD,Royal Orchid Hotels Limited,2023-01-01..2023-05-01
INE284A01,N,ESABINDIA,Esab India Limited,2023-01-01..2023-05-01
INE284H01,N,DAMCAPITAL,Dam Capital Advisors Limited,2024-12-27..2025-02-28
INE284S01,N,SJS,S.J.S. Enterprises Limited,2023-01-01..2023-05-01
INE285A01,N,ELGIEQUIP,Elgi Equipments Limited,2023-01-01..2023-05-01
INE285H01,N,ATLANTAA,ATLANTAA LIMITED,2023-01-01..2023-05-01
INE285J01,N,SIS,SIS LIMITED,2023-01-01..2023-05-01
INE285K01,N,TECHNOE,Techno Electric & Engineering Company Limited,2023-01-01..2023-05-01
INE286H01,N,VISACHROME,VISA Chrome Limited,2023-01-01..2023-05-01
INE287B01,N,SUBROS,Subros Limited,2023-01-01..2023-05-01
INE287C01,N,MICEL,MIC Electronics Limited,2023-05-02..2023-08-30
INE287Z01,N,GAYAHWS,Gayatri Highways Limited,2023-05-02..2023-08-30
INE288A01,F,MAHSCOOTER,Maharashtra Scooters Limited,2023-01-01..2023-05-01
INE288B01,N,DEEPAKNTR,Deepak Nitrite Limited,2023-01-01..2023-05-01
INE289A01,N,NAHARINDUS,Nahar Industrial Enterprises Limited,2023-01-01..2023-05-01
INE289B01,F,GICHSGFIN,GIC Housing Finance Limited,2023-01-01..2023-05-01
INE289C01,N,TEAMGTY,Team India Guaranty Limited,2023-01-01..2023-05-01
INE290A01,N,NAHARSPING,Nahar Spinning Mills Limited,2023-01-01..2023-05-01
INE290S01,N,CARTRADE,Cartrade Tech Limited,2023-01-01..2023-05-01
INE291A01,N,GRWRHITECH,Garware Hi-Tech Films Limited,2023-01-01..2023-05-01
INE291D01,N,KDDL,KDDL Limited,2023-01-01..2023-05-01
INE291W01,N,GLOBAL,Global Education Limited,2023-01-01..2023-05-01
INE292B01,N,HBLENGINE,HBL Engineering Limited,2023-01-01..2023-05-01
INE293A01,N,ROLTA,Rolta India Limited,2024-12-27..2025-02-28
INE293B01,N,HAVISHA,Sri Havisha Hospitality and Infrastructure Limited,2023-01-01..2023-05-01
INE294A01,N,BALLARPUR,Ballarpur Industries Limited,2023-12-30..2024-04-28
INE294B01,N,SMLMAH,SML Mahindra Limited,2023-01-01..2023-05-01
INE294G01,N,ROML,Raj Oil Mills Limited,2023-01-01..2023-05-01
INE294Z01,N,ANUP,The Anup Engineering Limited,2023-01-01..2023-05-01
INE295A01,N,EVERESTIND,Everest Industries Limited,2023-01-01..2023-05-01
INE295D01,N,NACLIND,NACL Industries Limited,2023-01-01..2023-05-01
INE295F01,N,BUTTERFLY,Butterfly Gandhimathi Appliances Limited,2023-01-01..2023-05-01
INE296A01,N,BAJFINANCE,Bajaj Finance Limited,2023-01-01..2023-05-01
INE296C01,N,FIBERWEB,Fiberweb (India) Limited,2023-01-01..2023-05-01
INE296G01,F,MUTHOOTCAP,Muthoot Capital Services Limited,2023-01-01..2023-05-01
INE296H01,F,EMKAY,Emkay Global Financial Services Limited,2023-01-01..2023-05-01
INE297H01,N,GALLANTT,Gallantt Ispat Limited,2023-01-01..2023-05-01
INE298A01,N,CUMMINSIND,Cummins India Limited,2023-01-01..2023-05-01
INE298G01,N,AJMERA,Ajmera Realty & Infra India Limited,2023-01-01..2023-05-01
INE298I01,N,ARIES,Aries Agro Limited,2023-01-01..2023-05-01
INE298J01,F,NAM-INDIA,Nippon Life India Asset Management Limited,2023-01-01..2023-05-01
INE299U01,N,CROMPTON,Crompton Greaves Consumer Electricals Limited,2023-01-01..2023-05-01
INE301A01,N,RAYMOND,Raymond Limited,2023-01-01..2023-05-01
INE301D01,N,RUBYMILLS,The Ruby Mills Limited,2023-01-01..2023-05-01
INE302A01,N,EXIDEIND,Exide Industries Limited,2023-01-01..2023-05-01
INE303A01,N,DICIND,DIC India Limited,2023-01-01..2023-05-01
INE303R01,N,KALYANKJIL,Kalyan Jewellers India Limited,2023-01-01..2023-05-01
INE304A01,N,MUKANDLTD,Mukand Limited,2023-01-01..2023-05-01
INE305A01,F,TFCILTD,Tourism Finance Corporation of India Limited,2023-01-01..2023-05-01
INE305C01,N,PANAMAPET,Panama Petrochem Limited,2023-01-01..2023-05-01
INE306A01,N,BAJAJHIND,Bajaj Hindusthan Sugar Limited,2023-01-01..2023-05-01
INE306C01,N,ENERGYDEV,Energy Development Company Limited,2023-01-01..2023-05-01
INE306L01,N,QUICKHEAL,Quick Heal Technologies Limited,2023-01-01..2023-05-01
INE306R01,N,INTELLECT,Intellect Design Arena Limited,2023-01-01..2023-05-01
INE308A01,N,NAHARPOLY,Nahar Poly Films Limited,2023-01-01..2023-05-01
INE308E01,N,SVPGLOB,SVP GLOBAL TEXTILES LIMITED,2023-01-01..2023-05-01
INE310A01,N,NILKAMAL,Nilkamal Limited,2023-01-01..2023-05-01
INE310C01,N,HINDCOMPOS,Hindustan Composites Limited,2023-01-01..2023-05-01
INE312C01,N,SYNCOMF,Syncom Formulations (India) Limited,2023-05-02..2023-08-30
INE312H01,N,INOXLEISUR,INOX Leisure Limited,2023-01-01..2023-05-01
INE313D01,N,MOHOTAIND,Mohota Industries Limited,2023-01-01..2023-05-01
INE314C01,N,SOMATEX,Soma Textiles & Industries Limited,2023-01-01..2023-05-01
INE314G01,N,KALYANIFRG,Kalyani Forge Limited,2023-05-02..2023-08-30
INE314T01,N,GOKULAGRO,Gokul Agro Resources Limited,2023-01-01..2023-05-01
INE316L01,N,BHARATWIRE,Bharat Wire Ropes Limited,2023-01-01..2023-05-01
INE317F01,N,NESCO,Nesco Limited,2023-01-01..2023-05-01
INE317I01,N,METROBRAND,Metro Brands Limited,2023-01-01..2023-05-01
INE318A01,N,PIDILITIND,Pidilite Industries Limited,2023-01-01..2023-05-01
INE318D01,N,ZENITHSTL,Zenith Steel Pipes & Industries Limited,2023-01-01..2023-05-01
INE319B01,N,BYKE,The Byke Hospitality Ltd,2023-01-01..2023-05-01
INE319Y01,N,TIRUPATIFL,Tirupati Forge Limited,2023-01-01..2023-05-01
INE319Z01,N,SUPREMEENG,Supreme Engineering Limited,2023-01-01..2023-05-01
INE320B01,N,CENTUM,Centum Electronics Limited,2023-01-01..2023-05-01
INE320J01,N,RITES,RITES Limited,2023-01-01..2023-05-01
INE320L01,F,DHUNINV,Dhunseri Investments Limited,2023-01-01..2023-05-01
INE320X01,N,HALEOSLABS,HALEOS LABS LIMITED,2023-01-01..2023-05-01
INE321D01,N,OCCL,Oriental Carbon & Chemicals Limited,2023-01-01..2023-05-01
INE321T01,N,DOMS,DOMS Industries Limited,2023-12-30..2024-04-28
INE322A01,N,GILLETTE,Gillette India Limited,2023-01-01..2023-05-01
INE323A01,N,BOSCHLTD,Bosch Limited,2023-01-01..2023-05-01
INE323B01,F,AVONMORE,Avonmore Capital & Management Services Limited,2023-01-01..2023-05-01
INE323C01,N,INDIANHUME,Indian Hume Pipe Company Limited,2023-01-01..2023-05-01
INE323I01,N,PURVA,Puravankara Limited,2023-01-01..2023-05-01
INE323J01,N,SOMICONVEY,Somi Conveyor Beltings Limited,2023-01-01..2023-05-01
INE324A01,N,JINDALSAW,Jindal Saw Limited,2023-01-01..2023-05-01
INE324L01,N,RPPINFRA,R.P.P. Infra Projects Limited,2023-01-01..2023-05-01
INE324X01,N,SARVESHWAR,Sarveshwar Foods Limited,2023-01-01..2023-05-01
INE325A01,N,TIMKEN,Timken India Limited,2023-01-01..2023-05-01
INE325C01,N,DOLLAR,Dollar Industries Limited,2023-01-01..2023-05-01
INE325D01,N,SINDHUTRAD,Sindhu Trade Links Limited,2023-05-02..2023-08-30
INE326A01,N,LUPIN,Lupin Limited,2023-01-01..2023-05-01
INE326B01,F,ALMONDZ,Almondz Global Securities Limited,2023-01-01..2023-05-01
INE326T01,N,NIRAJISPAT,Niraj Ispat Industries Limited,2023-01-01..2023-05-01
INE330H01,N,RCOM,Reliance Communications Limited,2023-01-01..2023-05-01
INE330T01,N,HAPPYFORGE,Happy Forgings Limited,2023-12-30..2024-04-28
INE331A01,N,RAMCOCEM,The Ramco Cements Limited,2023-01-01..2023-05-01
INE332A01,N,THOMASCOOK,Thomas Cook  (India)  Limited,2023-01-01..2023-05-01
INE332H01,N,INDOTECH,Indo Tech Transformers Limited,2023-01-01..2023-05-01
INE333I01,N,NEUEON,Neueon Corporation Limited,2023-12-30..2024-04-28
INE334A01,N,STERTOOLS,Sterling Tools Limited,2023-01-01..2023-05-01
INE334L01,F,UJJIVAN,Ujjivan Financial Services Limited,2023-01-01..2023-05-01
INE335A01,N,SURYAROSNI,Surya Roshni Limited,2023-01-01..2023-05-01
INE335K01,N,COFFEEDAY,Coffee Day Enterprises Limited,2023-01-01..2023-05-01
INE335W01,F,GANGESSECU,Ganges Securities Limited,2023-01-01..2023-05-01
INE335Y01,N,IRCTC,Indian Railway Catering And Tourism Corporation Limited,2023-01-01..2023-05-01
INE336H01,N,GAYAPROJ,Gayatri Projects Limited,2023-01-01..2023-05-01
INE336X01,N,TOTAL,Total Transport Systems Limited,2023-01-01..2023-05-01
INE337A01,N,LGBBROSLTD,LG Balakrishnan & Bros Limited,2023-01-01..2023-05-01
INE337M01,F,INDOTHAI,Indo Thai Securities Limited,2023-01-01..2023-05-01
INE338A01,N,TIRUMALCHM,Thirumalai Chemicals Limited,2023-01-01..2023-05-01
INE338D01,N,BODALCHEM,Bodal Chemicals Limited,2023-01-01..2023-05-01
INE338H01,N,CONCORDBIO,Concord Biotech Limited,2023-08-31..2023-12-29
INE338I01,F,MOTILALOFS,Motilal Oswal Financial Services Limited,2023-01-01..2023-05-01
INE340A01,N,BIRLACORPN,Birla Corporation Limited,2023-01-01..2023-05-01
INE342A01,N,PREMIER,Premier Limited,2023-05-02..2023-08-30
INE342G01,N,NIITMTS,NIIT Learning Systems Limited,2023-05-02..2023-08-30
INE342J01,N,ZFCVINDIA,ZF Commercial Vehicle Control Systems India Limited,2023-01-01..2023-05-01
INE343B01,F,RAJESHEXPO,Rajesh Exports Limited,2023-01-01..2023-05-01
INE343G01,N,BHARTIHEXA,Bharti Hexacom Limited,2024-04-29..2024-08-27
INE343H01,N,SOLARINDS,Solar Industries India Limited,2023-01-01..2023-05-01
INE344S01,N,INFOBEAN,InfoBeans Technologies Limited,2023-01-01..2023-05-01
INE345A01,N,HINDOILEXP,Hindustan Oil Exploration Company Limited,2023-01-01..2023-05-01
INE345B01,N,CEREBRAINT,Cerebra Integrated Technologies Limited,2023-01-01..2023-05-01
INE346301,N,TECILCHEM,TECIL Chemicals and Hydro Power Limited,2023-01-01..2023-05-01
INE346W01,N,APEX,Apex Frozen Foods Limited,2023-01-01..2023-05-01
INE347A01,N,MANGLMCEM,Mangalam Cement Limited,2023-01-01..2023-05-01
INE347G01,N,PETRONET,Petronet LNG Limited,2023-01-01..2023-05-01
INE347W01,N,MAGADSUGAR,Magadh Sugar & Energy Limited,2023-01-01..2023-05-01
INE348A01,N,ASHAPURMIN,Ashapura Minechem Limited,2023-01-01..2023-05-01
INE348B01,N,CENTURYPLY,Century Plyboards (India) Limited,2023-01-01..2023-05-01
INE348L01,F,MASFIN,MAS Financial Services Limited,2023-01-01..2023-05-01
INE349A01,N,NRBBEARING,NRB Bearing Limited,2023-01-01..2023-05-01
INE349W01,N,AVADHSUGAR,Avadh Sugar & Energy Limited,2023-01-01..2023-05-01
INE349Y01,N,IDEAFORGE,Ideaforge Technology Limited,2023-05-02..2023-08-30
INE350C01,N,OPTIEMUS,Optiemus Infracom Limited,2023-01-01..2023-05-01
INE350H01,N,BLKASHYAP,B. L. Kashyap and Sons Limited,2023-01-01..2023-05-01
INE350Z01,N,GLOSTERLTD,Gloster Limited,2024-04-29..2024-08-27
INE351A01,N,UNICHEMLAB,Unichem Laboratories Limited,2023-01-01..2023-05-01
INE351F01,N,JPPOWER,Jaiprakash Power Ventures Limited,2023-05-02..2023-08-30
INE352A01,N,VALUEIND,Value Industries Limited,2023-05-02..2023-08-30
INE353A01,N,NDLVENTURE,NDL Ventures Limited,2023-01-01..2023-05-01
INE353H01,N,SGL,STL Global Limited,2023-01-01..2023-05-01
INE353K01,N,ITDC,India Tourism Development Corporation Limited,2023-01-01..2023-05-01
INE354C01,N,BHAGERIA,Bhageria Industries Limited,2023-01-01..2023-05-01
INE355A01,N,SOMANYCERA,Somany Ceramics Limited,2023-01-01..2023-05-01
INE356A01,N,MPHASIS,MphasiS Limited,2023-01-01..2023-05-01
INE358U01,N,ZOTA,Zota Health Care LImited,2023-05-02..2023-08-30
INE360C01,N,DPSCLTD,DPSC Limited,2023-01-01..2023-05-01
INE360L01,N,FMNL,Future Market Networks Limited,2023-01-01..2023-05-01
INE361B01,N,DIVISLAB,Divi's Laboratories Limited,2023-01-01..2023-05-01
INE362A01,N,PVP,PVP Ventures Limited,2023-01-01..2023-05-01
INE363A01,N,ASIANHOTNR,Asian Hotels (North) Limited,2023-01-01..2023-05-01
INE363M01,N,SHEMAROO,Shemaroo Entertainment Limited,2023-01-01..2023-05-01
INE364A01,N,JAYSREETEA,Jayshree Tea & Industries Limited,2023-01-01..2023-05-01
INE364U01,N,ADANIGREEN,Adani Green Energy Limited,2023-01-01..2023-05-01
INE364Z01,N,REPL,Rudrabhishek Enterprises Limited,2023-01-01..2023-05-01
INE365B01,N,DATAMATICS,Datamatics Global Services Limited,2023-01-01..2023-05-01
INE365D01,N,ASHIANA,Ashiana Housing Limited,2023-01-01..2023-05-01
INE365I01,F,NBIFIN,N. B. I. Industrial Finance Company Limited,2023-01-01..2023-05-01
INE366A01,N,DWARKESH,Dwarikesh Sugar Industries Limited,2023-01-01..2023-05-01
INE366I01,N,VRLLOG,VRL Logistics Limited,2023-01-01..2023-05-01
INE367G01,N,PFOCUS,Prime Focus Limited,2023-01-01..2023-05-01
INE368I01,N,NIRAJ,Niraj Cement Structurals Limited,2023-01-01..2023-05-01
INE368U01,N,UNITEDPOLY,United Polyfab Gujarat Limited,2023-01-01..2023-05-01
INE369A01,N,EXCELINDUS,Excel Industries Limited,2023-01-01..2023-05-01
INE369C01,N,NORBTEAEXP,Norben Tea & Exports Limited,2023-01-01..2023-05-01
INE369I01,N,IL&FSENGG,IL&FS Engineering and Construction Company Limited,2023-01-01..2023-05-01
INE370D01,N,MANORG,Mangalam Organics Limited,2023-01-01..2023-05-01
INE370E01,N,VIVIDHA,Visagar Polytex Limited,2023-01-01..2023-05-01
INE371A01,N,GRAPHITE,Graphite India Limited,2023-01-01..2023-05-01
INE371C01,N,PODDARMENT,Poddar Pigments Limited,2023-01-01..2023-05-01
INE371P01,N,AMBER,Amber Enterprises India Limited,2023-01-01..2023-05-01
INE372A01,N,APARINDS,Apar Industries Limited,2023-01-01..2023-05-01
INE372C01,N,PRECWIRE,Precision Wires India Limited,2023-01-01..2023-05-01
INE373A01,N,BASF,BASF India Limited,2023-01-01..2023-05-01
INE374B01,N,MUKTAARTS,Mukta Arts Limited,2023-01-01..2023-05-01
INE375Y01,N,RELIABLE,Reliable Data Services Limited,2024-04-29..2024-08-27
INE376G01,N,BIOCON,Biocon Limited,2023-01-01..2023-05-01
INE377E01,N,COASTCORP,Coastal Corporation Limited,2023-01-01..2023-05-01
INE377N01,N,WAAREEENER,Waaree Energies Limited,2024-08-28..2024-12-26
INE377Y01,F,BAJAJHFL,Bajaj Housing Finance Limited,2024-08-28..2024-12-26
INE378D01,N,MADHUCON,Madhucon Projects Limited,2023-01-01..2023-05-01
INE382M01,N,UFBL,United Foodbrands Limited,2023-01-01..2023-05-01
INE382T01,N,GVPTECH,GVP Infotech Limited,2023-01-01..2023-05-01
INE382Z01,N,GRSE,Garden Reach Shipbuilders & Engineers Limited,2023-01-01..2023-05-01
INE383A01,N,INDIACEM,The India Cements Limited,2023-01-01..2023-05-01
INE383H01,N,MALUPAPER,Malu Paper Mills Limited,2023-01-01..2023-05-01
INE384A01,N,RANEHOLDIN,Rane Holdings Limited,2023-05-02..2023-08-30
INE384C01,N,YUKEN,Yuken India Limited,2023-01-01..2023-05-01
INE385C01,N,SARDAEN,Sarda Energy & Minerals Limited,2023-01-01..2023-05-01
INE385I01,N,ALPA,Alpa Laboratories Limited,2023-01-01..2023-05-01
INE385W01,N,DCAL,Dishman Carbogen Amcis Limited,2023-01-01..2023-05-01
INE386A01,N,VESUVIUS,Vesuvius India Limited,2023-01-01..2023-05-01
INE386C01,N,ASTRAMICRO,Astra Microwave Products Limited,2023-01-01..2023-05-01
INE386D01,N,SBCL,Shivalik Bimetal Controls Limited,2023-01-01..2023-05-01
INE387A01,N,SUNDRMFAST,Sundram Fasteners Limited,2023-01-01..2023-05-01
INE387I01,N,MAGNUM,Magnum Ventures Limited,2023-01-01..2023-05-01
INE388A01,N,GANESHBE,Ganesh Benzoplast Limited,2023-01-01..2023-05-01
INE388G01,N,TANTIACONS,Tantia Constructions Limited,2023-01-01..2023-05-01
INE388Y01,N,NYKAA,FSN E-Commerce Ventures Limited,2023-01-01..2023-05-01
INE389C01,N,MALLCOM,Mallcom (India) Limited,2023-01-01..2023-05-01
INE389H01,N,KEC,KEC International Limited,2023-01-01..2023-05-01
INE389K01,F,WELINV,Welspun Investments and Commercials Limited,2023-01-01..2023-05-01
INE390G01,N,GPTINFRA,GPT Infraprojects Limited,2023-01-01..2023-05-01
INE390H01,N,KAMDHENU,Kamdhenu Limited,2023-01-01..2023-05-01
INE391D01,N,TRF,TRF Limited,2023-01-01..2023-05-01
INE391J01,N,JTLIND,JTL INDUSTRIES LIMITED,2023-05-02..2023-08-30
INE392A01,N,VISAKAIND,Visaka Industries Limited,2023-01-01..2023-05-01
INE392B01,N,PNC,Pritish Nandy Communications Limited,2023-01-01..2023-05-01
INE393A01,N,DELTAMAGNT,Delta Manufacturing Limited,2023-01-01..2023-05-01
INE393P01,N,DIAMONDYD,Prataap Snacks Limited,2023-01-01..2023-05-01
INE395H01,N,STEELCITY,Steel City Securities Limited,2023-01-01..2023-05-01
INE395N01,N,TVSSCS,TVS Supply Chain Solutions Limited,2023-08-31..2023-12-29
INE395U01,N,NINSYS,NINtec Systems Limited,2023-05-02..2023-08-30
INE397D01,N,BHARTIARTL,Bharti Airtel Limited,2023-01-01..2023-05-01
INE397H01,N,LOKESHMACH,Lokesh Machines Limited,2023-01-01..2023-05-01
INE398A01,N,VENKEYS,Venky's (India) Limited,2023-01-01..2023-05-01
INE398B01,N,UMIYA-MRO,UMIYA BUILDCON LIMITED,2023-01-01..2023-05-01
INE398R01,N,SYNGENE,Syngene International Limited,2023-01-01..2023-05-01
INE399C01,N,SUPRAJIT,Suprajit Engineering Limited,2023-01-01..2023-05-01
INE399G01,N,RKFORGE,Ramkrishna Forgings Limited,2023-01-01..2023-05-01
INE399K01,N,RTNPOWER,RattanIndia Power Limited,2023-01-01..2023-05-01
INE399L01,N,ATGL,Adani Total Gas Limited,2023-01-01..2023-05-01
INE401H01,N,KKCL,Kewal Kiran Clothing Limited,2023-01-01..2023-05-01
INE403Y01,N,INNOVANA,Innovana Thinklabs Limited,2024-12-27..2025-02-28
INE404A01,F,ABSLAMC,Aditya Birla Sun Life AMC Limited,2023-01-01..2023-05-01
INE405C01,N,LINCOLN,Lincoln Pharmaceuticals Limited,2023-01-01..2023-05-01
INE405E01,N,UNOMINDA,UNO Minda Limited,2023-01-01..2023-05-01
INE406A01,N,AUROPHARMA,Aurobindo Pharma Limited,2023-01-01..2023-05-01
INE406M01,N,ERIS,Eris Lifesciences Limited,2023-01-01..2023-05-01
INE409B01,N,SWELECTES,Swelect Energy Systems Limited,2023-01-01..2023-05-01
INE410B01,N,VINATIORGA,Vinati Organics Limited,2023-01-01..2023-05-01
INE410P01,N,NH,Narayana Hrudayalaya Ltd.,2023-01-01..2023-05-01
INE411B01,N,VENUSREM,Venus Remedies Limited,2023-01-01..2023-05-01
INE411D01,N,SKMEGGPROD,SKM Egg Products Export (India) Limited,2023-01-01..2023-05-01
INE411H01,N,RSYSTEMS,R Systems International Limited,2023-01-01..2023-05-01
INE411U01,N,BAJAJHCARE,Bajaj Healthcare Limited,2023-05-02..2023-08-30
INE411Y01,N,DIL,Debock Industries Limited,2023-01-01..2023-05-01
INE412C01,N,JMA,Jullundur Motor Agency (Delhi) Limited,2023-05-02..2023-08-30
INE412G01,N,BCLIND,Bcl Industries Limited,2023-01-01..2023-05-01
INE412U01,N,BIGBLOC,Bigbloc Construction Limited,2023-01-01..2023-05-01
INE413B01,N,RUCHINFRA,Ruchi Infrastructure Limited,2023-05-02..2023-08-30
INE413G01,N,TPLPLASTEH,TPL Plastech Limited,2023-01-01..2023-05-01
INE414A01,N,MADRASFERT,Madras Fertilizers Limited,2023-01-01..2023-05-01
INE414B01,N,ANTGRAPHIC,Antarctica Limited,2023-01-01..2023-05-01
INE414D01,N,BHAGCHEM,Bhagiradha Chemicals & Industries Limited,2023-01-01..2023-05-01
INE414G01,F,MUTHOOTFIN,Muthoot Finance Limited,2023-01-01..2023-05-01
INE415A01,N,AGI,AGI Greenpac Limited,2023-01-01..2023-05-01
INE415G01,N,RVNL,Rail Vikas Nigam Limited,2023-01-01..2023-05-01
INE415I01,N,KIRIINDUS,Kiri Industries Limited,2023-01-01..2023-05-01
INE416A01,N,SABTN,Sri Adhikari Brothers Television Network Limited,2023-01-01..2023-05-01
INE416D01,N,BLISSGVS,Bliss GVS Pharma Limited,2023-01-01..2023-05-01
INE416L01,N,EROSMEDIA,Eros International Media Limited,2023-01-01..2023-05-01
INE417B01,N,DSSL,Dynacons Systems & Solutions Limited,2023-01-01..2023-05-01
INE417C01,N,PILANIINVS,Pilani Investment and Industries Corporation Limited,2023-01-01..2023-05-01
INE417T01,N,POLICYBZR,PB Fintech Limited,2023-01-01..2023-05-01
INE418H01,N,ALLCARGO,Allcargo Logistics Limited,2023-01-01..2023-05-01
INE418L01,N,NAZARA,Nazara Technologies Limited,2023-01-01..2023-05-01
INE418N01,N,ESSENTIA,Integra Essentia Limited,2023-01-01..2023-05-01
INE419A01,N,KOTARISUG,Kothari Sugars And Chemicals Limited,2023-01-01..2023-05-01
INE419D01,N,CLSEL,Chaman Lal Setia Exports Limited,2023-01-01..2023-05-01
INE419M01,N,TDPOWERSYS,TD Power Systems Limited,2023-01-01..2023-05-01
INE419U01,N,HAPPSTMNDS,Happiest Minds Technologies Limited,2023-01-01..2023-05-01
INE420B01,F,ARIHANTCAP,Arihant Capital Markets Limited,2023-01-01..2023-05-01
INE420C01,N,PAISALO,Paisalo Digital Limited,2023-01-01..2023-05-01
INE421A01,N,ABAN,Aban Offshore Limited,2023-01-01..2023-05-01
INE421C01,N,TVSSRICHAK,TVS Srichakra Limited,2023-01-01..2023-05-01
INE421D01,N,CCL,CCL Products (India) Limited,2023-01-01..2023-05-01
INE422C01,N,TINPLATE,The Tinplate Company of India Limited,2023-01-01..2023-05-01
INE423A01,N,ADANIENT,Adani Enterprises Limited,2023-01-01..2023-05-01
INE423Y01,F,SBFC,SBFC Finance Limited,2023-05-02..2023-08-30
INE424C01,N,GINNIFILA,Ginni Filaments Limited,2023-01-01..2023-05-01
INE424H01,N,SUNTV,Sun TV Network Limited,2023-01-01..2023-05-01
INE425A01,N,METALFORGE,Metalyst Forgings Limited,2023-05-02..2023-08-30
INE425B01,N,BCG,Brightcom Group Limited,2023-01-01..2023-05-01
INE425Y01,N,RPSGVENT,RPSG VENTURES LIMITED,2023-01-01..2023-05-01
INE426A01,N,ALEMBICLTD,Alembic Limited,2023-01-01..2023-05-01
INE426D01,N,GOACARBON,Goa Carbon Limited,2023-01-01..2023-05-01
INE426Z01,N,OBCL,OBCL Limited,2023-05-02..2023-08-30
INE427F01,N,CHALET,Chalet Hotels Limited,2023-01-01..2023-05-01
INE428Q01,B,SURYODAY,Suryoday Small Finance Bank Limited,2023-01-01..2023-05-01
INE429C01,N,SINTEX,Sintex Industries Limited,2023-01-01..2023-05-01
INE429E01,N,SAFARI,Safari Industries (India) Limited,2023-01-01..2023-05-01
INE429F01,N,SKIL,SKIL Infrastructure Limited,2023-01-01..2023-05-01
INE429I01,N,CCCL,Consolidated Construction Consortium Limited,2023-01-01..2023-05-01
INE430N01,N,VISHWARAJ,Vishwaraj Sugar Industries Limited,2023-01-01..2023-05-01
INE431F01,N,PKTEA,The Peria Karamalai Tea & Produce Company Limited,2023-01-01..2023-05-01
INE435A01,N,ANDHRAPAP,ANDHRA PAPER LIMITED,2023-01-01..2023-05-01
INE435C01,N,TEXINFRA,Texmaco Infrastructure & Holdings Limited,2023-01-01..2023-05-01
INE435G01,N,DHANUKA,Dhanuka Agritech Limited,2023-01-01..2023-05-01
INE436A01,N,ANSALAPI,Ansal Properties & Infrastructure Limited,2023-05-02..2023-08-30
INE437A01,N,APOLLOHOSP,Apollo Hospitals Enterprise Limited,2023-01-01..2023-05-01
INE437B01,N,KAKATCEM,Kakatiya Cement Sugar & Industries Limited,2023-01-01..2023-05-01
INE438A01,N,APOLLOTYRE,Apollo Tyres Limited,2023-01-01..2023-05-01
INE438K01,N,KALAMANDIR,Sai Silks (Kalamandir) Limited,2023-08-31..2023-12-29
INE439A01,N,ASAHIINDIA,Asahi India Glass Limited,2023-01-01..2023-05-01
INE439E01,N,SKIPPER,Skipper Limited,2023-01-01..2023-05-01
INE439T01,N,NITIRAJ,Nitiraj Engineers Limited,2023-01-01..2023-05-01
INE440A01,N,ASHIMASYN,Ashima Limited,2023-01-01..2023-05-01
INE440L01,N,TIJARIA,Tijaria Polypipes Limited,2023-01-01..2023-05-01
INE442H01,N,ASHOKA,Ashoka Buildcon Limited,2023-01-01..2023-05-01
INE442P01,N,SUYOG,Suyog Telematics Limited,2024-08-28..2024-12-26
INE445C01,N,XPROINDIA,Xpro India Limited,2023-01-01..2023-05-01
INE446A01,N,ATLASCYCLE,Atlas Cycles (Haryana) Limited,2023-05-02..2023-08-30
INE448G01,N,NATHBIOGEN,Nath Bio-Genes (India) Limited,2023-01-01..2023-05-01
INE449A01,N,AUTOAXLES,Automotive Axles Limited,2023-01-01..2023-05-01
INE449G01,N,AGRITECH,Agri-Tech (India) Limited,2023-01-01..2023-05-01
INE450D01,N,PITTIENG,Pitti Engineering Limited,2023-01-01..2023-05-01
INE450E01,N,SUKHJITS,Sukhjit Starch & Chemicals Limited,2023-01-01..2023-05-01
INE450G01,N,VIPCLOTHNG,VIP Clothing Limited,2023-01-01..2023-05-01
INE450U01,N,ROUTE,ROUTE MOBILE LIMITED,2023-01-01..2023-05-01
INE451A01,N,FORCEMOT,FORCE MOTORS LTD,2023-12-30..2024-04-28
INE451D01,N,RAJRATAN,Rajratan Global Wire Limited,2023-01-01..2023-05-01
INE451F01,N,APOLSINHOT,Apollo Sindoori Hotels Limited,2023-01-01..2023-05-01
INE451L01,N,MAHASTEEL,Mahamaya Steel Industries Limited,2023-01-01..2023-05-01
INE452L01,N,INCREDIBLE,INCREDIBLE INDUSTRIES LIMITED,2023-01-01..2023-05-01
INE453B01,N,COMPUSOFT,Compucom Software Limited,2023-01-01..2023-05-01
INE453D01,N,SARLAPOLY,Sarla Performance Fibers Limited,2023-01-01..2023-05-01
INE454M01,N,NAGAFERT,Nagarjuna Fertilizers and Chemicals Limited,2023-01-01..2023-05-01
INE454P01,N,TRANSRAILL,Transrail Lighting Limited,2024-12-27..2025-02-28
INE455F01,N,JPASSOCIAT,Jaiprakash Associates Limited,2023-01-01..2023-05-01
INE455I01,N,KSCL,Kaveri Seed Company Limited,2023-01-01..2023-05-01
INE455K01,N,POLYCAB,Polycab India Limited,2023-01-01..2023-05-01
INE455T01,N,JSLHISAR,Jindal Stainless (Hisar) Limited,2023-01-01..2023-05-01
INE456C01,N,DFMFOODS,DFM Foods Limited,2023-01-01..2023-05-01
INE456Z01,N,MEDIASSIST,Medi Assist Healthcare Services Limited,2023-12-30..2024-04-28
INE457A01,B,MAHABANK,Bank of Maharashtra,2023-01-01..2023-05-01
INE457F01,N,SALZERELEC,Salzer Electronics Limited,2023-01-01..2023-05-01
INE457L01,N,PGEL,PG Electroplast Limited,2023-01-01..2023-05-01
INE458B01,N,BHAGYANGR,Bhagyanagar India Limited,2023-01-01..2023-05-01
INE458F01,N,UNITEDTEA,The United Nilgiri Tea Estates Company Limited,2023-01-01..2023-05-01
INE459A01,N,BANARISUG,Bannari Amman Sugars Limited,2023-01-01..2023-05-01
INE460C01,N,GANESHHOU,GANESH HOUSING LIMITED,2023-01-01..2023-05-01
INE460H01,N,STARCEMENT,Star Cement Limited,2023-01-01..2023-05-01
INE461B01,N,REPRO,Repro India Limited,2023-01-01..2023-05-01
INE461C01,N,GREENPLY,Greenply Industries Limited,2023-01-01..2023-05-01
INE461D01,N,HLEGLAS,HLE Glascoat Limited,2023-01-01..2023-05-01
INE463301,N,PRUDMOULI,Prudential Sugar Corporation Limited,2023-01-01..2023-05-01
INE463A01,N,BERGEPAINT,Berger Paints (I) Limited,2023-01-01..2023-05-01
INE463V01,N,ANANDRATHI,Anand Rathi Wealth Limited,2023-01-01..2023-05-01
INE464A01,N,BBL,Bharat Bijlee Limited,2023-01-01..2023-05-01
INE465A01,N,BHARATFORG,Bharat Forge Limited,2023-01-01..2023-05-01
INE466L01,N,360ONE,360 ONE WAM LIMITED,2023-01-01..2023-05-01
INE467B01,N,TCS,Tata Consultancy Services Limited,2023-01-01..2023-05-01
INE470A01,N,3MINDIA,3M India Limited,2023-01-01..2023-05-01
INE471W01,N,PALASHSECU,Palash Securities Limited,2023-01-01..2023-05-01
INE472A01,N,BLUESTARCO,Blue Star Limited,2023-01-01..2023-05-01
INE472B01,N,BLUECOAST,Blue Coast Hotels Limited,2023-01-01..2023-05-01
INE472M01,N,MTEDUCARE,MT Educare Limited,2023-01-01..2023-05-01
INE473A01,N,LINDEINDIA,Linde India Limited,2023-05-02..2023-08-30
INE473B01,N,HATSUN,Hatsun Agro Product Limited,2023-01-01..2023-05-01
INE473D01,N,KINGFA,Kingfa Science & Technology (India) Limited,2023-01-01..2023-05-01
INE474C01,N,REMSONSIND,Remsons Industries Limited,2023-01-01..2023-05-01
INE474E01,N,BHANDARI,Bhandari Hosiery Exports Limited,2023-05-02..2023-08-30
INE474I01,N,TULSI,Tulsi Extrusions Limited,2024-08-28..2024-12-26
INE474Q01,N,MEDANTA,Global Health Limited,2023-01-01..2023-05-01
INE475B01,N,HIKAL,Hikal Limited,2023-01-01..2023-05-01
INE475E01,N,CAPLIPOINT,Caplin Point Laboratories Limited,2023-01-01..2023-05-01
INE476A01,B,CANBK,Canara Bank,2023-01-01..2023-05-01
INE477A01,F,CANFINHOME,Can Fin Homes Limited,2023-01-01..2023-05-01
INE477B01,N,DVL,Dhunseri Ventures Limited,2023-01-01..2023-05-01
INE479D01,N,KRITI,Kriti Industries (India) Limited,2023-01-01..2023-05-01
INE480C01,N,SDBL,Som Distilleries & Breweries Limited,2023-01-01..2023-05-01
INE480M01,N,THOMASCOTT,Thomas Scott (India) Limited,2023-01-01..2023-05-01
INE481G01,N,ULTRACEMCO,UltraTech Cement Limited,2023-01-01..2023-05-01
INE481N01,F,HOMEFIRST,Home First Finance Company India Limited,2023-01-01..2023-05-01
INE481Z01,N,UNIINFO,Uniinfo Telecom Services Limited,2023-01-01..2023-05-01
INE482A01,N,CEATLTD,CEAT Limited,2023-01-01..2023-05-01
INE482B01,N,TERASOFT,Tera Software Limited,2023-01-01..2023-05-01
INE482D01,N,CARYSIL,CARYSIL LIMITED,2023-01-01..2023-05-01
INE482J01,N,SHAH,Shah Metacorp Limited,2023-01-01..2023-05-01
INE483A01,B,CENTRALBK,Central Bank of India,2023-01-01..2023-05-01
INE483B01,N,ICIL,Indo Count Industries Limited,2023-01-01..2023-05-01
INE483C01,N,TANLA,Tanla Platforms Limited,2023-01-01..2023-05-01
INE483S01,N,CCAVENUE,AvenuesAI Limited,2023-01-01..2023-05-01
INE484C01,N,VEEDOL,Veedol Corporation Limited,2023-01-01..2023-05-01
INE484I01,N,PRECAM,Precision Camshafts Limited,2023-01-01..2023-05-01
INE484J01,N,GODREJPROP,Godrej Properties Limited,2023-01-01..2023-05-01
INE485A01,N,CENTENKA,Century Enka Limited,2023-01-01..2023-05-01
INE485C01,N,IOLCP,IOL Chemicals and Pharmaceuticals Limited,2023-01-01..2023-05-01
INE486A01,N,CESC,CESC Limited,2023-01-01..2023-05-01
INE486R01,N,GPTHEALTH,GPT Healthcare Limited,2023-12-30..2024-04-28
INE486Y01,N,TOUCHWOOD,Touchwood Entertainment Limited,2023-01-01..2023-05-01
INE488A01,N,CHEMPLASTS,Chemplast Sanmar Limited,2023-01-01..2023-05-01
INE488B01,N,TASTYBITE,Tasty Bite Eatables Limited,2023-01-01..2023-05-01
INE488D01,N,AVTNPL,AVT Natural Products Limited,2023-01-01..2023-05-01
INE488V01,N,PSPPROJECT,PSP Projects Limited,2023-01-01..2023-05-01
INE489G01,N,ANUHPHR,Anuh Pharma Limited,2024-12-27..2025-02-28
INE489H01,N,NITINFIRE,Nitin Fire Protection Industries Limited,2023-01-01..2023-05-01
INE489L01,F,IIFLCAPS,IIFL Capital Services Limited,2023-01-01..2023-05-01
INE490G01,N,MOIL,MOIL Limited,2023-01-01..2023-05-01
INE491A01,B,CUB,City Union Bank Limited,2023-01-01..2023-05-01
INE491J01,N,ASKAUTOLTD,ASK Automotive Limited,2023-08-31..2023-12-29
INE491V01,N,CROWN,Crown Lifters Limited,2023-01-01..2023-05-01
INE492A01,N,SUDARCOLOR,Sudarshan Colorants India Limited,2023-01-01..2023-05-01
INE493A01,N,TATACOFFEE,Tata Coffee Limited,2023-01-01..2023-05-01
INE494B01,N,TVSMOTOR,TVS Motor Company Limited,2023-01-01..2023-05-01
INE495A01,N,DALMIASUG,Dalmia Bharat Sugar and Industries Limited,2023-01-01..2023-05-01
INE495B01,N,SUVEN,Suven Life Sciences Limited,2023-01-01..2023-05-01
INE495C01,N,SANGAMIND,Sangam (India) Limited,2023-01-01..2023-05-01
INE495P01,N,BECTORFOOD,Mrs. Bectors Food Specialities Limited,2023-01-01..2023-05-01
INE495S01,N,HPL,HPL Electric & Power Limited,2023-01-01..2023-05-01
INE497B01,N,SEAMECLTD,Seamec Limited,2023-01-01..2023-05-01
INE497D01,N,DAMODARIND,Damodar Industries Limited,2023-01-01..2023-05-01
INE497S01,N,GODAVARIB,Godavari Biorefineries Limited,2024-08-28..2024-12-26
INE498A01,N,DCM,DCM  Limited,2023-01-01..2023-05-01
INE498B01,N,SHOPERSTOP,Shoppers Stop Limited,2023-01-01..2023-05-01
INE498E01,N,SALONA,Salona Cotspin Limited,2023-01-01..2023-05-01
INE498L01,F,LTF,L&T Finance Limited,2023-01-01..2023-05-01
INE498Q01,N,VINCOFE,Vintage Coffee And Beverages Limited,2024-08-28..2024-12-26
INE499A01,N,DCMSHRIRAM,DCM Shriram Limited,2023-01-01..2023-05-01
INE500A01,N,DCW,DCW Limited,2023-01-01..2023-05-01
INE500L01,N,SHK,S H Kelkar and Company Limited,2023-01-01..2023-05-01
INE500X01,N,LEXUS,Lexus Granito (India) Limited,2023-05-02..2023-08-30
INE501A01,N,DEEPAKFERT,Deepak Fertilizers and Petrochemicals Corporation Limited,2023-01-01..2023-05-01
INE501G01,N,HTMEDIA,HT Media Limited,2023-01-01..2023-05-01
INE501W01,N,SPTL,Sintex Plastics Technology Limited,2023-01-01..2023-05-01
INE501Y01,N,SCPL,Sheetal Cool Products Limited,2023-01-01..2023-05-01
INE503A01,B,DCBBANK,DCB Bank Limited,2023-01-01..2023-05-01
INE503B01,N,STEELXIND,STEEL EXCHANGE INDIA LIMITED,2023-01-01..2023-05-01
INE505A01,N,DMCC,DMCC SPECIALITY CHEMICALS LIMITED,2023-01-01..2023-05-01
INE505C01,N,PRAENG,Prajay Engineers Syndicate Limited,2023-01-01..2023-05-01
INE505Y01,N,VINEETLAB,Vineet Laboratories Limited,2023-01-01..2023-05-01
INE506A01,N,DREDGECORP,Dredging Corporation of India Limited,2023-01-01..2023-05-01
INE506W01,N,KRISHANA,Krishana Phoschem Limited,2023-01-01..2023-05-01
INE506Z01,N,DHRUV,Dhruv Consultancy Services Limited,2023-01-01..2023-05-01
INE508G01,N,TIMETECHNO,Time Technoplast Limited,2023-01-01..2023-05-01
INE508K01,N,RHL,Robust Hotels Limited,2023-05-02..2023-08-30
INE509F01,N,CUPID,Cupid Limited,2023-01-01..2023-05-01
INE510A01,N,ENGINERSIN,Engineers India Limited,2023-01-01..2023-05-01
INE510W01,N,INOXGREEN,Inox Green Energy Services Limited,2023-01-01..2023-05-01
INE511C01,F,POONAWALLA,Poonawalla Fincorp Limited,2023-01-01..2023-05-01
INE511Y01,N,MMP,MMP Industries Limited,2023-01-01..2023-05-01
INE512B01,N,FCSSOFT,FCS Software Solutions Limited,2023-01-01..2023-05-01
INE513A01,N,SCHAEFFLER,Schaeffler India Limited,2023-01-01..2023-05-01
INE514Y01,N,MOKSH,Moksh Ornaments Limited,2023-01-01..2023-05-01
INE516A01,N,UFLEX,UFLEX Limited,2023-01-01..2023-05-01
INE516K01,N,GOENKA,Goenka Diamond and Jewels Limited,2023-01-01..2023-05-01
INE517B01,N,TTML,Tata Teleservices (Maharashtra) Limited,2023-01-01..2023-05-01
INE517F01,N,GPPL,Gujarat Pipavav Port Limited,2023-01-01..2023-05-01
INE518E01,N,ZIMLAB,Zim Laboratories Limited,2023-01-01..2023-05-01
INE519A01,N,FOSECOIND,Foseco India Limited,2023-01-01..2023-05-01
INE519C01,N,SUMMITSEC,Summit Securities Limited,2023-01-01..2023-05-01
INE520A01,N,ZENSARTECH,Zensar Technologies Limited,2023-01-01..2023-05-01
INE520H01,N,BEARDSELL,Beardsell Limited,2023-01-01..2023-05-01
INE520Y01,N,ICEMAKE,Ice Make Refrigeration Limited,2023-01-01..2023-05-01
INE521J01,N,CPCAP,CP Capital Limited,2023-01-01..2023-05-01
INE522D01,F,MANAPPURAM,Manappuram Finance Limited,2023-01-01..2023-05-01
INE522F01,N,COALINDIA,Coal India Limited,2023-01-01..2023-05-01
INE523B01,N,AKSHOPTFBR,Aksh Optifibre Limited,2023-01-01..2023-05-01
INE524A01,N,GABRIEL,Gabriel India Limited,2023-01-01..2023-05-01
INE524B01,N,GANDHITUBE,Gandhi Special Tubes Limited,2023-01-01..2023-05-01
INE524L01,N,KRIDHANINF,Kridhan Infra Limited,2023-01-01..2023-05-01
INE526B01,N,CALSOFT,California Software Company Limited,2023-01-01..2023-05-01
INE526E01,N,SHRIPISTON,SPR Auto Technologies Limited,2023-01-01..2023-05-01
INE526G01,N,VIVIMEDLAB,Vivimed Labs Limited,2023-01-01..2023-05-01
INE527H01,N,UFO,UFO Moviez India Limited,2023-01-01..2023-05-01
INE528A01,N,GKWLIMITED,GKW Limited,2023-01-01..2023-05-01
INE528G01,B,YESBANK,Yes Bank Limited,2023-01-01..2023-05-01
INE529A01,N,FMGOETZE,Federal-Mogul Goetze (India) Limited.,2023-05-02..2023-08-30
INE529D01,N,PATINTLOG,Patel Integrated Logistics Limited,2023-01-01..2023-05-01
INE529F01,N,SIGIND,Signet Industries Limited,2023-01-01..2023-05-01
INE529I01,N,KUANTUM,Kuantum Papers Limited,2023-01-01..2023-05-01
INE530B01,F,IIFL,IIFL Finance Limited,2023-01-01..2023-05-01
INE531A01,N,KANSAINER,Kansai Nerolac Paints Limited,2023-01-01..2023-05-01
INE531E01,N,HINDCOPPER,Hindustan Copper Limited,2023-01-01..2023-05-01
INE531F01,F,NUVAMA,Nuvama Wealth Management Limited,2023-08-31..2023-12-29
INE532F01,F,EDELWEISS,Edelweiss Financial Services Limited,2023-01-01..2023-05-01
INE533D01,N,RAJRILTD,Raj Rayon Industries Limited,2023-01-01..2023-05-01
INE534A01,N,GFSTEELS,Grand Foundry Limited,2023-01-01..2023-05-01
INE535D01,N,ROTO,Roto Pumps Limited,2023-01-01..2023-05-01
INE536A01,N,GRINDWELL,Grindwell Norton Limited,2023-05-02..2023-08-30
INE536H01,N,CIEINDIA,CIE Automotive India Limited,2023-01-01..2023-05-01
INE538A01,N,GFLLIMITED,GFL Limited,2023-01-01..2023-05-01
INE539A01,N,GHCL,GHCL Limited,2023-01-01..2023-05-01
INE539B01,N,VIRINCHI,Virinchi Limited,2023-05-02..2023-08-30
INE540A01,N,GLFL,Gujarat Lease Financing Limited,2023-01-01..2023-05-01
INE540G01,N,AMBIKCO,Ambika Cotton Mills Limited,2023-01-01..2023-05-01
INE540H01,N,VOLTAMP,Voltamp Transformers Limited,2023-01-01..2023-05-01
INE540L01,N,ALKEM,Alkem Laboratories Limited,2023-01-01..2023-05-01
INE541A01,N,GMMPFAUDLR,GMM Pfaudler Limited,2023-01-01..2023-05-01
INE542A01,N,GSCLCEMENT,Gujarat Sidhee Cement Limited,2023-01-01..2023-05-01
INE542B01,N,AKSHARCHEM,AksharChem India Limited,2023-01-01..2023-05-01
INE542C01,N,NKIND,NK Industries Limited,2023-01-01..2023-05-01
INE542F01,N,RNAVAL,Reliance Naval and Engineering Limited,2023-01-01..2023-05-01
INE542W01,N,KPIGREEN,KPI Green Energy Limited,2023-01-01..2023-05-01
INE542Z01,N,KAPSTON,Kapston Services Limited,2023-05-02..2023-08-30
INE543V01,N,ACEINTEG,Ace Integrated Solutions Limited,2023-01-01..2023-05-01
INE544A01,N,HARRMALAYA,Harrisons  Malayalam Limited,2023-01-01..2023-05-01
INE544H01,N,JHS,JHS Svendgaard Laboratories Limited,2023-01-01..2023-05-01
INE544R01,N,GREENLAM,Greenlam Industries Limited,2023-01-01..2023-05-01
INE545A01,N,HEG,HEG Limited,2023-01-01..2023-05-01
INE545H01,N,TIIL,Technocraft Industries (India) Limited,2023-01-01..2023-05-01
INE545L01,F,MANCREDIT,Mangal Credit and Fincorp Limited,2024-08-28..2024-12-26
INE545U01,B,BANDHANBNK,Bandhan Bank Limited,2023-01-01..2023-05-01
INE546V01,N,EIFFL,Euro India Fresh Foods Limited,2023-01-01..2023-05-01
INE546Y01,N,PRAXIS,Praxis Home Retail Limited,2023-01-01..2023-05-01
INE547B01,N,XTGLOBAL,Xtglobal Infotech Limited,2024-08-28..2024-12-26
INE547E01,N,IMPAL,India Motor Parts and Accessories Limited,2023-01-01..2023-05-01
INE548A01,N,HFCL,HFCL Limited,2023-01-01..2023-05-01
INE548C01,N,EMAMILTD,Emami Limited,2023-01-01..2023-05-01
INE548Z01,N,LAGNAM,Lagnam Spintex Limited,2023-01-01..2023-05-01
INE549A01,N,HCC,Hindustan Construction Company Limited,2023-01-01..2023-05-01
INE550B01,F,HBSL,HB Stockholdings Limited,2023-01-01..2023-05-01
INE550C01,N,URJA,Urja Global Limited,2023-01-01..2023-05-01
INE550H01,N,SUPREMEINF,Supreme Infrastructure India Limited,2023-01-01..2023-05-01
INE551D01,N,PAKKA,PAKKA LIMITED,2023-05-02..2023-08-30
INE551W01,B,UJJIVANSFB,Ujjivan Small Finance Bank Limited,2023-01-01..2023-05-01
INE552D01,N,CONFIPET,Confidence Petroleum India Limited,2023-01-01..2023-05-01
INE552Z01,N,ABDL,Allied Blenders and Distillers Limited,2024-04-29..2024-08-27
INE553C01,N,NECCLTD,North Eastern Carrying Corporation Limited,2023-01-01..2023-05-01
INE555B01,N,AXISCADES,AXISCADES Technologies Limited,2023-01-01..2023-05-01
INE555Z01,N,TARACHAND,Tara Chand InfraLogistic Solutions Limited,2024-04-29..2024-08-27
INE557A01,N,BIRLANU,BirlaNu Limited,2023-01-01..2023-05-01
INE557B01,N,LIBERTSHOE,Liberty Shoes Limited,2023-01-01..2023-05-01
INE557Z01,N,PIGL,Power & Instrumentation (Gujarat) Limited,2023-05-02..2023-08-30
INE558B01,N,MANGCHEFER,Mangalore Chemicals & Fertilizers Limited,2023-01-01..2023-05-01
INE558D01,N,CORALFINAC,Coral India Finance & Housing Limited,2023-01-01..2023-05-01
INE558R01,N,HECPROJECT,HEC Infra Projects Limited,2023-01-01..2023-05-01
INE559A01,N,IFBIND,IFB Industries Limited,2023-01-01..2023-05-01
INE559D01,F,CREST,Crest Ventures Limited,2023-01-01..2023-05-01
INE559N01,F,SRGHFL,SRG Housing Finance Limited,2023-08-31..2023-12-29
INE559R01,N,LANDMARK,Landmark Cars Limited,2023-01-01..2023-05-01
INE560A01,N,INDIAGLYCO,India Glycols Limited,2023-01-01..2023-05-01
INE560K01,F,PFS,PTC India Financial Services Limited,2023-01-01..2023-05-01
INE561C01,N,BHARATGEAR,Bharat Gears Limited,2023-01-01..2023-05-01
INE561H01,N,PARSVNATH,Parsvnath Developers Limited,2023-01-01..2023-05-01
INE562A01,B,INDIANB,Indian Bank,2023-01-01..2023-05-01
INE562B01,N,RAJSREESUG,Rajshree Sugars & Chemicals Limited,2023-01-01..2023-05-01
INE562X01,N,UNIVASTU,Univastu India Limited,2023-01-01..2023-05-01
INE563J01,N,ASTEC,Astec LifeSciences Limited,2023-01-01..2023-05-01
INE565A01,B,IOB,Indian Overseas Bank,2023-01-01..2023-05-01
INE565L01,N,ZEELEARN,Zee Learn Limited,2023-01-01..2023-05-01
INE565V01,N,VALIANTORG,Valiant Organics Limited,2023-01-01..2023-05-01
INE566K01,N,ISFT,Intrasoft Technologies Limited,2023-01-01..2023-05-01
INE567A01,N,NIPPOBATRY,Indo-National Limited,2023-01-01..2023-05-01
INE568Z01,N,URAVIDEF,Uravi Defence and Technology Limited,2023-05-02..2023-08-30
INE569C01,N,ORIENTCER,ORIENT CERATECH LIMITED,2023-01-01..2023-05-01
INE570A01,N,IONEXCHANG,ION Exchange (India) Limited,2023-01-01..2023-05-01
INE570D01,N,ARROWGREEN,Arrow Greentech Limited,2023-01-01..2023-05-01
INE570L01,N,SAILIFE,Sai Life Sciences Limited,2024-12-27..2025-02-28
INE571A01,N,IPCALAB,IPCA Laboratories Limited,2023-01-01..2023-05-01
INE571B01,N,JAYBARMARU,Jay Bharat Maruti Limited,2023-01-01..2023-05-01
INE572A01,N,JBCHEPHARM,JB Chemicals & Pharmaceuticals Limited,2023-01-01..2023-05-01
INE572E01,F,PNBHOUSING,PNB Housing Finance Limited,2023-01-01..2023-05-01
INE572G01,N,LANCORHOL,Lancor Holdings Limited,2024-04-29..2024-08-27
INE572J01,F,SPANDANA,Spandana Sphoorty Financial Limited,2023-01-01..2023-05-01
INE573A01,N,JKTYRE,JK Tyre & Industries Limited,2023-01-01..2023-05-01
INE573K01,N,RUSHIL,Rushil Decor Limited,2023-01-01..2023-05-01
INE573R01,N,SEYAIND,Seya Industries Limited,2023-01-01..2023-05-01
INE574301,N,RUSHABEAR,Rushabh Precision Bearings Limited,2024-12-27..2025-02-28
INE574I01,N,ARCOTECH,Arcotech Limited,2023-01-01..2023-05-01
INE575C01,N,INTLCONV,International Conveyors Limited,2023-05-02..2023-08-30
INE576I01,N,JKIL,J.Kumar Infraprojects Limited,2023-01-01..2023-05-01
INE576O01,N,LXCHEM,Laxmi Organic Industries Limited,2023-01-01..2023-05-01
INE577A01,N,MUNJALSHOW,Munjal Showa Limited,2023-01-01..2023-05-01
INE577L01,N,STEL,Stel Holdings Limited,2023-01-01..2023-05-01
INE578A01,N,HEIDELBERG,HeidelbergCement India Limited,2023-05-02..2023-08-30
INE579C01,N,VIMTALABS,Vimta Labs Limited,2023-01-01..2023-05-01
INE581X01,N,GLOBE,GLOBE ENTERPRISES (INDIA) LIMITED,2023-01-01..2023-05-01
INE583B01,N,SANDESH,The Sandesh Limited,2023-01-01..2023-05-01
INE583C01,N,DECCANCE,Deccan Cements Limited,2023-01-01..2023-05-01
INE583D01,F,UGROCAP,Ugro Capital Limited,2023-01-01..2023-05-01
INE583L01,N,AGSTRA,AGS Transact Technologies Limited,2023-01-01..2023-05-01
INE583R01,N,PRITIKAUTO,Pritika Auto Industries Limited,2023-01-01..2023-05-01
INE583V01,N,RADHIKAJWE,Radhika Jeweltech Limited,2023-01-01..2023-05-01
INE584A01,N,NMDC,NMDC Limited,2023-01-01..2023-05-01
INE584F01,N,MANGALAM,Mangalam Drugs And Organics Limited,2023-01-01..2023-05-01
INE585B01,N,MARUTI,Maruti Suzuki India Limited,2023-01-01..2023-05-01
INE586B01,N,TAJGVK,Taj GVK Hotels & Resorts Limited,2023-01-01..2023-05-01
INE586G01,N,GULFPETRO,GP Petroleums Limited,2023-01-01..2023-05-01
INE586V01,N,TCIEXP,TCI Express Limited,2023-01-01..2023-05-01
INE586X01,N,GTECJAINX,G-TEC JAINX EDUCATION LIMITED,2023-01-01..2023-05-01
INE587G01,N,KAYA,Kaya Limited,2023-01-01..2023-05-01
INE589A01,N,NLCINDIA,NLC India Limited,2023-05-02..2023-08-30
INE590L01,N,VASWANI,Vaswani Industries Limited,2023-01-01..2023-05-01
INE591A01,N,OILCOUNTUB,Oil Country Tubular Limited,2023-01-01..2023-05-01
INE591D01,N,DIAMINESQ,Diamines & Chemicals Limited,2023-08-31..2023-12-29
INE591G01,N,COFORGE,Coforge Limited,2023-01-01..2023-05-01
INE591Q01,N,SUULD,Suumaya Industries Limited,2023-01-01..2023-05-01
INE592A01,N,ORIENTPPR,Orient Paper & Industries Limited,2023-01-01..2023-05-01
INE592B01,N,TTL,T T Limited,2023-01-01..2023-05-01
INE593W01,N,FOCUS,Focus Lighting and Fixtures Limited,2023-01-01..2023-05-01
INE594B01,N,BSL,BSL Limited,2023-01-01..2023-05-01
INE594H01,N,THYROCARE,Thyrocare Technologies Limited,2023-01-01..2023-05-01
INE596F01,F,PTCIL,PTC Industries Limited,2023-05-02..2023-08-30
INE596H01,N,HGM,HandsOn Global Management (HGM) Limited,2023-05-02..2023-08-30
INE596I01,N,CAMS,Computer Age Management Services Limited,2023-01-01..2023-05-01
INE597I01,N,SHARDAMOTR,Sharda Motor Industries Limited,2023-01-01..2023-05-01
INE597J01,N,SHALBY,Shalby Limited,2023-01-01..2023-05-01
INE597L01,N,LOVABLE,Lovable Lingerie Limited,2023-01-01..2023-05-01
INE598C01,N,HISARMETAL,Hisar Metal Industries Limited,2023-01-01..2023-05-01
INE599M01,N,JUSTDIAL,Just Dial Limited,2023-01-01..2023-05-01
INE600A01,N,PILITA,PIL ITALICA LIFESTYLE LIMITED,2023-01-01..2023-05-01
INE600K01,N,GALAXYSURF,Galaxy Surfactants Limited,2023-01-01..2023-05-01
INE600L01,N,LALPATHLAB,Dr. Lal Path Labs Ltd.,2023-01-01..2023-05-01
INE600Y01,N,DYCL,Dynamic Cables Limited,2023-01-01..2023-05-01
INE602A01,N,PCBL,PCBL Chemical Limited,2023-01-01..2023-05-01
INE602G01,N,KITEX,Kitex Garments Limited,2023-01-01..2023-05-01
INE602W01,N,SENCO,Senco Gold Limited,2023-05-02..2023-08-30
INE603A01,N,PRAKASH,Prakash Industries Limited,2023-01-01..2023-05-01
INE603J01,N,PIIND,PI Industries Limited,2023-01-01..2023-05-01
INE606A01,N,AMJLAND,Amj Land Holdings Limited,2023-01-01..2023-05-01
INE607D01,N,ORIENTBELL,Orient Bell Limited,2023-01-01..2023-05-01
INE608A01,B,PSB,Punjab & Sind Bank,2023-01-01..2023-05-01
INE609C01,N,ORIENTLTD,Orient Press Limited,2023-05-02..2023-08-30
INE610E01,N,KALYANI,Kalyani Commercials Limited,2023-01-01..2023-05-01
INE611A01,N,RSWM,RSWM Limited,2023-01-01..2023-05-01
INE611L01,N,INDTERRAIN,Indian Terrain Fashions Limited,2023-01-01..2023-05-01
INE612J01,F,REPCOHOME,Repco Home Finance Limited,2023-01-01..2023-05-01
INE613A01,N,RALLIS,Rallis India Limited,2023-01-01..2023-05-01
INE613B01,N,ICDSLTD,ICDS Limited,2023-01-01..2023-05-01
INE613C01,N,MCLOUD,Magellanic Cloud Limited,2024-12-27..2025-02-28
INE614A01,N,RAMCOIND,Ramco Industries Limited,2023-01-01..2023-05-01
INE614B01,B,KTKBANK,The Karnataka Bank Limited,2023-01-01..2023-05-01
INE614G01,N,RPOWER,Reliance Power Limited,2023-01-01..2023-05-01
INE615H01,N,TITAGARH,TITAGARH RAIL SYSTEMS LIMITED,2023-05-02..2023-08-30
INE615I01,N,GLOBUSSPR,Globus Spirits Limited,2023-01-01..2023-05-01
INE615P01,N,QUESS,Quess Corp Limited,2023-01-01..2023-05-01
INE615R01,F,TRU,TruCap Finance Limited,2023-05-02..2023-08-30
INE616N01,N,INOXINDIA,INOX India Limited,2023-12-30..2024-04-28
INE616Z01,N,YASHO,Yasho Industries Limited,2023-08-31..2023-12-29
INE617A01,N,SEMAC,Semac Construction Limited,2023-01-01..2023-05-01
INE618L01,F,5PAISA,5Paisa Capital Limited,2023-01-01..2023-05-01
INE618N01,N,BALAXI,BALAXI PHARMACEUTICALS LIMITED,2023-01-01..2023-05-01
INE619A01,N,PATANJALI,Patanjali Foods Limited,2023-01-01..2023-05-01
INE619B01,N,NEWGEN,Newgen Software Technologies Limited,2023-01-01..2023-05-01
INE619I01,N,A2ZINFRA,A2Z Infra Engineering Limited,2023-01-01..2023-05-01
INE621H01,F,RELIGARE,Religare Enterprises Limited,2023-01-01..2023-05-01
INE621L01,N,TEXRAIL,Texmaco Rail & Engineering Limited,2023-01-01..2023-05-01
INE622H01,N,INDOFARM,Indo Farm Equipment Limited,2024-12-27..2025-02-28
INE622W01,N,ACMESOLAR,Acme Solar Holdings Limited,2024-08-28..2024-12-26
INE623A01,N,SAKHTISUG,Sakthi Sugars Limited,2023-01-01..2023-05-01
INE624C01,N,VALECHAENG,Valecha Engineering Limited,2023-01-01..2023-05-01
INE624Z01,N,SOLARA,Solara Active Pharma Sciences Limited,2023-01-01..2023-05-01
INE625B01,N,RANASUG,Rana Sugars Limited,2023-01-01..2023-05-01
INE625G01,N,WELENT,Welspun Enterprises Limited,2023-01-01..2023-05-01
INE625X01,N,SILVERTUC,Silver Touch Technologies Limited,2023-01-01..2023-05-01
INE626A01,N,SAURASHCEM,Saurashtra Cement Limited,2024-04-29..2024-08-27
INE626Z01,N,HARDWYN,Hardwyn India Limited,2023-01-01..2023-05-01
INE627H01,N,CTE,Cambridge Technology Enterprises Limited,2023-01-01..2023-05-01
INE628A01,N,UPL,UPL Limited,2023-01-01..2023-05-01
INE629D01,N,BANSWRAS,Banswara Syntex Limited,2023-01-01..2023-05-01
INE630A01,N,SESHAPAPER,Seshasayee Paper and Boards Limited,2023-01-01..2023-05-01
INE630Y01,N,MEDICO,Medico Remedies Limited,2023-01-01..2023-05-01
INE631A01,N,SHANTIGEAR,Shanthi Gears Limited,2023-01-01..2023-05-01
INE632C01,N,VIDHIING,Vidhi Specialty Food Ingredients Limited,2023-01-01..2023-05-01
INE632X01,N,SHRENIK,Shrenik Limited,2023-01-01..2023-05-01
INE633B01,N,POLYPLEX,Polyplex Corporation Limited,2023-05-02..2023-08-30
INE634A01,N,HONDAPOWER,Honda India Power Products Limited,2023-01-01..2023-05-01
INE634I01,N,KNRCON,KNR Constructions Limited,2023-01-01..2023-05-01
INE634S01,N,MANKIND,Mankind Pharma Limited,2023-05-02..2023-08-30
INE635A01,N,SHYAMTEL,Shyam Telecom Limited,2023-01-01..2023-05-01
INE635Q01,N,GULFOILLUB,Gulf Oil Lubricants India Limited,2023-01-01..2023-05-01
INE636A01,N,MAWANASUG,Mawana Sugars Limited,2023-01-01..2023-05-01
INE637C01,N,POKARNA,Pokarna Limited,2023-01-01..2023-05-01
INE637H01,N,SHIVAMAUTO,Shivam Autotech Limited,2023-05-02..2023-08-30
INE640A01,N,SKFINDIA,SKF India Limited,2023-01-01..2023-05-01
INE640C01,N,SHAHALLOYS,Shah Alloys Limited,2023-01-01..2023-05-01
INE641C01,N,KAVDEFENCE,Kavveri Defence & Wireless Technologies Limited,2023-05-02..2023-08-30
INE642C01,N,RUBFILA,Rubfila International Limited,2024-04-29..2024-08-27
INE642Y01,N,HINDCON,Hindcon Chemicals Limited,2023-01-01..2023-05-01
INE642Z01,N,AKI,AKI India Limited,2023-05-02..2023-08-30
INE643A01,N,JTEKTINDIA,Jtekt India Limited,2023-01-01..2023-05-01
INE643K01,N,ARIHANTSUP,Arihant Superstructures Limited,2023-01-01..2023-05-01
INE644Y01,N,SHIVAMILLS,Shiva Mills Limited,2023-01-01..2023-05-01
INE645H01,N,SUTLEJTEX,Sutlej Textiles and Industries Limited,2023-01-01..2023-05-01
INE645L01,N,JUBLINDS,Jubilant Industries Limited,2023-01-01..2023-05-01
INE645S01,N,ROLEXRINGS,Rolex Rings Limited,2023-01-01..2023-05-01
INE645W01,N,AIRAN,Airan Limited,2023-01-01..2023-05-01
INE646B01,N,MEDICAMEQ,Medicamen Biotech Limited,2023-01-01..2023-05-01
INE646C01,N,GROBTEA,The Grob Tea Company Limited,2023-01-01..2023-05-01
INE646H01,B,CAPITALSFB,Capital Small Finance Bank Limited,2023-12-30..2024-04-28
INE646L01,N,INDIGO,InterGlobe Aviation Limited,2023-01-01..2023-05-01
INE646X01,N,ASTRON,Astron Paper & Board Mill Limited,2023-01-01..2023-05-01
INE647A01,N,SRF,SRF Limited,2023-01-01..2023-05-01
INE647O01,N,ABFRL,Aditya Birla Fashion and Retail Limited,2023-01-01..2023-05-01
INE648Z01,N,ACCURACY,Accuracy Shipping Limited,2023-01-01..2023-05-01
INE650K01,N,SECURKLOUD,SECUREKLOUD TECHNOLOGIES LIMITED,2023-01-01..2023-05-01
INE650L01,N,BROOKS,Brooks Laboratories Limited,2023-01-01..2023-05-01
INE652F01,N,CCHHL,Country Club Hospitality & Holidays Limited,2023-01-01..2023-05-01
INE652Z01,N,AVROIND,AVRO INDIA LIMITED,2023-01-01..2023-05-01
INE655A01,N,STCINDIA,The State Trading Corporation of India Limited,2023-01-01..2023-05-01
INE655B01,N,BANARBEADS,Banaras Beads Limited,2023-01-01..2023-05-01
INE656K01,N,DQE,DQ Entertainment (International) Limited,2023-08-31..2023-12-29
INE657B01,N,BLUECHIP,Blue Chip India Limited,2023-01-01..2023-05-01
INE658G01,N,SALSTEEL,S.A.L. Steel Limited,2023-01-01..2023-05-01
INE658T01,N,WEALTH,Wealth First Portfolio Managers Limited,2023-01-01..2023-05-01
INE659A01,N,SUDARSCHEM,Sudarshan Chemical Industries Limited,2023-01-01..2023-05-01
INE660A01,F,SUNDARMFIN,Sundaram Finance Limited,2023-01-01..2023-05-01
INE660C01,F,CENTRUM,Centrum Capital Limited,2023-01-01..2023-05-01
INE661I01,N,BGRENERGY,BGR Energy Systems Limited,2023-01-01..2023-05-01
INE662A01,N,SUPERSPIN,Super Spinning Mills Limited,2023-01-01..2023-05-01
INE663A01,N,SPLPETRO,Supreme Petrochem Limited,2023-01-01..2023-05-01
INE663B01,N,CONTROLPR,Control Print Limited,2023-01-01..2023-05-01
INE663F01,N,NAUKRI,Info Edge (India) Limited,2023-01-01..2023-05-01
INE665A01,N,SWANCORP,SWAN CORP LIMITED,2023-01-01..2023-05-01
INE665J01,N,VMART,V-Mart Retail Limited,2023-01-01..2023-05-01
INE665L01,N,VARROC,Varroc Engineering Limited,2023-01-01..2023-05-01
INE666D01,N,BORORENEW,BOROSIL RENEWABLES LIMITED,2023-01-01..2023-05-01
INE666E01,N,ANDHRACEMT,Andhra Cements Limited,2023-01-01..2023-05-01
INE667G01,N,SAKSOFT,Saksoft Limited,2023-01-01..2023-05-01
INE668A01,B,TMB,Tamilnad Mercantile Bank Limited,2023-01-01..2023-05-01
INE668D01,N,DONEAR,Donear Industries Limited,2023-01-01..2023-05-01
INE668F01,N,JYOTHYLAB,Jyothy Labs Limited,2023-01-01..2023-05-01
INE668G01,N,ELDEHSG,Eldeco Housing And Industries Limited,2023-05-02..2023-08-30
INE669A01,N,INFOMEDIA,Infomedia Press Limited,2023-01-01..2023-05-01
INE669C01,N,TECHM,Tech Mahindra Limited,2023-01-01..2023-05-01
INE669E01,N,IDEA,Vodafone Idea Limited,2023-01-01..2023-05-01
INE669X01,N,GEEKAYWIRE,Geekay Wires Limited,2023-01-01..2023-05-01
INE670A01,N,TATAELXSI,Tata Elxsi Limited,2023-01-01..2023-05-01
INE670B01,N,GANGOTRI,Gangotri Textiles Limited,2023-01-01..2023-05-01
INE670K01,N,LODHA,Lodha Developers Limited,2023-01-01..2023-05-01
INE670X01,N,LASA,Lasa Supergenerics Limited,2023-01-01..2023-05-01
INE671A01,N,HONAUT,Honeywell Automation India Limited,2023-01-01..2023-05-01
INE671H01,N,SOBHA,Sobha Limited,2023-01-01..2023-05-01
INE672A01,F,TATAINVEST,Tata Investment Corporation Limited,2023-01-01..2023-05-01
INE672B01,N,MUNJALAU,Munjal Auto Industries Limited,2023-01-01..2023-05-01
INE673G01,N,BHARATIDIL,Bharati Defence and Infrastructure Limited,2024-12-27..2025-02-28
INE673O01,N,TBOTEK,TBO Tek Limited,2024-04-29..2024-08-27
INE674A01,N,TATASTLLP,Tata Steel Long Products Limited,2023-01-01..2023-05-01
INE674K01,F,ABCAPITAL,Aditya Birla Capital Limited,2023-01-01..2023-05-01
INE675C01,N,CIGNITITEC,Cigniti Technologies Limited,2023-01-01..2023-05-01
INE676A01,N,BBOX,Black Box Limited,2023-01-01..2023-05-01
INE677D01,F,MASTERTR,Master Trust Limited,2024-08-28..2024-12-26
INE677H01,N,DEEPENR,DEEP ENERGY RESOURCES LIMITED,2023-01-01..2023-05-01
INE679A01,B,CSBBANK,CSB Bank Limited,2023-01-01..2023-05-01
INE679V01,N,AVL,Aditya Vision Limited,2024-08-28..2024-12-26
INE680A01,B,DHANBANK,Dhanlaxmi Bank Limited,2023-01-01..2023-05-01
INE680Z01,N,AVG,AVG Logistics Limited,2023-05-02..2023-08-30
INE681B01,N,INDRAMEDCO,Indraprastha Medical Corporation Limited,2023-01-01..2023-05-01
INE681C01,F,KEYFINSERV,Keynote Financial Services Limited,2023-01-01..2023-05-01
INE682M01,N,JLHL,Jupiter Life Line Hospitals Limited,2023-08-31..2023-12-29
INE683A01,B,SOUTHBANK,The South Indian Bank Limited,2023-01-01..2023-05-01
INE683C01,N,MAITHANALL,Maithan Alloys Limited,2023-01-01..2023-05-01
INE684F01,N,FSL,Firstsource Solutions Limited,2023-01-01..2023-05-01
INE685A01,N,TORNTPHARM,Torrent Pharmaceuticals Limited,2023-01-01..2023-05-01
INE686A01,N,CEMPRO,Cemindia Projects Limited,2023-01-01..2023-05-01
INE686F01,N,UBL,United Breweries Limited,2023-01-01..2023-05-01
INE686Y01,N,FINEORG,Fine Organic Industries Limited,2023-01-01..2023-05-01
INE688A01,N,TCI,Transport Corporation of India Limited,2023-01-01..2023-05-01
INE688D01,N,RESPONIND,Responsive Industries Limited,2023-01-01..2023-05-01
INE688E01,N,HERCULES,HERCULES INVESTMENTS LIMITED,2023-01-01..2023-05-01
INE688J01,N,LANDSMILL,Landsmill Green Limited,2023-01-01..2023-05-01
INE688Y01,N,DANGEE,Dangee Dums Limited,2023-01-01..2023-05-01
INE689W01,N,PRINCEPIPE,Prince Pipes And Fittings Limited,2023-01-01..2023-05-01
INE690A01,N,TTKPRESTIG,TTK Prestige Limited,2023-01-01..2023-05-01
INE691A01,B,UCOBANK,UCO Bank,2023-01-01..2023-05-01
INE691G01,N,IMPEXFERRO,Impex Ferro Tech Limited,2023-01-01..2023-05-01
INE691Z01,N,GANGAFORGE,Ganga Forging Limited,2023-01-01..2023-05-01
INE692A01,B,UNIONBANK,Union Bank of India,2023-01-01..2023-05-01
INE692B01,N,MURUDCERA,Murudeshwar Ceramics Limited,2023-01-01..2023-05-01
INE692G01,N,XCHANGING,Xchanging Solutions Limited,2023-01-01..2023-05-01
INE692Z01,N,AFFORDABLE,Affordable Robotic & Automation Limited,2024-08-28..2024-12-26
INE694A01,N,UNITECH,Unitech Limited,2023-01-01..2023-05-01
INE694D01,N,VADILALIND,Vadilal Industries Limited,2023-01-01..2023-05-01
INE694E01,N,KANPRPLA,Kanpur Plastipack Limited,2023-01-01..2023-05-01
INE694N01,N,HERANBA,Heranba Industries Limited,2023-01-01..2023-05-01
INE695B01,N,COUNCODOS,Country Condo's Limited,2023-01-01..2023-05-01
INE696F01,N,JUNIPER,Juniper Hotels Limited,2023-12-30..2024-04-28
INE696K01,N,PRAKASHSTL,Prakash Steelage Limited,2023-01-01..2023-05-01
INE696V01,N,JAIPURKURT,Nandani Creation Limited,2023-01-01..2023-05-01
INE697V01,N,PANSARI,Pansari Developers Limited,2023-01-01..2023-05-01
INE699B01,N,SAMBHAAV,Sambhaav Media Limited,2023-05-02..2023-08-30
INE699H01,N,AWL,AWL Agri Business Limited,2023-01-01..2023-05-01
INE700A01,N,JUBLPHARMA,Jubilant Pharmova Limited,2023-01-01..2023-05-01
INE701A01,F,VHL,Vardhman Holdings Limited,2023-01-01..2023-05-01
INE702C01,N,APLAPOLLO,APL Apollo Tubes Limited,2023-01-01..2023-05-01
INE703A01,N,VIDEOIND,Videocon Industries Limited,2023-05-02..2023-08-30
INE703B01,N,RATNAMANI,Ratnamani Metals & Tubes Limited,2023-05-02..2023-08-30
INE703H01,N,HUBTOWN,Hubtown Limited,2023-01-01..2023-05-01
INE704B01,N,RACLGEAR,RACL Geartech Limited,2024-12-27..2025-02-28
INE704H01,N,CINELINE,Cineline India Limited,2023-01-01..2023-05-01
INE704P01,N,COCHINSHIP,Cochin Shipyard Limited,2023-01-01..2023-05-01
INE705C01,N,SHIVATEX,Shiva Texyarn Limited,2023-01-01..2023-05-01
INE705X01,N,GOYALALUM,Goyal Aluminiums Limited,2023-01-01..2023-05-01
INE707A01,N,VINDHYATEL,Vindhya Telelinks Limited,2023-01-01..2023-05-01
INE707C01,F,CAPTRUST,Capital Trust Limited,2023-01-01..2023-05-01
INE709A01,F,VLSFINANCE,VLS Finance Limited,2023-01-01..2023-05-01
INE710A01,N,VSTIND,VST Industries Limited,2023-01-01..2023-05-01
INE711A01,N,WALCHANNAG,Walchandnagar Industries Limited,2023-01-01..2023-05-01
INE712B01,N,SUPERHOUSE,Superhouse Limited,2023-01-01..2023-05-01
INE712K01,N,SHREEPUSHK,Shree Pushkar Chemicals & Fertilisers Limited,2023-01-01..2023-05-01
INE713B01,N,SURYALAXMI,Suryalakshmi Cotton Mills Limited,2023-01-01..2023-05-01
INE713C01,N,SURAJLTD,Suraj Limited,2024-08-28..2024-12-26
INE713T01,N,APOLLO,Apollo Micro Systems Limited,2023-01-01..2023-05-01
INE715A01,N,WHEELS,Wheels India Limited,2023-01-01..2023-05-01
INE715B01,N,ANDHRSUGAR,The Andhra Sugars Limited,2023-01-01..2023-05-01
INE715Y01,N,SHRADHA,Shradha Realty Limited,2023-01-01..2023-05-01
INE716A01,N,WHIRLPOOL,Whirlpool of India Limited,2023-01-01..2023-05-01
INE716B01,N,TIPSMUSIC,Tips Music Limited,2023-01-01..2023-05-01
INE717W01,N,GANDHAR,Gandhar Oil Refinery (India) Limited,2023-08-31..2023-12-29
INE718F01,F,CSLFINANCE,CSL Finance Limited,2023-01-01..2023-05-01
INE718H01,N,AUTOIND,Autoline Industries Limited,2023-01-01..2023-05-01
INE720A01,N,KOTHARIPET,Kothari Petrochemicals Limited,2023-01-01..2023-05-01
INE721A01,F,SHRIRAMFIN,Shriram Finance Limited,2023-01-01..2023-05-01
INE721Z01,N,AARON,Aaron Industries Limited,2023-01-01..2023-05-01
INE722H01,N,RGL,Renaissance Global Limited,2023-01-01..2023-05-01
INE722J01,N,RKDL,Ravi Kumar Distilleries Limited,2023-01-01..2023-05-01
INE725A01,N,NAVA,NAVA LIMITED,2023-01-01..2023-05-01
INE725E01,N,ORISSAMINE,The Orissa Minerals Development Company Limited,2023-01-01..2023-05-01
INE725G01,N,ICRA,ICRA Limited,2023-05-02..2023-08-30
INE725L01,N,KARMAENG,Karma Energy Limited,2023-01-01..2023-05-01
INE726L01,N,DELPHIFX,DELPHI WORLD MONEY LIMITED,2023-05-02..2023-08-30
INE726V01,N,PRICOLLTD,Pricol Limited,2023-01-01..2023-05-01
INE727B01,N,GENESYS,Genesys International Corporation Limited,2023-01-01..2023-05-01
INE727S01,N,BRNL,Bharat Road Network Limited,2023-01-01..2023-05-01
INE728Z01,N,SOFTTECH,Softtech Engineers Limited,2023-01-01..2023-05-01
INE729D01,N,KILITCH,Kilitch Drugs (India) Limited,2023-01-01..2023-05-01
INE730A01,N,ORICONENT,Oricon Enterprises Limited,2023-01-01..2023-05-01
INE731A01,N,ARCHIES,Archies Limited,2023-01-01..2023-05-01
INE731C01,N,KHAITANLTD,Khaitan (India) Limited,2023-01-01..2023-05-01
INE731H01,N,ACE,Action Construction Equipment Limited,2023-01-01..2023-05-01
INE731U01,N,DIGJAMLMTD,Digjam Limited,2023-01-01..2023-05-01
INE732A01,N,KIRLOSBROS,Kirloskar Brothers Limited,2023-01-01..2023-05-01
INE732C01,N,NCLIND,NCL Industries Limited,2023-01-01..2023-05-01
INE732F01,N,ISMTLTD,ISMT Limited,2023-01-01..2023-05-01
INE732I01,F,ANGELONE,Angel One Limited,2023-01-01..2023-05-01
INE732S01,N,SAKAR,Sakar Healthcare Limited,2023-01-01..2023-05-01
INE733A01,N,STARPAPER,Star Paper Mills Limited,2023-01-01..2023-05-01
INE733E01,N,NTPC,NTPC Limited,2023-01-01..2023-05-01
INE734N01,N,SNOWMAN,Snowman Logistics Limited,2023-01-01..2023-05-01
INE735M01,N,SAMPANN,Sampann Utpadan India Limited,2023-01-01..2023-05-01
INE735W01,B,UTKARSHBNK,Utkarsh Small Finance Bank Limited,2023-05-02..2023-08-30
INE736A01,N,CDSL,Central Depository Services (India) Limited,2023-01-01..2023-05-01
INE737B01,N,ADROITINFO,Adroit Infotech Limited,2023-01-01..2023-05-01
INE737D01,N,MODISONLTD,MODISON LIMITED,2023-01-01..2023-05-01
INE737H01,N,FIEMIND,Fiem Industries Limited,2023-01-01..2023-05-01
INE737W01,N,AKASH,Akash Infra Projects Limited,2023-01-01..2023-05-01
INE738I01,N,ECLERX,eClerx Services Limited,2023-01-01..2023-05-01
INE738V01,N,ARTNIRMAN,Art Nirman Limited,2023-01-01..2023-05-01
INE739E01,N,CERA,Cera Sanitaryware Limited,2023-01-01..2023-05-01
INE740D01,N,NRAIL,N R Agarwal Industries Limited,2023-01-01..2023-05-01
INE740V01,N,AGROPHOS,Agro Phos India Limited,2023-05-02..2023-08-30
INE740X01,N,LAL,Lorenzini Apparels Limited,2023-05-02..2023-08-30
INE741K01,F,CREDITACC,CREDITACCESS GRAMEEN LIMITED,2023-01-01..2023-05-01
INE741L01,N,DUCON,Ducon Infratechnologies Limited,2023-01-01..2023-05-01
INE742B01,N,GUFICBIO,Gufic Biosciences Limited,2023-01-01..2023-05-01
INE742C01,N,JINDRILL,Jindal Drilling And Industries Limited,2023-01-01..2023-05-01
INE742F01,N,ADANIPORTS,Adani Ports and Special Economic Zone Limited,2023-01-01..2023-05-01
INE743C01,N,JSWISPL,JSW Ispat Special Products Limited,2023-01-01..2023-05-01
INE743M01,N,RHIM,RHI MAGNESITA INDIA LIMITED,2023-01-01..2023-05-01
INE745B01,N,KHAICHEM,Khaitan Chemicals & Fertilizers Limited,2023-01-01..2023-05-01
INE747B01,N,NEXTMEDIA,Next Mediaworks Limited,2023-01-01..2023-05-01
INE747K01,N,TARAPUR,Tarapur Transformers Limited,2023-01-01..2023-05-01
INE748A01,N,MBECL,Mcnally Bharat Engineering Company Limited,2023-05-02..2023-08-30
INE748C01,N,3IINFOLTD,3i Infotech Limited,2023-01-01..2023-05-01
INE748T01,N,SIMBHALS,Simbhaoli Sugars Limited,2023-01-01..2023-05-01
INE748Z01,N,SUMIT,Sumit Woods Limited,2023-01-01..2023-05-01
INE749A01,N,JINDALSTEL,JINDAL STEEL LIMITED,2023-01-01..2023-05-01
INE749B01,N,ORTINGLOBE,ORTIN GLOBAL LIMITED,2023-01-01..2023-05-01
INE750A01,N,ORIENTHOT,Oriental Hotels Limited,2023-01-01..2023-05-01
INE750C01,N,MARKSANS,Marksans Pharma Limited,2023-01-01..2023-05-01
INE750D01,N,RELCHEMQ,Reliance Chemotex Industries Limited,2023-01-01..2023-05-01
INE750M01,N,HEXATRADEX,Hexa Tradex Limited,2023-01-01..2023-05-01
INE751B01,N,PIXTRANS,Pix Transmissions Limited,2023-01-01..2023-05-01
INE752E01,N,POWERGRID,Power Grid Corporation of India Limited,2023-01-01..2023-05-01
INE752G01,N,MSPL,MSP Steel & Power Limited,2023-01-01..2023-05-01
INE752H01,N,CARERATING,CARE Ratings Limited,2023-01-01..2023-05-01
INE753K01,N,EMMBI,Emmbi Industries Limited,2023-01-01..2023-05-01
INE753U01,N,DIVGIITTS,Divgi Torqtransfer Systems Limited,2023-05-02..2023-08-30
INE753W01,N,SANGINITA,Sanginita Chemicals Limited,2023-01-01..2023-05-01
INE754A01,N,SUBEXLTD,Subex Limited,2023-01-01..2023-05-01
INE754X01,N,AARVI,Aarvi Encon Limited,2023-01-01..2023-05-01
INE756C01,F,NDGL,Naga Dhunseri Group Limited,2023-01-01..2023-05-01
INE757A01,N,COSMOFIRST,COSMO FIRST LIMITED,2023-01-01..2023-05-01
INE757B01,N,TRANSWORLD,TRANSWORLD SHIPPING LINES LIMITED,2023-01-01..2023-05-01
INE758C01,N,AHLUCONT,Ahluwalia Contracts (India) Limited,2023-01-01..2023-05-01
INE758E01,F,JIOFIN,Jio Financial Services Limited,2023-08-31..2023-12-29
INE758T01,N,ETERNAL,ETERNAL LIMITED,2023-01-01..2023-05-01
INE759A01,N,MASTEK,Mastek Limited,2023-01-01..2023-05-01
INE759V01,N,HEADSUP,Heads UP Ventures Limited,2023-01-01..2023-05-01
INE760A01,N,KOKUYOCMLN,Kokuyo Camlin Limited,2023-01-01..2023-05-01
INE760F01,N,INDOAMIN,Indo Amines Limited,2023-01-01..2023-05-01
INE760L01,N,TBZ,Tribhovandas Bhimji Zaveri Limited,2023-01-01..2023-05-01
INE760W01,N,RPPL,Rajshree Polypack Limited,2023-01-01..2023-05-01
INE760Y01,N,ASHOKAMET,Ashoka Metcast Limited,2023-05-02..2023-08-30
INE761H01,N,PAGEIND,Page Industries Limited,2023-01-01..2023-05-01
INE761Y01,N,ZODIAC,Zodiac Energy Limited,2023-01-01..2023-05-01
INE763G01,N,ISEC,ICICI Securities Limited,2023-01-01..2023-05-01
INE763I01,N,TARIL,Transformers And Rectifiers (India) Limited,2023-01-01..2023-05-01
INE764D01,N,VSTTILLERS,V.S.T Tillers Tractors Limited,2023-01-01..2023-05-01
INE764L01,N,SADBHIN,Sadbhav Infrastructure Project Limited,2023-01-01..2023-05-01
INE766P01,N,MAHLOG,Mahindra Logistics Limited,2023-01-01..2023-05-01
INE767A01,N,AARTIDRUGS,Aarti Drugs Limited,2023-01-01..2023-05-01
INE768C01,N,ZYDUSWELL,Zydus Wellness Limited,2023-01-01..2023-05-01
INE769A01,N,AARTIIND,Aarti Industries Limited,2023-01-01..2023-05-01
INE771A01,N,MIRZAINT,Mirza International Limited,2023-01-01..2023-05-01
INE772T01,N,PVSL,Popular Vehicles and Services Limited,2023-12-30..2024-04-28
INE773I01,N,ALKALI,Alkali Metals Limited,2023-01-01..2023-05-01
INE774D01,F,M&MFIN,Mahindra & Mahindra Financial Services Limited,2023-01-01..2023-05-01
INE775A01,N,MOTHERSON,Samvardhana Motherson International Limited,2023-01-01..2023-05-01
INE776C01,N,GMRAIRPORT,GMR AIRPORTS LIMITED,2023-01-01..2023-05-01
INE776I01,N,MEP,MEP Infrastructure Developers Limited,2023-01-01..2023-05-01
INE777F01,N,EXICOM,Exicom Tele-Systems Limited,2023-12-30..2024-04-28
INE777K01,N,RRKABEL,R R Kabel Limited,2023-08-31..2023-12-29
INE778A01,N,TECHIN,Techindia Nirman Limited,2023-01-01..2023-05-01
INE778B01,N,ESTER,Ester Industries Limited,2023-01-01..2023-05-01
INE778K01,N,EMAMIREAL,Emami Realty Limited,2023-01-01..2023-05-01
INE778U01,N,TCNSBRANDS,TCNS Clothing Co. Limited,2023-01-01..2023-05-01
INE780C01,F,JMFINANCIL,JM Financial Limited,2023-01-01..2023-05-01
INE781A01,N,INTENTECH,Intense Technologies Limited,2023-01-01..2023-05-01
INE781B01,N,NOIDATOLL,Noida Toll Bridge Company Limited,2023-01-01..2023-05-01
INE781S01,N,VENTIVE,Ventive Hospitality Limited,2024-12-27..2025-02-28
INE782A01,N,BOSCH-HCIL,BOSCH HOME COMFORT INDIA LIMITED,2023-01-01..2023-05-01
INE782E01,N,HESTERBIO,Hester Biosciences Limited,2023-01-01..2023-05-01
INE782X01,N,SERVOTECH,Servotech Renewable Power System Limited,2023-01-01..2023-05-01
INE783X01,N,CHEMFAB,Chemfab Alkalis Limited,2023-01-01..2023-05-01
INE784B01,N,WINSOME,Winsome Yarns Limited,2023-01-01..2023-05-01
INE784W01,N,MANOMAY,Manomay Tex India Limited,2023-01-01..2023-05-01
INE785A01,N,JAYAGROGN,Jayant Agro Organics Limited,2023-01-01..2023-05-01
INE785M01,N,PCJEWELLER,PC Jeweller Limited,2023-01-01..2023-05-01
INE786A01,N,JKLAKSHMI,JK Lakshmi Cement Limited,2023-01-01..2023-05-01
INE786F01,N,UTTAMSUGAR,Uttam Sugar Mills Limited,2023-01-01..2023-05-01
INE786W01,N,RKEC,RKEC Projects Limited,2023-01-01..2023-05-01
INE787D01,N,BALKRISIND,Balkrishna Industries Limited,2023-01-01..2023-05-01
INE788B01,N,INDSWFTLTD,Ind-Swift Limited,2023-01-01..2023-05-01
INE788H01,N,HILTON,Hilton Metal Forging Limited,2023-01-01..2023-05-01
INE788J01,N,SHIVALIK,Shivalik Rasayan Limited,2023-01-01..2023-05-01
INE789E01,N,JKPAPER,JK Paper Limited,2023-01-01..2023-05-01
INE790B01,N,KCPSUGIND,KCP Sugar and Industries Corporation Limited,2023-01-01..2023-05-01
INE790G01,N,SHILPAMED,Shilpa Medicare Limited,2023-01-01..2023-05-01
INE791A01,N,BLBLIMITED,BLB Limited,2023-01-01..2023-05-01
INE791I01,N,BRIGADE,Brigade Enterprises Limited,2023-01-01..2023-05-01
INE792B01,N,AMBICAAGAR,Ambica Agarbathies & Aroma industries Limited,2023-01-01..2023-05-01
INE792H01,N,GLOBALVECT,Global Vectra Helicorp Limited,2023-01-01..2023-05-01
INE792I01,N,CORDSCABLE,Cords Cable Industries Limited,2023-01-01..2023-05-01
INE792Z01,N,SIRCA,Sirca Paints India Limited,2023-01-01..2023-05-01
INE793A01,N,ACCELYA,Accelya Solutions India Limited,2023-01-01..2023-05-01
INE794A01,N,NEULANDLAB,Neuland Laboratories Limited,2023-01-01..2023-05-01
INE794B01,N,BALAJITELE,Balaji Telefilms Limited,2023-01-01..2023-05-01
INE796G01,N,JINDALPHOT,Jindal Photo Limited,2023-01-01..2023-05-01
INE797F01,N,JUBLFOOD,Jubilant Foodworks Limited,2023-01-01..2023-05-01
INE797H01,N,TGBHOTELS,TGB Banquets And Hotels Limited,2023-01-01..2023-05-01
INE798K01,N,KRITINUT,Kriti Nutrients Limited,2023-01-01..2023-05-01
INE800A01,N,BIRLACABLE,Birla Cable Limited,2023-01-01..2023-05-01
INE800H01,N,OMAXE,Omaxe Limited,2023-01-01..2023-05-01
INE801L01,N,AIROLAM,Airo Lam limited,2023-01-01..2023-05-01
INE801V01,N,LAXMICOT,Laxmi Cotspin Limited,2023-01-01..2023-05-01
INE802B01,N,LINC,Linc Limited,2023-01-01..2023-05-01
INE802C01,N,SSWL,Steel Strips Wheels Limited,2023-01-01..2023-05-01
INE802G01,N,JETAIRWAYS,Jet Airways (India) Limited,2023-01-01..2023-05-01
INE802W01,N,BOHRAIND,Bohra Industries Limited,2023-01-01..2023-05-01
INE803A01,N,ATNINTER,ATN International Limited,2023-01-01..2023-05-01
INE803D01,N,INDOBORAX,Indo Borax & Chemicals Limited,2023-01-01..2023-05-01
INE803H01,N,RUCHIRA,Ruchira Papers Limited,2023-01-01..2023-05-01
INE804H01,F,TFL,Transwarranty Finance Limited,2023-01-01..2023-05-01
INE804L01,N,MEDPLUS,Medplus Health Services Limited,2023-01-01..2023-05-01
INE805A01,N,GOLDTECH,AION-TECH SOLUTIONS LIMITED,2023-01-01..2023-05-01
INE805C01,N,KCP,KCP Limited,2023-01-01..2023-05-01
INE805D01,N,SUNTECK,Sunteck Realty Limited,2023-01-01..2023-05-01
INE806A01,N,VIKASECO,Vikas EcoTech Limited,2023-01-01..2023-05-01
INE806C01,N,TIL,TIL Limited,2023-01-01..2023-05-01
INE806T01,N,SAPPHIRE,Sapphire Foods India Limited,2023-01-01..2023-05-01
INE807F01,N,VIYASH,Viyash Scientific Limited,2023-01-01..2023-05-01
INE807K01,N,SCHAND,S Chand And Company Limited,2023-01-01..2023-05-01
INE809A01,N,RAMAPHO,Rama Phosphates Limited,2023-01-01..2023-05-01
INE809I01,N,ONMOBILE,OnMobile Global Limited,2023-01-01..2023-05-01
INE810G01,N,SHYAMMETL,Shyam Metalics and Energy Limited,2023-01-01..2023-05-01
INE811A01,N,KIRLPNU,Kirloskar Pneumatic Company Limited,2023-01-01..2023-05-01
INE811K01,N,PRESTIGE,Prestige Estates Projects Limited,2023-01-01..2023-05-01
INE812G01,N,SMSPHARMA,SMS Pharmaceuticals Limited,2023-01-01..2023-05-01
INE813A01,N,MAHLIFE,Mahindra Lifespace Developers Limited,2023-01-01..2023-05-01
INE813H01,N,TORNTPOWER,Torrent Power Limited,2023-01-01..2023-05-01
INE813V01,N,MCL,M TEK COPPER LIMITED,2023-05-02..2023-08-30
INE814H01,N,ADANIPOWER,Adani Power Limited,2023-01-01..2023-05-01
INE816B01,N,FILATEX,Filatex India Limited,2023-01-01..2023-05-01
INE817A01,N,MELSTAR,Melstar Information Technologies Limited,2024-04-29..2024-08-27
INE817H01,N,BURNPUR,Burnpur Cement Limited,2023-01-01..2023-05-01
INE818A01,N,ANTELOPUS,Antelopus Selan Energy Limited,2023-01-01..2023-05-01
INE818B01,N,PASUPTAC,Pasupati Acrylon Limited,2023-01-01..2023-05-01
INE818H01,N,LTFOODS,LT Foods Limited,2023-01-01..2023-05-01
INE818W01,B,ESAFSFB,ESAF Small Finance Bank Limited,2023-08-31..2023-12-29
INE819L01,N,ELGIRUBCO,Elgi Rubber Company Limited,2023-01-01..2023-05-01
INE820Y01,N,AJOONI,Ajooni Biotech Limited,2023-01-01..2023-05-01
INE821I01,N,IRB,IRB Infrastructure Developers Limited,2023-01-01..2023-05-01
INE822C01,N,TCPLPACK,TCPL Packaging Limited,2023-01-01..2023-05-01
INE822E01,N,SUPREME,Supreme Holdings & Hospitality (India) Limited,2024-12-27..2025-02-28
INE822G01,N,ELECTHERM,Electrotherm (India) Limited,2023-01-01..2023-05-01
INE823A01,N,KOTHARIPRO,Kothari Products Limited,2023-01-01..2023-05-01
INE823G01,N,JKCEMENT,JK Cement Limited,2023-01-01..2023-05-01
INE824G01,N,JSWHL,JSW Holdings Limited,2023-01-01..2023-05-01
INE824Q01,N,MANAKSTEEL,Manaksia Steels Limited,2023-01-01..2023-05-01
INE825A01,N,VTL,Vardhman Textiles Limited,2023-01-01..2023-05-01
INE825V01,N,MANYAVAR,Vedant Fashions Limited,2023-01-01..2023-05-01
INE826C01,N,GUJAPOLLO,Gujarat Apollo Industries Limited,2023-01-01..2023-05-01
INE828A01,N,BIL,Bhartiya International Limited,2023-01-01..2023-05-01
INE828O01,N,MITCON,MITCON Consultancy & Engineering Services Limited,2023-01-01..2023-05-01
INE829A01,N,BIOFILCHEM,Biofil Chemicals & Pharmaceuticals Limited,2023-01-01..2023-05-01
INE830C01,N,EMAMIPAP,Emami Paper Mills Limited,2023-01-01..2023-05-01
INE830Q01,N,MANAKCOAT,Manaksia Coated Metals & Industries Limited,2023-01-01..2023-05-01
INE831A01,N,ONIDA,Onida Electronics Limited,2023-01-01..2023-05-01
INE831Q01,N,BKMINDST,Bkm Industries Limited,2023-12-30..2024-04-28
INE832A01,N,MODIRUBBER,Modi Rubber Limited,2023-01-01..2023-05-01
INE834A01,N,ATCOM,Atcom Technologies Limited,2023-01-01..2023-05-01
INE834I01,N,KHADIM,Khadim India Limited,2023-01-01..2023-05-01
INE834M01,N,RTNINDIA,RattanIndia Enterprises Limited,2023-01-01..2023-05-01
INE835A01,N,VARDMNPOLY,Vardhman Polytex Limited,2023-01-01..2023-05-01
INE835B01,N,MOLDTECH,Mold-Tek Technologies Limited,2023-01-01..2023-05-01
INE835D01,N,HIRECT,Hind Rectifiers Limited,2023-01-01..2023-05-01
INE835G01,N,ALLDIGI,Alldigi Tech Limited,2023-01-01..2023-05-01
INE836A01,N,BSOFT,BIRLASOFT LIMITED,2023-01-01..2023-05-01
INE836B01,F,SATIN,Satin Creditcare Network Limited,2023-01-01..2023-05-01
INE836F01,N,DISHTV,Dish TV India Limited,2023-01-01..2023-05-01
INE837H01,N,ADVENZYMES,Advanced Enzyme Technologies Limited,2023-01-01..2023-05-01
INE838B01,N,BHARATRAS,Bharat Rasayan Limited,2023-01-01..2023-05-01
INE838E01,N,PONNIERODE,Ponni Sugars (Erode) Limited,2023-01-01..2023-05-01
INE839G01,N,JOCIL,Jocil Limited,2023-01-01..2023-05-01
INE839M01,N,SCHNEIDER,Schneider Electric Infrastructure Limited,2023-01-01..2023-05-01
INE840M01,N,ZUARI,Zuari Agro Chemicals Limited,2023-01-01..2023-05-01
INE840Y01,N,ONEPOINT,One Point One Solutions Limited,2023-01-01..2023-05-01
INE841B01,F,INDBANK,Indbank Merchant Banking Services Limited,2023-01-01..2023-05-01
INE841L01,N,DEEDEV,DEE Development Engineers Limited,2024-04-29..2024-08-27
INE842C01,N,MINDACORP,Minda Corporation Limited,2023-01-01..2023-05-01
INE843B01,N,MAHAPEXLTD,Maha Rashtra Apex Corporation Limited,2023-01-01..2023-05-01
INE843D01,N,DCMSRIND,DCM Shriram Industries Limited,2023-01-01..2023-05-01
INE843S01,N,SURAJEST,Suraj Estate Developers Limited,2023-12-30..2024-04-28
INE844A01,N,PEARLPOLY,Pearl Polymers Limited,2023-01-01..2023-05-01
INE844K01,N,BEDMUTHA,Bedmutha Industries Limited,2023-01-01..2023-05-01
INE844O01,N,GUJENERGY,GUJARAT ENERGY LIMITED,2023-01-01..2023-05-01
INE845D01,N,GANECOS,Ganesha Ecosphere Limited,2023-01-01..2023-05-01
INE846D01,N,LORDSCHLO,Lords Chloro Alkali Limited,2023-08-31..2023-12-29
INE847C01,N,ROSSELLIND,Rossell India Limited,2023-01-01..2023-05-01
INE848A01,N,IZMO,IZMO Limited,2023-01-01..2023-05-01
INE848E01,N,NHPC,NHPC Limited,2023-01-01..2023-05-01
INE849A01,N,TRENT,Trent Limited,2023-01-01..2023-05-01
INE849C01,N,SHALPAINTS,Shalimar Paints Limited,2023-05-02..2023-08-30
INE850D01,N,GODREJAGRO,Godrej Agrovet Limited,2023-01-01..2023-05-01
INE850E01,F,LFIC,Lakshmi Finance & Industrial Corporation Limited,2023-01-01..2023-05-01
INE850M01,F,NORTHARC,Northern Arc Capital Limited,2024-08-28..2024-12-26
INE851I01,N,UDS,Updater Services Limited,2023-08-31..2023-12-29
INE852O01,F,APTUS,Aptus Value Housing Finance India Limited,2023-01-01..2023-05-01
INE854B01,N,JAYNECOIND,Jayaswal Neco Industries Limited,2023-01-01..2023-05-01
INE854D01,N,UNITDSPR,United Spirits Limited,2023-01-01..2023-05-01
INE854S01,N,GENCON,Generic Engineering Construction and Projects Limited,2023-01-01..2023-05-01
INE855B01,N,RAIN,Rain Industries Limited,2023-01-01..2023-05-01
INE855C01,N,WEBELSOLAR,Websol Energy System Limited,2023-01-01..2023-05-01
INE855F01,N,ASMS,Avio Smart Market Stack Limited,2023-05-02..2023-08-30
INE855R01,N,RADIANTCMS,Radiant Cash Management Services Limited,2023-01-01..2023-05-01
INE858B01,N,ISGEC,Isgec Heavy Engineering Limited,2023-01-01..2023-05-01
INE858F01,N,NITCO,Nitco Limited,2023-01-01..2023-05-01
INE859A01,F,PNBGILTS,PNB Gilts Limited,2023-01-01..2023-05-01
INE859Q01,N,MANAKALUCO,Manaksia Aluminium Company Limited,2023-01-01..2023-05-01
INE860A01,N,HCLTECH,HCL Technologies Limited,2023-01-01..2023-05-01
INE860T01,N,SABEVENTS,Sab Events & Governance Now Media Limited,2023-01-01..2023-05-01
INE861A01,N,VISESHINFO,Visesh Infotecnics Limited,2023-01-01..2023-05-01
INE861B01,N,MOTOGENFIN,The Motor & General Finance Limited,2023-01-01..2023-05-01
INE862Y01,N,BANKA,Banka BioLoo Limited,2023-01-01..2023-05-01
INE863B01,N,PREMEXPLN,Premier Explosives Limited,2023-01-01..2023-05-01
INE863I01,N,BANG,Bang Overseas Limited,2023-01-01..2023-05-01
INE863T01,N,JITFINFRA,JITF Infralogistics Limited,2023-01-01..2023-05-01
INE864B01,N,UMANGDAIRY,Umang Dairies Limited,2023-01-01..2023-05-01
INE864I01,N,MTARTECH,Mtar Technologies Limited,2023-01-01..2023-05-01
INE864K01,N,IRIS,IRIS RegTech Solutions Limited,2023-01-01..2023-05-01
INE864X01,N,DPWIRES,D P Wires Limited,2023-01-01..2023-05-01
INE865C01,F,BIRLAMONEY,Aditya Birla Money Limited,2023-01-01..2023-05-01
INE865T01,N,PDMJEPAPER,Pudumjee Paper Products Limited,2023-01-01..2023-05-01
INE866K01,N,WAAREEINDO,Indosolar Limited,2023-01-01..2023-05-01
INE866R01,N,MATRIMONY,Matrimony.Com Limited,2023-01-01..2023-05-01
INE867A01,N,MANUGRAPH,Manugraph India Limited,2023-01-01..2023-05-01
INE868B01,N,NCC,NCC Limited,2023-01-01..2023-05-01
INE869I01,N,GTPL,GTPL Hathway Limited,2023-01-01..2023-05-01
INE869Y01,N,TEMBO,Tembo Global Industries Limited,2023-01-01..2023-05-01
INE870D01,N,NFL,National Fertilizers Limited,2023-05-02..2023-08-30
INE870H01,N,NETWORK18,Network18 Media & Investments Limited,2023-01-01..2023-05-01
INE871C01,N,AVANTIFEED,Avanti Feeds Limited,2023-01-01..2023-05-01
INE871H01,N,GSS,GSS Infotech Limited,2023-01-01..2023-05-01
INE871K01,N,HMVL,Hindustan Media Ventures Limited,2023-01-01..2023-05-01
INE871L01,N,TVVISION,TV Vision Limited,2023-01-01..2023-05-01
INE872A01,F,SREINFRA,SREI Infrastructure Finance Limited,2023-01-01..2023-05-01
INE872H01,N,LUMAXTECH,Lumax Auto Technologies Limited,2023-01-01..2023-05-01
INE872J01,N,DEVYANI,Devyani International Limited,2023-01-01..2023-05-01
INE873D01,N,INDOCO,Indoco Remedies Limited,2023-01-01..2023-05-01
INE874F01,N,RADAAN,Radaan Mediaworks India Limited,2023-01-01..2023-05-01
INE874H01,N,CANDC,C & C Constructions Limited,2024-12-27..2025-02-28
INE874I01,N,RAMKY,Ramky Infrastructure Limited,2023-01-01..2023-05-01
INE875A01,N,IVRCLINFRA,IVRCL Limited,2023-05-02..2023-08-30
INE875G01,N,NDL,Nandan Denim Limited,2023-05-02..2023-08-30
INE875R01,N,BALKRISHNA,Balkrishna Paper Mills Limited,2023-01-01..2023-05-01
INE876N01,N,ORIENTCEM,Orient Cement Limited,2023-01-01..2023-05-01
INE877F01,N,PTC,PTC India Limited,2023-05-02..2023-08-30
INE877I01,N,ARCHIDPLY,Archidply Industries Limited,2023-01-01..2023-05-01
INE877V01,N,SURAKSHA,Suraksha Diagnostic Limited,2024-08-28..2024-12-26
INE878A01,N,GVPIL,GE Power India Limited,2023-01-01..2023-05-01
INE878B01,N,KEI,KEI Industries Limited,2023-01-01..2023-05-01
INE878E01,N,SETCO,Setco Automotive Limited,2023-01-01..2023-05-01
INE878H01,F,INVENTURE,Inventure Growth & Securities Limited,2023-01-01..2023-05-01
INE878I01,N,BAFNAPH,Bafna Pharmaceuticals Limited,2023-01-01..2023-05-01
INE878K01,F,BFINVEST,BF Investment Limited,2023-01-01..2023-05-01
INE879A01,N,SHREERAMA,Shree Rama Multi-Tech Limited,2023-01-01..2023-05-01
INE879E01,N,KANANIIND,Kanani Industries Limited,2023-01-01..2023-05-01
INE879I01,N,DBREALTY,Valor Estate Limited,2023-01-01..2023-05-01
INE880J01,N,JSWINFRA,JSW Infrastructure Limited,2023-12-30..2024-04-28
INE880L01,N,KIOCL,KIOCL Limited,2023-01-01..2023-05-01
INE881D01,N,OFSS,Oracle Financial Services Software Limited,2023-01-01..2023-05-01
INE882A01,N,MARALOVER,Maral Overseas Limited,2023-01-01..2023-05-01
INE883A01,N,MRF,MRF Limited,2023-01-01..2023-05-01
INE883F01,F,AADHARHFC,Aadhar Housing Finance Limited,2024-04-29..2024-08-27
INE883N01,N,PARAGMILK,Parag Milk Foods Limited,2023-01-01..2023-05-01
INE884A01,N,VAIBHAVGBL,Vaibhav Global Limited,2023-01-01..2023-05-01
INE885A01,N,ARE&M,Amara Raja Energy & Mobility Limited,2023-01-01..2023-05-01
INE885E01,N,MAZDA,Mazda Limited,2023-05-02..2023-08-30
INE885F01,N,MASKINVEST,Mask Investments Limited,2023-01-01..2023-05-01
INE885H01,N,SPORTKING,Sportking India Limited,2023-01-01..2023-05-01
INE886A01,F,IITL,Industrial Investment Trust Limited,2023-01-01..2023-05-01
INE886H01,N,TV18BRDCST,TV18 Broadcast Limited,2023-01-01..2023-05-01
INE887E01,N,NGLFINE,NGL Fine-Chem Limited,2023-01-01..2023-05-01
INE887G01,N,GOKEX,Gokaldas Exports Limited,2023-01-01..2023-05-01
INE888B01,N,PODDARHOUS,Poddar Housing and Development Limited,2023-01-01..2023-05-01
INE888C01,N,SADHNANIQ,Sadhana Nitrochem Limited,2023-05-02..2023-08-30
INE889B01,N,KUNDANMM,Kundan Minerals and Metals Limited,2024-04-29..2024-08-27
INE890C01,N,SANWARIA,Sanwaria Consumer Limited,2023-01-01..2023-05-01
INE891A01,N,DSKULKARNI,DS Kulkarni Developers Limited,2023-01-01..2023-05-01
INE891B01,N,DCMFINSERV,DCM Financial Services Limited,2023-01-01..2023-05-01
INE891D01,N,REDINGTON,Redington Limited,2023-01-01..2023-05-01
INE893I01,N,VASCONEQ,Vascon Engineers Limited,2023-01-01..2023-05-01
INE893J01,N,MOLDTKPAC,Mold-Tek Packaging Limited,2023-01-01..2023-05-01
INE895B01,N,RUPA,Rupa & Company Limited,2023-01-01..2023-05-01
INE895W01,N,PANACHE,Panache Digilife Limited,2023-01-01..2023-05-01
INE896L01,F,INDOSTAR,IndoStar Capital Finance Limited,2023-01-01..2023-05-01
INE898S01,N,AURUM,Aurum PropTech Limited,2023-01-01..2023-05-01
INE899L01,N,UJAAS,Ujaas Energy Limited,2023-01-01..2023-05-01
INE900B01,N,KABRAEXTRU,Kabra Extrusion Technik Limited,2023-01-01..2023-05-01
INE900C01,N,ASAL,Automotive Stampings and Assemblies Limited,2023-01-01..2023-05-01
INE900L01,N,MBAPL,Madhya Bharat Agro Products Limited,2023-01-01..2023-05-01
INE901L01,N,APLLTD,Alembic Pharmaceuticals Limited,2023-01-01..2023-05-01
INE902B01,N,S&SPOWER,S&S Power Switchgears Limited,2023-01-01..2023-05-01
INE903D01,N,MONARCH,Monarch Networth Capital Limited,2023-01-01..2023-05-01
INE903U01,N,SIGNATURE,Signatureglobal (India) Limited,2023-08-31..2023-12-29
INE904J01,N,JINDCOT,Jindal Cotex Limited,2023-01-01..2023-05-01
INE907A01,N,KSL,Kalyani Steels Limited,2023-01-01..2023-05-01
INE908D01,N,SHAKTIPUMP,Shakti Pumps (India) Limited,2023-01-01..2023-05-01
INE908V01,N,LIBAS,Libas Consumer Products Limited,2023-01-01..2023-05-01
INE910C01,N,TTKHLTCARE,TTK Healthcare Limited,2023-01-01..2023-05-01
INE911B01,F,TCIFINANCE,TCI Finance Limited,2023-01-01..2023-05-01
INE912H01,N,MBLINFRA,MBL Infrastructure Limited,2023-01-01..2023-05-01
INE912L01,N,ONELIFECAP,Onelife Capital Advisors Limited,2023-01-01..2023-05-01
INE912T01,N,RPEL,Raghav Productivity Enhancers Limited,2024-08-28..2024-12-26
INE913H01,N,ENDURANCE,Endurance Technologies Limited,2023-01-01..2023-05-01
INE914E01,N,ALANKIT,Alankit Limited,2023-01-01..2023-05-01
INE914M01,N,ASTERDM,Aster DM Quality Care Limited,2023-01-01..2023-05-01
INE915B01,N,INDSWFTLAB,Ind-Swift Laboratories Limited,2023-01-01..2023-05-01
INE915K01,N,AHLWEST,Asian Hotels (West) Limited,2024-04-29..2024-08-27
INE916G01,N,GEECEE,GeeCee Ventures Limited,2023-01-01..2023-05-01
INE916U01,N,SFL,Sheela Foam Limited,2023-01-01..2023-05-01
INE916Y01,F,AFIL,Akme Fintrade (India) Limited,2024-04-29..2024-08-27
INE917H01,N,SRHHYPOLTD,Sree Rayalaseema Hi-Strength Hypo Limited,2023-01-01..2023-05-01
INE917I01,N,BAJAJ-AUTO,Bajaj Auto Limited,2023-01-01..2023-05-01
INE917M01,N,DBL,Dilip Buildcon Limited,2023-01-01..2023-05-01
INE918I01,F,BAJAJFINSV,Bajaj Finserv Limited,2023-01-01..2023-05-01
INE918N01,N,VETO,Veto Switchgears And Cables Limited,2023-01-01..2023-05-01
INE918Z01,N,KAYNES,Kaynes Technology India Limited,2023-01-01..2023-05-01
INE919H01,N,IMFA,Indian Metals & Ferro Alloys Limited,2023-01-01..2023-05-01
INE919I01,N,RADIOCITY,Music Broadcast Limited,2023-01-01..2023-05-01
INE920A01,N,DOLPHINOFF,Dolphin Offshore Enterprises (India) Limited,2023-05-02..2023-08-30
INE921B01,N,DBSTOCKBRO,DB (International) Stock Brokers Limited,2023-01-01..2023-05-01
INE922A01,N,BEPL,Bhansali Engineering Polymers Limited,2023-01-01..2023-05-01
INE922B01,N,PANACEABIO,Panacea Biotec Limited,2023-01-01..2023-05-01
INE922K01,N,INDIASHLTR,India Shelter Finance Corporation Limited,2023-12-30..2024-04-28
INE923A01,F,SILINV,SIL Investments Limited,2023-01-01..2023-05-01
INE924D01,N,THEINVEST,The Investment Trust Of India Limited,2023-01-01..2023-05-01
INE924H01,N,TARMAT,Tarmat Limited,2023-01-01..2023-05-01
INE925C01,N,MADHAV,Madhav Marbles and Granites Limited,2023-01-01..2023-05-01
INE925R01,N,CMSINFO,CMS Info Systems Limited,2023-01-01..2023-05-01
INE925Y01,N,AURIGROW,Auri Grow India Limited,2023-01-01..2023-05-01
INE926K01,N,AHLEAST,Asian Hotels (East) Limited,2023-01-01..2023-05-01
INE926X01,N,HGINFRA,H.G. Infra Engineering Limited,2023-01-01..2023-05-01
INE927A01,N,ROLLT,Rollatainers Limited,2023-05-02..2023-08-30
INE927C01,N,DIGISPICE,DiGiSPICE Technologies Limited,2023-01-01..2023-05-01
INE927D01,N,JBMA,JBM Auto Limited,2023-01-01..2023-05-01
INE930H01,N,KPRMILL,K.P.R. Mill Limited,2023-01-01..2023-05-01
INE930P01,N,ANURAS,Anupam Rasayan India Limited,2023-01-01..2023-05-01
INE931S01,N,ADANIENSOL,Adani Energy Solutions Limited,2023-01-01..2023-05-01
INE932A01,N,PENIND,Pennar Industries Limited,2023-01-01..2023-05-01
INE932C01,N,TOKYOPLAST,Tokyo Plast International Limited,2023-01-01..2023-05-01
INE932X01,N,SHAREINDIA,Share India Securities Limited,2023-01-01..2023-05-01
INE933A01,N,LYKALABS,Lyka Labs Limited,2023-01-01..2023-05-01
INE933B01,N,SIGMAADV,SIGMA ADVANCED SYSTEMS LIMITED,2023-01-01..2023-05-01
INE933K01,N,BAJAJCON,Bajaj Consumer Care Limited,2023-01-01..2023-05-01
INE933S01,N,INDIAMART,Indiamart Intermesh Limited,2023-01-01..2023-05-01
INE933X01,N,SHANTI,Shanti Overseas (India) Limited,2023-01-01..2023-05-01
INE934B01,N,MERCATOR,Mercator Limited,2023-01-01..2023-05-01
INE934S01,N,GNA,GNA Axles Limited,2023-01-01..2023-05-01
INE935A01,N,GLENMARK,Glenmark Pharmaceuticals Limited,2023-01-01..2023-05-01
INE935B01,N,MOSCHIP,Moschip Technologies Limited,2024-12-27..2025-02-28
INE935N01,N,DIXON,Dixon Technologies (India) Limited,2023-01-01..2023-05-01
INE937A01,N,SPMLINFRA,SPML Infra Limited,2023-01-01..2023-05-01
INE937C01,N,NILAINFRA,Nila Infrastructures Limited,2023-01-01..2023-05-01
INE938A01,N,LCCINFOTEC,LCC Infotech Limited,2023-01-01..2023-05-01
INE939A01,N,STAR,Strides Pharma Science Limited,2023-01-01..2023-05-01
INE939X01,F,MANBA,Manba Finance Limited,2024-08-28..2024-12-26
INE940H01,N,PGIL,Pearl Global Industries Limited,2023-01-01..2023-05-01
INE942G01,N,MCLEODRUSS,Mcleod Russel India Limited,2023-01-01..2023-05-01
INE943D01,N,MPSLTD,MPS Limited,2023-01-01..2023-05-01
INE943P01,N,AGARWALEYE,Dr. Agarwal's Health Care Limited,2024-12-27..2025-02-28
INE944F01,N,RADICO,Radico Khaitan Limited,2023-01-01..2023-05-01
INE945H01,N,V2RETAIL,V2 Retail Limited,2023-01-01..2023-05-01
INE946H01,N,VIPULLTD,Vipul Limited,2023-01-01..2023-05-01
INE947A01,N,SUNFLAG,Sunflag Iron And Steel Company Limited,2023-01-01..2023-05-01
INE947I01,N,LOTUSEYE,Lotus Eye Hospital and Institute Limited,2023-01-01..2023-05-01
INE947J01,N,DEN,Den Networks Limited,2023-01-01..2023-05-01
INE947Q01,N,LAURUSLABS,Laurus Labs Limited,2023-01-01..2023-05-01
INE948A01,N,TRIGYN,Trigyn Technologies Limited,2023-01-01..2023-05-01
INE949H01,N,MANINFRA,Man Infraconstruction Limited,2023-01-01..2023-05-01
INE949L01,B,AUBANK,AU Small Finance Bank Limited,2023-01-01..2023-05-01
INE949P01,N,GENUSPAPER,Genus Paper & Boards Limited,2023-01-01..2023-05-01
INE950I01,N,DBCORP,D.B.Corp Limited,2023-01-01..2023-05-01
INE950M01,N,MONTECARLO,Monte Carlo Fashions Limited,2023-01-01..2023-05-01
INE951D01,N,ATULAUTO,Atul Auto Limited,2023-01-01..2023-05-01
INE951I01,N,VGUARD,V-Guard Industries Limited,2023-01-01..2023-05-01
INE952A01,N,HINDNATGLS,Hindusthan National Glass & Industries Limited,2023-01-01..2023-05-01
INE952H01,N,RAJTV,Raj Television Network Limited,2023-01-01..2023-05-01
INE953L01,B,JSFB,Jana Small Finance Bank Limited,2023-12-30..2024-04-28
INE953O01,N,SANSERA,Sansera Engineering Limited,2023-01-01..2023-05-01
INE953R01,N,PNGJL,P N Gadgil Jewellers Limited,2024-08-28..2024-12-26
INE954E01,N,MOHITIND,Mohit Industries Limited,2023-01-01..2023-05-01
INE955D01,N,GENUSPOWER,Genus Power Infrastructures Limited,2023-01-01..2023-05-01
INE955I01,N,SEJALLTD,Sejal Glass Limited,2023-01-01..2023-05-01
INE955V01,N,ARVINDFASN,Arvind Fashions Limited,2023-01-01..2023-05-01
INE956G01,N,WABAG,VA Tech Wabag Limited,2023-01-01..2023-05-01
INE959A01,N,PRIVISCL,Privi Speciality Chemicals Limited,2023-01-01..2023-05-01
INE959C01,N,OAL,Oriental Aromatics Limited,2023-01-01..2023-05-01
INE961D01,N,UNIDT,United Drilling Tools Limited,2023-01-01..2023-05-01
INE961O01,N,RAINBOW,Rainbow Childrens Medicare Limited,2023-01-01..2023-05-01
INE962C01,N,EASTSILK,Eastern Silk Industries Limited,2023-01-01..2023-05-01
INE962Y01,N,IRCON,Ircon International Limited,2023-01-01..2023-05-01
INE963C01,N,FAZE3Q,Faze Three Limited,2023-01-01..2023-05-01
INE964H01,N,SEPC,SEPC Limited,2023-01-01..2023-05-01
INE964W01,N,MKPL,M K Proteins Limited,2023-05-02..2023-08-30
INE965A01,N,VISUINTL,Visu International Limited,2023-01-01..2023-05-01
INE965B01,N,HYBRIDFIN,Hybrid Financial Services Limited,2023-01-01..2023-05-01
INE965H01,N,SITINET,Siti Networks Limited,2023-01-01..2023-05-01
INE966A01,N,DOLATALGO,Dolat Algotech Limited,2023-12-30..2024-04-28
INE966H01,N,ZEEMEDIA,Zee Media Corporation Limited,2023-01-01..2023-05-01
INE967C01,N,KAMATHOTEL,Kamat Hotels (I) Limited,2023-01-01..2023-05-01
INE967H01,N,KIMS,Krishna Institute of Medical Sciences Limited,2023-01-01..2023-05-01
INE968D01,N,ARSHIYA,Arshiya Limited,2023-01-01..2023-05-01
INE970D01,N,LOYALTEX,Loyal Textile Mills Limited,2023-01-01..2023-05-01
INE970N01,N,SPCENET,Spacenet Enterprises India Limited,2023-01-01..2023-05-01
INE970X01,N,LEMONTREE,Lemon Tree Hotels Limited,2023-01-01..2023-05-01
INE972X01,N,VAISHALI,Vaishali Pharma Limited,2023-01-01..2023-05-01
INE974B01,N,CHEVIOT,Cheviot Company Limited,2023-01-01..2023-05-01
INE974X01,N,TIINDIA,Tube Investments of India Limited,2023-01-01..2023-05-01
INE974Z01,N,PRITI,Priti International Limited,2023-01-01..2023-05-01
INE976A01,N,WSTCSTPAPR,West Coast Paper Mills Limited,2023-01-01..2023-05-01
INE976E01,N,FOODSIN,Foods & Inns Limited,2023-01-01..2023-05-01
INE976G01,B,RBLBANK,RBL Bank Limited,2023-01-01..2023-05-01
INE976R01,N,AGIIL,Agi Infra Limited,2024-04-29..2024-08-27
INE976T01,N,SAGARDEEP,Sagardeep Alloys Limited,2023-01-01..2023-05-01
INE977Y01,N,BCONCEPTS,Brand Concepts Limited,2023-01-01..2023-05-01
INE978A01,N,HERITGFOOD,Heritage Foods Limited,2023-01-01..2023-05-01
INE978G01,N,SPLIL,SPL Industries Limited,2023-01-01..2023-05-01
INE979A01,N,SAREGAMA,Saregama India Limited,2023-01-01..2023-05-01
INE979R01,N,SHYAMCENT,Shyam Century Ferrous Limited,2023-01-01..2023-05-01
INE980A01,N,PRESSMN,Pressman Advertising Limited,2023-01-01..2023-05-01
INE980O01,N,JYOTICNC,Jyoti CNC Automation Limited,2023-12-30..2024-04-28
INE980Y01,N,SOUTHWEST,South West Pinnacle Exploration Limited,2023-05-02..2023-08-30
INE981B01,N,CMICABLES,CMI Limited,2023-01-01..2023-05-01
INE982B01,N,ADFFOODS,ADF Foods Limited,2023-01-01..2023-05-01
INE982F01,N,HATHWAY,Hathway Cable & Datacom Limited,2023-01-01..2023-05-01
INE982J01,N,PAYTM,One 97 Communications Limited,2023-01-01..2023-05-01
INE982V01,N,JETFREIGHT,Jet Freight Logistics Limited,2023-01-01..2023-05-01
INE985A01,N,SINCLAIR,Sinclairs Hotels Limited,2024-04-29..2024-08-27
INE985S01,N,TEAMLEASE,Teamlease Services Limited,2023-01-01..2023-05-01
INE985W01,N,CNL,Creative Newtech Limited,2023-01-01..2023-05-01
INE987B01,N,NATCOPHARM,Natco Pharma Limited,2023-01-01..2023-05-01
INE988A01,N,ASIL,Amit Spinning Industries Limited,2023-01-01..2023-05-01
INE988C01,N,DHARSUGAR,Dharani Sugars & Chemicals Limited,2023-01-01..2023-05-01
INE988K01,F,EQUITAS,Equitas Holdings Limited,2023-01-01..2023-05-01
INE988S01,N,PARKHOTELS,Apeejay Surrendra Park Hotels Limited,2023-12-30..2024-04-28
INE989A01,N,SANGHVIMOV,Sanghvi Movers Limited,2023-01-01..2023-05-01
INE989C01,N,DIAPOWER,Diamond Power Infra Ltd,2023-01-01..2023-05-01
INE991I01,N,ASPINWALL,Aspinwall and Company Limited,2023-01-01..2023-05-01
INE992I01,F,STARTECK,Starteck Finance Limited,2023-01-01..2023-05-01
INE993A01,N,MANINDS,Man Industries (India) Limited,2023-01-01..2023-05-01
INE995D01,N,CHEMBOND,Chembond Material Technologies Limited,2023-01-01..2023-05-01
INE997Y01,N,MITTAL,Mittal Life Style Limited,2023-01-01..2023-05-01
INE998H01,N,ORIENTALTL,Oriental Trimex Limited,2023-01-01..2023-05-01
INE998I01,N,MHRIL,Mahindra Holidays & Resorts India Limited,2023-01-01..2023-05-01
INE999A01,N,KSB,Ksb Limited,2023-01-01..2023-05-01
INE999B01,N,SANGHIIND,Sanghi Industries Limited,2023-01-01..2023-05-01
INE999K01,N,GREENPOWER,Orient Green Power Company Limited,2023-01-01..2023-05-01
