isin,symbol,status,first_seen,last_seen,months_observed,gap_months,last_close,close_12m_before,return_12m,return_6m,peak_close,drawdown_from_peak,notes
INE043K01029,BSLIMITED,EXIT_UNKNOWN_PATH,2018-01-31,2018-01-31,1,0,1.4,,,,1.4,0.0,only one observation; path unknown
INE315J01015,FIRSTWIN,EXIT_UNKNOWN_PATH,2018-01-31,2018-01-31,1,0,3.3,,,,3.3,0.0,only one observation; path unknown
INE878C01033,GEMINI,EXIT_UNKNOWN_PATH,2018-01-31,2018-01-31,1,0,1.2,,,,1.2,0.0,only one observation; path unknown
INE110D01013,GUJNRECOKE,EXIT_UNKNOWN_PATH,2018-01-31,2018-01-31,1,0,1.25,,,,1.25,0.0,only one observation; path unknown
IN9110D01011,GUJNREDVR,EXIT_UNKNOWN_PATH,2018-01-31,2018-01-31,1,0,1.25,,,,1.25,0.0,only one observation; path unknown
INE324C01038,STERLINBIO,EXIT_UNKNOWN_PATH,2018-01-31,2018-01-31,1,0,3.7,,,,3.7,0.0,only one observation; path unknown
INE017D01010,ANGIND,EXIT_UNKNOWN_PATH,2018-02-28,2018-02-28,1,0,5.95,,,,5.95,0.0,only one observation; path unknown
INE891A01014,DSKULKARNI,EXIT_UNKNOWN_PATH,2018-02-28,2018-02-28,1,0,18.0,,,,18.0,0.0,only one observation; path unknown
INE550B01014,HBSTOCK,EXIT_FLAT_OR_UP,2018-01-31,2018-02-28,2,0,41.55,,,,49.5,-0.16060606060606067,
INE551A01022,HINDDORROL,EXIT_UNKNOWN_PATH,2018-02-28,2018-02-28,1,0,5.05,,,,5.05,0.0,only one observation; path unknown
INE092B01017,INDNIPPON,INSTRUMENT_CHANGED,2018-01-31,2018-02-28,2,0,981.7,,,,1073.25,-0.08530165385511293,"issuer still trades under a different ISIN — face-value change, split or rename, not an exit"
INE011H01014,RAJVIR,EXIT_FLAT_OR_UP,2018-01-31,2018-02-28,2,0,45.9,,,,45.9,0.0,
INE686I01011,SITASHREE,EXIT_UNKNOWN_PATH,2018-02-28,2018-02-28,1,0,4.0,,,,4.0,0.0,only one observation; path unknown
INE651G01027,SUPREMETEX,EXIT_FLAT_OR_UP,2018-01-31,2018-02-28,2,0,1.85,,,,2.45,-0.2448979591836735,
INE659D01019,SURANAIND,EXIT_FLAT_OR_UP,2018-01-31,2018-02-28,2,0,3.15,,,,3.75,-0.16000000000000003,
INE474I01012,TULSI,EXIT_FLAT_OR_UP,2018-01-31,2018-02-28,2,0,2.65,,,,2.75,-0.0363636363636364,
INE183H01011,XLENERGY,EXIT_UNKNOWN_PATH,2018-02-28,2018-02-28,1,0,2.75,,,,2.75,0.0,only one observation; path unknown
INE225I01026,ZYLOG,EXIT_FLAT_OR_UP,2018-01-31,2018-02-28,2,0,3.7,,,,4.05,-0.08641975308641967,
INE098F01023,AMRUTANJAN,INSTRUMENT_CHANGED,2018-01-31,2018-03-28,3,0,540.7,,,,597.1,-0.09445653994305807,"issuer still trades under a different ISIN — face-value change, split or rename, not an exit"
INE130C01021,AMTEKAUTO,EXIT_FLAT_OR_UP,2018-02-28,2018-03-28,2,0,20.9,,,,25.15,-0.16898608349900598,
INE481K01013,ESL,EXIT_AMBIGUOUS,2018-02-28,2018-03-28,2,0,2.4,,,,3.4,-0.29411764705882354,
INE346H01014,GITANJALI,EXIT_AFTER_COLLAPSE,2018-01-31,2018-03-28,3,0,8.3,,,,68.85,-0.879448075526507,
INE182D01012,MARATHON,INSTRUMENT_CHANGED,2018-01-31,2018-03-28,3,0,418.55,,,,574.15,-0.27100931812244183,"issuer still trades under a different ISIN — face-value change, split or rename, not an exit"
INE095N01023,NBCC,INSTRUMENT_CHANGED,2018-01-31,2018-03-28,3,0,190.4,,,,225.95,-0.1573356937375525,"issuer still trades under a different ISIN — face-value change, split or rename, not an exit"
INE602A01015,PHILIPCARB,INSTRUMENT_CHANGED,2018-01-31,2018-03-28,3,0,1085.6,,,,1206.8,-0.10043089161418632,"issuer still trades under a different ISIN — face-value change, split or rename, not an exit"
INE952D01018,BILPOWER,EXIT_FLAT_OR_UP,2018-01-31,2018-04-30,3,1,1.45,,,,1.85,-0.21621621621621628,"1 month(s) absent then trading again — suspension, not exit"
INE989C01012,DIAPOWER,EXIT_AFTER_COLLAPSE,2018-01-31,2018-04-30,4,0,3.55,,,,18.3,-0.8060109289617486,
INE343D01010,JAIHINDPRO,EXIT_FLAT_OR_UP,2018-01-31,2018-04-30,3,1,4.9,,,,5.3,-0.07547169811320745,"1 month(s) absent then trading again — suspension, not exit"
INE862A01015,LML,EXIT_AMBIGUOUS,2018-02-28,2018-04-30,3,0,5.55,,,,8.5,-0.3470588235294118,
INE194B01029,PANORAMUNI,EXIT_FLAT_OR_UP,2018-01-31,2018-04-30,4,0,8.7,,,,10.55,-0.17535545023696694,
INE675G01018,PINCON,EXIT_FLAT_OR_UP,2018-01-31,2018-04-30,4,0,26.65,,,,35.35,-0.24611032531824617,
INE703A01011,VIDEOIND,EXIT_AMBIGUOUS,2018-01-31,2018-04-30,4,0,10.3,,,,18.5,-0.4432432432432432,
INE719A01017,ZANDUREALT,EXIT_FLAT_OR_UP,2018-02-28,2018-04-30,3,0,2058.4,,,,2058.4,0.0,
INE871C01020,AVANTIFEED,INSTRUMENT_CHANGED,2018-01-31,2018-05-31,5,0,1632.85,,,,2482.9,-0.3423617544000967,"issuer still trades under a different ISIN — face-value change, split or rename, not an exit"
INE111A01017,CONCOR,INSTRUMENT_CHANGED,2018-01-31,2018-05-31,5,0,1379.05,,,,1390.3,-0.008091778752787169,"issuer still trades under a different ISIN — face-value change, split or rename, not an exit"
INE649H01011,EUROCERA,EXIT_AMBIGUOUS,2018-01-31,2018-05-31,5,0,3.8,,,,7.8,-0.5128205128205129,
INE816B01019,FILATEX,INSTRUMENT_CHANGED,2018-01-31,2018-05-31,5,0,217.9,,,,224.05,-0.02744923008257088,"issuer still trades under a different ISIN — face-value change, split or rename, not an exit"
INE872H01019,LUMAXTECH,INSTRUMENT_CHANGED,2018-01-31,2018-05-31,5,0,816.0,,,,876.45,-0.06897141879171663,"issuer still trades under a different ISIN — face-value change, split or rename, not an exit"
INE854D01016,MCDOWELL-N,INSTRUMENT_CHANGED,2018-01-31,2018-05-31,5,0,3343.6,,,,3622.2,-0.07691458229805088,"issuer still trades under a different ISIN — face-value change, split or rename, not an exit"
INE739A01015,MOSERBAER,EXIT_UNKNOWN_PATH,2018-05-31,2018-05-31,1,0,2.95,,,,2.95,0.0,only one observation; path unknown
INE950G01015,UNIPLY,EXIT_FLAT_OR_UP,2018-01-31,2018-05-31,5,0,404.85,,,,459.3,-0.11854996734160676,
INE763A01023,POLARIS,EXIT_FLAT_OR_UP,2018-01-31,2018-06-29,6,0,468.65,,,,472.5,-0.008148148148148196,
INE028D01025,RAINBOWPAP,EXIT_FLAT_OR_UP,2018-05-31,2018-06-29,2,0,2.3,,,,2.3,0.0,
INE528K01011,GALLISPAT,EXIT_FLAT_OR_UP,2018-01-31,2018-07-31,7,0,311.45,,,0.0022526146419951363,311.45,0.0,
INE992B01026,LAKSHMIEFL,EXIT_AMBIGUOUS,2018-02-28,2018-07-31,6,0,11.55,,,,25.7,-0.5505836575875486,
INE592I01029,METKORE,EXIT_AMBIGUOUS,2018-01-31,2018-07-31,7,0,1.7,,,-0.5,3.65,-0.5342465753424658,
INE743C01013,MONNETISPA,EXIT_AMBIGUOUS,2018-01-31,2018-07-31,6,1,15.8,,,-0.426497277676951,27.55,-0.426497277676951,"1 month(s) absent then trading again — suspension, not exit"
INE510K01019,SHILPI,EXIT_AFTER_COLLAPSE,2018-02-28,2018-07-31,3,3,3.1,,,,10.9,-0.7155963302752294,"3 month(s) absent then trading again — suspension, not exit"
INE529F01027,SIGNET,INSTRUMENT_CHANGED,2018-02-28,2018-07-31,6,0,5.75,,,,7.95,-0.27672955974842767,"issuer still trades under a different ISIN — face-value change, split or rename, not an exit"
INE219H01039,SRSLTD,EXIT_AMBIGUOUS,2018-01-31,2018-07-31,5,2,0.5,,,-0.6666666666666666,1.5,-0.6666666666666666,"2 month(s) absent then trading again — suspension, not exit"
INE305H01028,SUNILHITEC,EXIT_AFTER_COLLAPSE,2018-01-31,2018-07-31,7,0,2.95,,,-0.7704280155642023,12.85,-0.7704280155642023,
INE799L01016,TARAJEWELS,EXIT_AMBIGUOUS,2018-01-31,2018-07-31,7,0,5.2,,,-0.6950146627565983,17.05,-0.6950146627565983,
INE286K01024,TECHNO,EXIT_FLAT_OR_UP,2018-01-31,2018-07-31,7,0,284.7,,,-0.24332225913621267,379.5,-0.249802371541502,
INE338A01016,TIRUMALCHM,INSTRUMENT_CHANGED,2018-01-31,2018-07-31,7,0,1439.95,,,-0.2784375626378031,2192.4,-0.3432083561393906,"issuer still trades under a different ISIN — face-value change, split or rename, not an exit"
INE466H01028,UNITY,EXIT_AMBIGUOUS,2018-02-28,2018-07-31,6,0,2.1,,,,5.25,-0.6,
INE249C01011,FEDDERELEC,EXIT_AFTER_COLLAPSE,2018-01-31,2018-08-31,8,0,19.35,,,-0.7376271186440678,78.8,-0.7544416243654822,
INE430G01026,JVLAGRO,EXIT_AFTER_COLLAPSE,2018-01-31,2018-08-31,8,0,8.0,,,-0.6923076923076923,35.2,-0.7727272727272727,
INE651C01018,LAKPRE,EXIT_AFTER_COLLAPSE,2018-01-31,2018-08-31,8,0,13.25,,,-0.7323232323232324,51.55,-0.7429679922405431,
INE785C01048,LITL,EXIT_AMBIGUOUS,2018-05-31,2018-08-31,3,1,0.55,,,,1.0,-0.44999999999999996,"1 month(s) absent then trading again — suspension, not exit"
INE618H01016,PARABDRUGS,EXIT_AMBIGUOUS,2018-02-28,2018-08-31,6,1,3.8,,,-0.5365853658536586,8.2,-0.5365853658536586,"1 month(s) absent then trading again — suspension, not exit"
INE308H01022,PRATIBHA,EXIT_AMBIGUOUS,2018-02-28,2018-08-31,4,3,3.15,,,-0.5563380281690141,7.1,-0.5563380281690141,"3 month(s) absent then trading again — suspension, not exit"
INE898F01018,SIMPLEX,EXIT_AMBIGUOUS,2018-02-28,2018-08-31,7,0,16.6,,,-0.4216027874564459,28.7,-0.4216027874564459,
INE376C01020,SPENTEX,EXIT_AMBIGUOUS,2018-05-31,2018-08-31,4,0,2.8,,,,3.75,-0.25333333333333335,
INE235G01011,USHERAGRO,EXIT_AMBIGUOUS,2018-02-28,2018-08-31,7,0,2.5,,,-0.5967741935483871,6.2,-0.5967741935483871,
INE520A01019,ZENSARTECH,INSTRUMENT_CHANGED,2018-01-31,2018-08-31,8,0,1672.95,,,0.872879932829555,1672.95,0.0,"issuer still trades under a different ISIN — face-value change, split or rename, not an exit"
INE451F01016,APOLSINHOT,INSTRUMENT_CHANGED,2018-01-31,2018-09-28,9,0,1180.0,,,-0.06196589689574311,1723.6,-0.31538640055697376,"issuer still trades under a different ISIN — face-value change, split or rename, not an exit"
INE497D01014,DAMODARIND,EXIT_AMBIGUOUS,2018-01-31,2018-09-28,9,0,94.8,,,-0.26653771760154743,142.4,-0.33426966292134835,
INE022Q01012,IEX,INSTRUMENT_CHANGED,2018-01-31,2018-09-28,9,0,1606.7,,,0.0023707031006300794,1742.2,-0.07777522672483067,"issuer still trades under a different ISIN — face-value change, split or rename, not an exit"
INE369I01014,IL&FSENGG,EXIT_AMBIGUOUS,2018-02-28,2018-09-28,8,0,13.3,,,-0.5476190476190476,43.35,-0.6931949250288351,
INE890A01016,JMCPROJECT,EXIT_AMBIGUOUS,2018-01-31,2018-09-28,9,0,375.75,,,-0.31756265891754454,668.7,-0.43808882907133245,
INE290B01025,OCL,EXIT_AMBIGUOUS,2018-01-31,2018-09-28,9,0,1036.25,,,-0.20165639445300462,1413.35,-0.2668128913574132,
INE332G01032,POCHIRAJU,EXIT_FLAT_OR_UP,2018-05-31,2018-09-28,5,0,3.6,,,,3.95,-0.08860759493670887,
INE216A01022,BRITANNIA,INSTRUMENT_CHANGED,2018-01-31,2018-10-31,10,0,5644.1,,,0.023743016759776636,6736.75,-0.1621924518499276,"issuer still trades under a different ISIN — face-value change, split or rename, not an exit"
INE439L01019,DALMIABHA,EXIT_AMBIGUOUS,2018-01-31,2018-10-31,10,0,2100.7,,,-0.3110990866906062,3049.35,-0.3110990866906062,
INE456C01012,DFMFOODS,EXIT_AMBIGUOUS,2018-01-31,2018-10-31,10,0,1247.8,,,-0.15783079674687012,1714.0,-0.2719953325554259,
INE247D01021,JINDWORLD,EXIT_AFTER_COLLAPSE,2018-01-31,2018-10-31,10,0,71.4,,,-0.8868731680266181,662.5,-0.8922264150943396,
INE190H01016,SAKUMA,INSTRUMENT_CHANGED,2018-02-28,2018-10-31,9,0,230.5,,,0.14165428429915797,230.5,0.0,"issuer still trades under a different ISIN — face-value change, split or rename, not an exit"
INE688I01017,CAPF,EXIT_AMBIGUOUS,2018-01-31,2018-11-30,11,0,524.4,,,-0.08120893561103815,738.1,-0.2895271643408753,
INE155B01012,HINDSYNTEX,EXIT_AMBIGUOUS,2018-01-31,2018-11-30,5,6,5.35,,,-0.06140350877192992,14.1,-0.6205673758865249,"6 month(s) absent then trading again — suspension, not exit"
INE486J01014,INFINITE,EXIT_FLAT_OR_UP,2018-01-31,2018-11-30,11,0,470.15,,,0.05308545189830886,507.85,-0.07423451806635827,
INE216G01011,SUJANAUNI,EXIT_AMBIGUOUS,2018-08-31,2018-11-30,4,0,0.3,,,,0.45,-0.33333333333333337,
INE048C01017,VICEROY,EXIT_AMBIGUOUS,2018-01-31,2018-11-30,11,0,6.0,,,-0.4146341463414634,17.45,-0.6561604584527221,
INE806F01011,VIJSHAN,EXIT_AFTER_COLLAPSE,2018-01-31,2018-11-30,11,0,7.4,,,-0.39591836734693875,26.15,-0.717017208413002,
INE844O01022,GUJGASLTD,INSTRUMENT_CHANGED,2018-01-31,2018-12-31,12,0,670.05,,,-0.08099026196680849,884.1,-0.24211062097047853,"issuer still trades under a different ISIN — face-value change, split or rename, not an exit"
INE428O01016,AIFL,EXIT_AFTER_COLLAPSE,2018-01-31,2019-01-31,13,0,17.35,459.0,-0.9622004357298475,-0.962466197944835,496.6,-0.9650624244865083,
INE442A01024,ASSAMCO,EXIT_AMBIGUOUS,2018-02-28,2019-01-31,8,4,1.8,,,-0.5263157894736842,4.65,-0.6129032258064517,"4 month(s) absent then trading again — suspension, not exit"
INE874H01015,CANDC,EXIT_AMBIGUOUS,2018-02-28,2019-01-31,12,0,24.6,,,-0.19869706840390872,67.1,-0.6333830104321907,
INE180G01019,EDL,EXIT_AMBIGUOUS,2018-05-31,2019-01-31,9,0,8.05,,,-0.5386819484240687,25.2,-0.6805555555555555,
INE087J01010,MANDHANA,EXIT_AMBIGUOUS,2018-02-28,2019-01-31,6,6,3.3,,,,6.3,-0.4761904761904762,"6 month(s) absent then trading again — suspension, not exit"
INE919I01016,RADIOCITY,INSTRUMENT_CHANGED,2018-01-31,2019-01-31,13,0,291.5,380.3,-0.23349986852484883,-0.07386814932486101,397.45,-0.26657441187570763,"issuer still trades under a different ISIN — face-value change, split or rename, not an exit"
INE077A01010,DENABANK,EXIT_AMBIGUOUS,2018-01-31,2019-02-28,14,0,11.1,20.6,-0.4611650485436894,-0.3565217391304348,25.1,-0.5577689243027889,
INE742A01019,PETRONENGG,EXIT_AFTER_COLLAPSE,2018-01-31,2019-02-28,8,6,19.95,113.25,-0.823841059602649,-0.5037313432835822,129.55,-0.8460054033191817,"6 month(s) absent then trading again — suspension, not exit"
INE705A01016,VIJAYABANK,EXIT_AMBIGUOUS,2018-01-31,2019-02-28,14,0,40.4,59.9,-0.325542570951586,-0.3682564503518374,63.95,-0.3682564503518374,
INE975G01012,IL&FSTRANS,EXIT_AFTER_COLLAPSE,2018-01-31,2019-03-29,15,0,5.55,60.15,-0.9077306733167083,-0.753880266075388,77.5,-0.9283870967741936,
INE318J01027,NUTEK,EXIT_AFTER_COLLAPSE,2018-01-31,2019-03-29,15,0,0.3,0.85,-0.6470588235294118,-0.4545454545454546,1.3,-0.7692307692307692,
INE924A01013,SALORAINTL,EXIT_AMBIGUOUS,2018-02-28,2019-03-29,9,5,17.7,36.95,-0.5209742895805143,,44.75,-0.6044692737430167,"5 month(s) absent then trading again — suspension, not exit"
INE588B01014,ECEIND,EXIT_AMBIGUOUS,2018-01-31,2019-04-30,16,0,256.25,306.15,-0.1629919973869018,-0.020263811890651927,376.5,-0.3193891102257636,
INE825H01017,ESSDEE,EXIT_AMBIGUOUS,2018-07-31,2019-04-30,8,2,12.85,,,0.011811023622047273,25.5,-0.49607843137254903,"2 month(s) absent then trading again — suspension, not exit"
INE866K01015,INDOSOLAR,INSTRUMENT_CHANGED,2018-05-31,2019-04-30,6,6,1.9,,,-0.2830188679245283,5.6,-0.6607142857142857,"6 month(s) absent then trading again — suspension, not exit; issuer still trades under a different ISIN — face-value change, split or rename, not an exit"
INE412C01015,JMA,INSTRUMENT_CHANGED,2018-01-31,2019-04-30,16,0,162.95,263.6,-0.38182852807283774,-0.02774463007159908,263.6,-0.38182852807283774,"issuer still trades under a different ISIN — face-value change, split or rename, not an exit"
INE245C01019,LEEL,EXIT_AFTER_COLLAPSE,2018-01-31,2019-04-30,16,0,16.7,230.25,-0.927470141150923,-0.7727891156462585,273.45,-0.9389285061254343,
INE409A01015,THIRUSUGAR,EXIT_AFTER_COLLAPSE,2018-01-31,2019-04-30,13,3,14.3,33.0,-0.5666666666666667,-0.5094339622641509,52.0,-0.7250000000000001,"3 month(s) absent then trading again — suspension, not exit"
INE878I01014,BAFNAPHARM,EXIT_AMBIGUOUS,2018-01-31,2019-05-31,17,0,11.1,24.85,-0.5533199195171027,-0.1294117647058824,28.0,-0.6035714285714285,
INE113O01014,BLUEBLENDS,EXIT_AFTER_COLLAPSE,2018-01-31,2019-05-31,17,0,2.6,11.0,-0.7636363636363637,-0.35,31.9,-0.9184952978056425,
INE121A01016,CHOLAFIN,INSTRUMENT_CHANGED,2018-01-31,2019-05-31,17,0,1532.7,1528.7,0.0026166023418590957,0.1664383561643836,1741.45,-0.11987137155818427,"issuer still trades under a different ISIN — face-value change, split or rename, not an exit"
INE875A01025,IVRCLINFRA,EXIT_AFTER_COLLAPSE,2018-02-28,2019-05-31,13,3,0.85,1.75,-0.5142857142857143,-0.10526315789473682,4.45,-0.8089887640449438,"3 month(s) absent then trading again — suspension, not exit"
INE802G01018,JETAIRWAYS,EXIT_AFTER_COLLAPSE,2018-01-31,2019-05-31,17,0,146.2,412.85,-0.6458762262322878,-0.5217533529604187,753.65,-0.8060107476945533,
INE455O01019,PENPEBS,EXIT_AMBIGUOUS,2018-01-31,2019-05-31,17,0,61.5,79.6,-0.2273869346733668,0.09042553191489365,99.7,-0.3831494483450351,
INE033B01011,QUINTEGRA,EXIT_AFTER_COLLAPSE,2018-06-29,2019-05-31,4,8,0.3,,,,1.35,-0.7777777777777778,"8 month(s) absent then trading again — suspension, not exit"
INE116A01024,APCOTEXIND,INSTRUMENT_CHANGED,2018-01-31,2019-06-28,18,0,563.0,507.85,0.10859505759574672,0.06618691411798135,607.55,-0.07332729816476004,"issuer still trades under a different ISIN — face-value change, split or rename, not an exit"
INE180K01011,BHARATFIN,EXIT_AMBIGUOUS,2018-01-31,2019-06-28,18,0,892.55,1156.5,-0.22823173367920455,-0.1186432309667227,1214.55,-0.26511876826808284,
INE078A01026,EMCO,EXIT_AFTER_COLLAPSE,2018-01-31,2019-06-28,11,7,1.95,,,-0.7364864864864865,20.0,-0.9025000000000001,"7 month(s) absent then trading again — suspension, not exit"
INE904D01019,PDPL,EXIT_AFTER_COLLAPSE,2018-02-28,2019-06-28,14,3,5.4,9.6,-0.43749999999999994,-0.3609467455621301,18.85,-0.713527851458886,"3 month(s) absent then trading again — suspension, not exit"
INE400H01019,ADHUNIK,EXIT_AFTER_COLLAPSE,2018-02-28,2019-07-31,12,6,1.35,,,-0.2894736842105262,4.75,-0.7157894736842105,"6 month(s) absent then trading again — suspension, not exit"
INE731U01010,DIGJAMLTD,EXIT_AFTER_COLLAPSE,2018-02-28,2019-07-31,16,2,1.0,6.65,-0.849624060150376,-0.75,11.5,-0.9130434782608695,"2 month(s) absent then trading again — suspension, not exit"
INE920A01011,DOLPHINOFF,EXIT_AFTER_COLLAPSE,2018-01-31,2019-07-31,19,0,24.85,60.75,-0.5909465020576131,-0.4514348785871964,117.75,-0.78895966029724,
INE223G01017,EXCELCROP,EXIT_AMBIGUOUS,2018-01-31,2019-07-31,19,0,2720.7,4388.55,-0.3800458010048878,-0.16133904626861073,4403.05,-0.3820874166770762,
INE744I01034,MVL,EXIT_AFTER_COLLAPSE,2018-02-28,2019-07-31,15,3,0.15,0.25,-0.4,-0.25000000000000006,0.55,-0.7272727272727273,"3 month(s) absent then trading again — suspension, not exit"
INE453M01018,NAGAROIL,EXIT_AFTER_COLLAPSE,2018-01-31,2019-07-31,19,0,0.3,1.7,-0.8235294117647058,-0.4545454545454546,4.15,-0.9277108433734941,
INE489H01020,NITINFIRE,EXIT_AFTER_COLLAPSE,2018-01-31,2019-07-31,14,5,0.3,2.8,-0.8928571428571429,-0.7857142857142857,6.25,-0.9520000000000001,"5 month(s) absent then trading again — suspension, not exit"
INE630A01016,SESHAPAPER,INSTRUMENT_CHANGED,2018-01-31,2019-07-31,19,0,881.9,859.9,0.025584370275613444,-0.14523867215895325,1157.35,-0.23800060482999952,"issuer still trades under a different ISIN — face-value change, split or rename, not an exit"
INE855F01034,BARTRONICS,EXIT_AFTER_COLLAPSE,2018-02-28,2019-08-30,17,2,2.65,9.05,-0.7071823204419889,-0.6074074074074074,16.5,-0.8393939393939394,"2 month(s) absent then trading again — suspension, not exit"
INE068D01021,CASTEXTECH,EXIT_AFTER_COLLAPSE,2018-02-28,2019-08-30,16,3,0.55,1.3,-0.5769230769230769,-0.5217391304347825,4.95,-0.888888888888889,"3 month(s) absent then trading again — suspension, not exit"
INE221I01017,CELESTIAL,EXIT_AFTER_COLLAPSE,2018-01-31,2019-08-30,20,0,3.15,15.95,-0.8025078369905956,-0.43243243243243246,18.0,-0.825,
INE268C01029,EASUNREYRL,EXIT_AFTER_COLLAPSE,2018-02-28,2019-08-30,11,8,3.85,,,-0.4210526315789474,17.9,-0.7849162011173184,"8 month(s) absent then trading again — suspension, not exit"
INE311H01018,ELAND,EXIT_AMBIGUOUS,2018-02-28,2019-08-30,12,7,4.8,8.1,-0.4074074074074074,-0.06796116504854378,15.65,-0.6932907348242813,"7 month(s) absent then trading again — suspension, not exit"
INE040A01026,HDFCBANK,INSTRUMENT_CHANGED,2018-01-31,2019-08-30,20,0,2227.95,2061.2,0.08089947603337862,0.07239296286491281,2443.75,-0.08830690537084407,"issuer still trades under a different ISIN — face-value change, split or rename, not an exit"
INE361M01021,HIGHGROUND,EXIT_AFTER_COLLAPSE,2018-01-31,2019-08-30,20,0,1.4,12.9,-0.8914728682170543,-0.7795275590551181,14.6,-0.9041095890410958,
INE904J01016,JINDCOT,EXIT_AMBIGUOUS,2018-07-31,2019-08-30,10,4,3.2,6.65,-0.518796992481203,,7.75,-0.5870967741935483,"4 month(s) absent then trading again — suspension, not exit"
INE122R01018,MANPASAND,EXIT_AFTER_COLLAPSE,2018-01-31,2019-08-30,20,0,15.0,129.75,-0.884393063583815,-0.797160243407708,400.5,-0.9625468164794008,
INE274B01011,MONSANTO,EXIT_AMBIGUOUS,2018-01-31,2019-08-30,20,0,2025.1,2899.85,-0.3016535338034726,-0.20464230308505005,2907.55,-0.3035029492184142,
INE639K01016,NITESHEST,EXIT_AFTER_COLLAPSE,2018-05-31,2019-08-30,16,0,1.75,7.35,-0.7619047619047619,-0.6875,9.45,-0.8148148148148148,
INE849L01019,ORTEL,EXIT_AFTER_COLLAPSE,2018-01-31,2019-08-30,13,7,1.0,,,,31.95,-0.9687010954616588,"7 month(s) absent then trading again — suspension, not exit"
INE701B01021,PUNJLLOYD,EXIT_AFTER_COLLAPSE,2018-01-31,2019-08-30,17,3,1.25,14.0,-0.9107142857142857,-0.4318181818181819,22.9,-0.9454148471615721,"3 month(s) absent then trading again — suspension, not exit"
INE215G01021,SMPL,EXIT_AFTER_COLLAPSE,2018-02-28,2019-08-30,6,13,0.25,0.75,-0.6666666666666666,,1.4,-0.8214285714285714,"13 month(s) absent then trading again — suspension, not exit"
INE517U01013,AGLSL,EXIT_AMBIGUOUS,2018-01-31,2019-09-30,21,0,52.45,71.5,-0.2664335664335664,-0.12873754152823919,119.1,-0.5596137699412258,
INE580B01029,GRUH,EXIT_AMBIGUOUS,2018-01-31,2019-09-30,21,0,269.35,304.05,-0.11412596612399273,-0.023386511965192126,709.8,-0.6205269089884474,
INE968G01033,PROVOGE,EXIT_AFTER_COLLAPSE,2018-02-28,2019-09-30,13,7,0.4,2.95,-0.864406779661017,,5.25,-0.9238095238095237,"7 month(s) absent then trading again — suspension, not exit"
INE170E01015,SATIA,INSTRUMENT_CHANGED,2019-07-31,2019-09-30,3,0,732.0,,,,732.0,0.0,"issuer still trades under a different ISIN — face-value change, split or rename, not an exit"
INE191I01012,HDIL,EXIT_AFTER_COLLAPSE,2018-01-31,2019-10-31,22,0,1.75,20.15,-0.913151364764268,-0.9247311827956989,57.85,-0.9697493517718236,
INE619A01027,RUCHISOYA,EXIT_AFTER_COLLAPSE,2018-01-31,2019-10-31,18,4,3.6,5.65,-0.36283185840707965,-0.5167785234899329,17.95,-0.7994428969359332,"4 month(s) absent then trading again — suspension, not exit"
INE270A01011,ALOKTEXT,INSTRUMENT_CHANGED,2018-02-28,2019-11-29,16,6,3.0,3.35,-0.10447761194029853,,4.75,-0.3684210526315789,"6 month(s) absent then trading again — suspension, not exit; issuer still trades under a different ISIN — face-value change, split or rename, not an exit"
INE008I01026,COX&KINGS,EXIT_AFTER_COLLAPSE,2018-01-31,2019-11-29,22,1,1.85,176.15,-0.9894975872835652,-0.9800323799244469,249.75,-0.9925925925925926,"1 month(s) absent then trading again — suspension, not exit"
INE133B01019,KESARENT,EXIT_AMBIGUOUS,2018-01-31,2019-11-29,16,7,29.95,,,-0.018032786885245924,59.1,-0.49323181049069376,"7 month(s) absent then trading again — suspension, not exit"
INE096L01025,KTIL,EXIT_AFTER_COLLAPSE,2018-01-31,2019-11-29,23,0,31.5,67.35,-0.532293986636971,-0.3841642228739003,178.6,-0.8236282194848824,
INE105I01012,SELMCL,INSTRUMENT_CHANGED,2018-01-31,2019-11-29,20,3,0.95,1.05,-0.09523809523809532,-0.050000000000000044,3.05,-0.6885245901639343,"3 month(s) absent then trading again — suspension, not exit; issuer still trades under a different ISIN — face-value change, split or rename, not an exit"
INE064C01014,TRIDENT,INSTRUMENT_CHANGED,2018-01-31,2019-11-29,23,0,65.65,64.5,0.017829457364341172,-0.02956393200295639,78.7,-0.1658195679796696,"issuer still trades under a different ISIN — face-value change, split or rename, not an exit"
INE933J01015,ARROWTEX,EXIT_AFTER_COLLAPSE,2018-01-31,2019-12-31,24,0,10.55,24.2,-0.5640495867768595,-0.17254901960784308,43.6,-0.7580275229357797,
INE285J01010,SIS,INSTRUMENT_CHANGED,2018-01-31,2019-12-31,24,0,972.3,769.55,0.2634656617503736,0.07412726469288544,1315.45,-0.26086130221597176,"issuer still trades under a different ISIN — face-value change, split or rename, not an exit"
INE391Z01012,CKFSL,EXIT_AFTER_COLLAPSE,2019-04-30,2020-01-31,7,3,0.4,,,-0.8,37.85,-0.989431968295905,"3 month(s) absent then trading again — suspension, not exit"
INE076H01025,EON,EXIT_AFTER_COLLAPSE,2018-02-28,2020-01-31,24,0,14.45,42.4,-0.6591981132075472,0.028469750889679613,93.85,-0.8460309003729355,
INE502K01016,TALWALKARS,EXIT_AFTER_COLLAPSE,2018-01-31,2020-01-31,24,1,2.65,39.45,-0.9328263624841572,-0.8523676880222841,305.55,-0.9913271150384553,"1 month(s) absent then trading again — suspension, not exit"
INE627Z01019,TALWGYM,EXIT_AFTER_COLLAPSE,2018-07-31,2020-01-31,19,0,2.15,114.05,-0.9811486190267426,-0.9349470499243571,151.55,-0.9858132629495215,
INE410B01029,VINATIORGA,INSTRUMENT_CHANGED,2018-01-31,2020-01-31,25,0,2223.7,1578.75,0.4085193982581155,0.22396521356230728,2223.7,0.0,"issuer still trades under a different ISIN — face-value change, split or rename, not an exit"
INE428A01015,ALBK,EXIT_AFTER_COLLAPSE,2018-01-31,2020-02-28,26,0,11.3,48.0,-0.7645833333333334,-0.6798866855524078,66.8,-0.8308383233532934,
INE434A01013,ANDHRABANK,EXIT_AFTER_COLLAPSE,2018-01-31,2020-02-28,26,0,13.45,24.55,-0.45213849287169044,-0.31725888324873097,52.55,-0.7440532825880114,
INE112A01023,CORPBANK,EXIT_AMBIGUOUS,2018-01-31,2020-02-28,26,0,16.7,30.35,-0.4497528830313015,-0.11405835543766589,38.65,-0.5679172056921087,
INE141A01014,ORIENTBANK,EXIT_AFTER_COLLAPSE,2018-01-31,2020-02-28,26,0,34.55,82.85,-0.5829812914906457,-0.5305706521739131,116.25,-0.7027956989247313,
INE667A01018,SYNDIBANK,EXIT_AFTER_COLLAPSE,2018-01-31,2020-02-28,26,0,18.35,33.45,-0.4514200298953662,-0.43188854489164075,72.55,-0.7470709855272226,
INE695A01019,UNITEDBNK,EXIT_AMBIGUOUS,2018-01-31,2020-02-28,26,0,7.15,10.35,-0.3091787439613526,-0.3091787439613526,16.55,-0.56797583081571,
INE528G01027,YESBANK,EXIT_AFTER_COLLAPSE,2018-01-31,2020-02-28,26,0,34.6,231.15,-0.8503136491455765,-0.42285237698081735,367.95,-0.9059654844408207,
INE264A01014,GSKCONS,EXIT_FLAT_OR_UP,2018-01-31,2020-03-31,27,0,9974.25,7246.8,0.3763661202185792,0.1694649954859361,9974.25,0.0,
INE962Y01013,IRCON,INSTRUMENT_CHANGED,2018-09-28,2020-03-31,19,0,381.05,402.25,-0.052703542573026695,0.015050612679808296,503.05,-0.2425206241924262,"issuer still trades under a different ISIN — face-value change, split or rename, not an exit"
INE278R01018,KARDA,EXIT_AMBIGUOUS,2018-04-30,2020-04-30,25,0,113.0,175.55,-0.3563087439475933,-0.25165562913907286,203.6,-0.4449901768172888,
INE216D01026,KSERASERA,EXIT_FLAT_OR_UP,2018-10-31,2020-04-30,8,11,0.15,0.1,0.4999999999999999,,0.15,0.0,"11 month(s) absent then trading again — suspension, not exit"
INE176C01016,SATHAISPAT,EXIT_AFTER_COLLAPSE,2018-01-31,2020-04-30,16,12,1.75,,,,28.05,-0.9376114081996435,"12 month(s) absent then trading again — suspension, not exit"
INE090C01019,STINDIA,EXIT_AFTER_COLLAPSE,2018-02-28,2020-04-30,16,11,3.95,,,,17.1,-0.7690058479532165,"11 month(s) absent then trading again — suspension, not exit"
INE153U01017,MAXINDIA,EXIT_AMBIGUOUS,2018-01-31,2020-05-29,29,0,61.25,65.0,-0.057692307692307696,-0.20195439739413681,114.0,-0.46271929824561403,
INE861B01015,MOTOGENFIN,EXIT_AMBIGUOUS,2018-01-31,2020-05-29,26,3,26.5,35.45,-0.25246826516220033,-0.28281461434370775,49.3,-0.46247464503042596,"3 month(s) absent then trading again — suspension, not exit"
INE529I01013,KUANTUM,INSTRUMENT_CHANGED,2019-10-31,2020-06-30,9,0,445.0,,,-0.06118143459915612,518.8,-0.1422513492675404,"issuer still trades under a different ISIN — face-value change, split or rename, not an exit"
INE066A01013,EICHERMOT,INSTRUMENT_CHANGED,2018-01-31,2020-07-31,31,0,20638.7,16348.05,0.2624563785894955,0.017220899686041482,31188.6,-0.3382614160302161,"issuer still trades under a different ISIN — face-value change, split or rename, not an exit"
INE474B01017,PSL,EXIT_AMBIGUOUS,2018-05-31,2020-07-31,21,6,1.0,0.65,0.5384615384615384,1.0,3.0,-0.6666666666666666,"6 month(s) absent then trading again — suspension, not exit"
INE947Q01010,LAURUSLABS,INSTRUMENT_CHANGED,2018-01-31,2020-08-31,32,0,1133.3,328.75,2.447300380228137,1.7404183291016806,1133.3,0.0,"issuer still trades under a different ISIN — face-value change, split or rename, not an exit"
INE890C01046,SANWARIA,EXIT_AFTER_COLLAPSE,2018-02-28,2020-08-31,27,4,2.25,3.0,-0.25,0.6071428571428572,19.85,-0.8866498740554156,"4 month(s) absent then trading again — suspension, not exit"
INE602K01014,SYNCOM,EXIT_AFTER_COLLAPSE,2018-01-31,2020-08-31,17,15,1.8,,,2.2727272727272725,6.5,-0.7230769230769231,"15 month(s) absent then trading again — suspension, not exit"
INE950G01023,UNIPLY,EXIT_AFTER_COLLAPSE,2018-06-29,2020-08-31,24,3,5.3,,,-0.2980132450331126,81.1,-0.934648581997534,"3 month(s) absent then trading again — suspension, not exit"
INE184C01028,CIMMCO,EXIT_AFTER_COLLAPSE,2018-02-28,2020-09-30,32,0,20.9,22.75,-0.08131868131868138,1.0096153846153844,97.2,-0.7849794238683129,
INE036B01022,GAEL,INSTRUMENT_CHANGED,2018-01-31,2020-09-30,33,0,217.65,163.7,0.3295662797800856,1.0778042959427208,289.45,-0.24805665918120567,"issuer still trades under a different ISIN — face-value change, split or rename, not an exit"
INE480C01012,SDBL,EXIT_AFTER_COLLAPSE,2018-01-31,2020-09-30,20,13,51.3,,,,279.75,-0.816621983914209,"13 month(s) absent then trading again — suspension, not exit"
INE632X01022,SHRENIK,EXIT_FLAT_OR_UP,2019-09-30,2020-09-30,13,0,46.25,40.15,0.15193026151930267,2.5576923076923075,59.85,-0.22723475355054304,
INE754A01014,SUBEX,EXIT_FLAT_OR_UP,2018-01-31,2020-09-30,28,5,11.85,5.35,1.2149532710280375,2.82258064516129,11.85,0.0,"5 month(s) absent then trading again — suspension, not exit"
INE093A01033,HEXAWARE,INSTRUMENT_CHANGED,2018-01-31,2020-10-30,34,0,470.8,332.75,0.41487603305785126,0.6832320343224885,470.8,0.0,"issuer still trades under a different ISIN — face-value change, split or rename, not an exit"
INE023S01016,JIYAECO,EXIT_AFTER_COLLAPSE,2019-08-30,2020-10-30,15,0,7.65,18.93146853146853,-0.5959109042553191,-0.10526315789473688,26.786013986013984,-0.7144031954887219,1 split/bonus adjustment(s) applied (0.503)
INE694C01018,LAKSHVILAS,EXIT_AFTER_COLLAPSE,2018-01-31,2020-10-30,34,0,15.5,15.4,0.0064935064935064705,0.05084745762711865,127.9,-0.8788115715402658,
INE808B01016,OPTOCIRCUI,EXIT_AMBIGUOUS,2018-02-28,2020-10-30,27,6,6.9,4.25,0.623529411764706,1.1904761904761907,14.85,-0.5353535353535354,"6 month(s) absent then trading again — suspension, not exit"
INE196B01016,SHIRPUR-G,EXIT_AFTER_COLLAPSE,2018-01-31,2020-10-30,29,5,7.0,,,-0.0540540540540541,162.75,-0.956989247311828,"5 month(s) absent then trading again — suspension, not exit"
INE319Y01016,TIRUPATIFL,EXIT_FLAT_OR_UP,2020-08-31,2020-10-30,3,0,28.55,,,,28.8,-0.008680555555555556,
INE292A01023,UVSL,EXIT_AMBIGUOUS,2018-01-31,2020-10-30,13,21,0.25,0.1,1.4999999999999998,,0.5,-0.5,"21 month(s) absent then trading again — suspension, not exit"
INE964B01033,ALCHEM,EXIT_AMBIGUOUS,2020-06-30,2020-11-27,6,0,5.15,,,,7.05,-0.2695035460992907,
INE702C01019,APLAPOLLO,INSTRUMENT_CHANGED,2018-01-31,2020-11-27,35,0,3378.9,1565.95,1.1577317283438169,1.2261826327579393,3378.9,0.0,"issuer still trades under a different ISIN — face-value change, split or rename, not an exit"
INE574I01035,ARCOTECH,EXIT_AFTER_COLLAPSE,2018-01-31,2020-11-27,18,17,1.95,,,,47.9,-0.9592901878914405,"17 month(s) absent then trading again — suspension, not exit"
INE294A01037,BALLARPUR,EXIT_AFTER_COLLAPSE,2018-01-31,2020-11-27,27,8,1.15,0.7,0.6428571428571428,1.2999999999999998,15.7,-0.9267515923566879,"8 month(s) absent then trading again — suspension, not exit"
INE186H01014,BASML,EXIT_AFTER_COLLAPSE,2018-01-31,2020-11-27,35,0,88.8,120.2,-0.2612312811980034,0.15474642392717802,305.65,-0.7094716178635694,
INE607L01029,BILENERGY,EXIT_AMBIGUOUS,2018-02-28,2020-11-27,20,14,0.8,,,0.23076923076923078,2.25,-0.6444444444444444,"14 month(s) absent then trading again — suspension, not exit"
INE662C01015,CHROMATIC,EXIT_AFTER_COLLAPSE,2018-02-28,2020-11-27,19,15,0.65,0.5,0.30000000000000004,0.18181818181818177,2.3,-0.717391304347826,"15 month(s) absent then trading again — suspension, not exit"
INE672K01025,CNOVAPETRO,EXIT_AFTER_COLLAPSE,2018-01-31,2020-11-27,28,7,6.3,8.0,-0.21250000000000002,0.08620689655172414,36.85,-0.8290366350067843,"7 month(s) absent then trading again — suspension, not exit"
INE063J01011,EUROMULTI,EXIT_AMBIGUOUS,2018-03-28,2020-11-27,7,26,1.65,,,3.125,2.7,-0.38888888888888895,"26 month(s) absent then trading again — suspension, not exit"
INE418N01027,INTEGRA,EXIT_FLAT_OR_UP,2019-12-31,2020-11-27,4,8,0.9,,,,0.9,0.0,"8 month(s) absent then trading again — suspension, not exit"
INE143H01015,KSK,EXIT_AFTER_COLLAPSE,2018-05-31,2020-11-27,21,10,0.4,0.65,-0.3846153846153846,0.142857142857143,3.3,-0.8787878787878788,"10 month(s) absent then trading again — suspension, not exit"
INE425A01011,METALFORGE,EXIT_AFTER_COLLAPSE,2018-02-28,2020-11-27,20,14,4.25,,,,30.6,-0.8611111111111112,"14 month(s) absent then trading again — suspension, not exit"
INE196J01019,OISL,EXIT_AMBIGUOUS,2018-02-28,2020-11-27,20,14,2.85,3.6,-0.20833333333333331,0.18750000000000008,4.8,-0.40624999999999994,"14 month(s) absent then trading again — suspension, not exit"
INE495J01015,PRADIP,EXIT_AMBIGUOUS,2019-06-28,2020-11-27,11,7,0.5,,,0.11111111111111108,0.95,-0.47368421052631576,"7 month(s) absent then trading again — suspension, not exit"
INE217G01027,PROSEED,EXIT_AFTER_COLLAPSE,2018-10-31,2020-11-27,14,12,0.35,,,0.3999999999999999,1.3,-0.7307692307692308,"12 month(s) absent then trading again — suspension, not exit"
INE172H01014,RMCL,EXIT_AFTER_COLLAPSE,2018-01-31,2020-11-27,24,11,2.85,3.15,-0.09523809523809519,,37.65,-0.9243027888446215,"11 month(s) absent then trading again — suspension, not exit"
INE416A01036,SABTN,EXIT_AFTER_COLLAPSE,2018-05-31,2020-11-27,18,13,1.5,,,,13.7,-0.8905109489051095,"13 month(s) absent then trading again — suspension, not exit"
INE509K01011,TECHNOFAB,EXIT_AFTER_COLLAPSE,2018-02-28,2020-11-27,25,9,9.15,,,0.8673469387755102,232.0,-0.9605603448275862,"9 month(s) absent then trading again — suspension, not exit"
INE871B01014,ZICOM,EXIT_AFTER_COLLAPSE,2018-01-31,2020-11-27,19,16,2.15,,,0.5925925925925924,24.4,-0.9118852459016394,"16 month(s) absent then trading again — suspension, not exit"
INE448A01013,AUTOLITIND,EXIT_AMBIGUOUS,2018-01-31,2020-12-31,34,2,24.95,21.5,0.16046511627906973,0.4851190476190475,75.7,-0.6704095112285336,"2 month(s) absent then trading again — suspension, not exit"
INE656K01010,DQE,EXIT_AFTER_COLLAPSE,2018-02-28,2020-12-31,24,11,1.55,,,,14.25,-0.8912280701754386,"11 month(s) absent then trading again — suspension, not exit"
INE526A01016,GARDENSILK,EXIT_AMBIGUOUS,2018-01-31,2020-12-31,28,8,13.0,11.75,0.10638297872340426,,40.3,-0.6774193548387096,"8 month(s) absent then trading again — suspension, not exit"
INE749B01012,ORTINLABSS,EXIT_FLAT_OR_UP,2018-02-28,2020-12-31,30,5,29.45,9.9,1.9747474747474745,0.8580441640378549,29.45,0.0,"5 month(s) absent then trading again — suspension, not exit"
INE542F01012,RNAVAL,EXIT_AFTER_COLLAPSE,2018-01-31,2020-12-31,26,10,3.15,,,,46.0,-0.9315217391304348,"10 month(s) absent then trading again — suspension, not exit"
INE581X01013,GLOBE,INSTRUMENT_CHANGED,2020-10-30,2021-01-29,4,0,60.8,,,,60.8,0.0,"issuer still trades under a different ISIN — face-value change, split or rename, not an exit"
INE775B01025,KWALITY,EXIT_AFTER_COLLAPSE,2018-01-31,2021-01-29,29,8,2.8,,,,50.49614112458654,-0.9445502183406114,"8 month(s) absent then trading again — suspension, not exit; 1 split/bonus adjustment(s) applied (0.505)"
INE01JE01010,MARINE,INSTRUMENT_CHANGED,2020-12-31,2021-01-29,2,0,218.5,,,,225.05,-0.029104643412575033,"issuer still trades under a different ISIN — face-value change, split or rename, not an exit"
INE935N01012,DIXON,INSTRUMENT_CHANGED,2018-01-31,2021-02-26,38,0,19848.9,3828.05,4.185120361541777,1.4520102038925504,19848.9,0.0,"issuer still trades under a different ISIN — face-value change, split or rename, not an exit"
INE446C01013,GLOBOFFS,EXIT_AFTER_COLLAPSE,2018-02-28,2021-02-26,28,9,9.05,4.35,1.0804597701149428,-0.005494505494505378,31.65,-0.7140600315955766,"9 month(s) absent then trading again — suspension, not exit"
INE537A01013,GTNIND,EXIT_AMBIGUOUS,2018-01-31,2021-02-26,32,6,10.7,,,0.2588235294117646,20.9,-0.4880382775119617,"6 month(s) absent then trading again — suspension, not exit"
INE183A01016,FINPIPE,INSTRUMENT_CHANGED,2018-01-31,2021-03-31,39,0,636.0,392.75,0.6193507320178231,0.2668060950104571,659.75,-0.03599848427434634,"issuer still trades under a different ISIN — face-value change, split or rename, not an exit"
INE925Y01010,GODHA,EXIT_FLAT_OR_UP,2020-12-31,2021-03-31,4,0,46.55,,,,46.55,0.0,
INE939D01015,HARITASEAT,EXIT_AMBIGUOUS,2018-01-31,2021-03-31,39,0,736.45,313.65,1.347999362346565,0.7711640211640213,1008.85,-0.27001040789017194,
INE022B01014,MUKANDENGG,EXIT_AMBIGUOUS,2018-01-31,2021-03-31,36,3,15.85,6.8,1.3308823529411766,0.6091370558375635,50.1,-0.6836327345309381,"3 month(s) absent then trading again — suspension, not exit"
INE302M01033,PRABHAT,EXIT_AMBIGUOUS,2018-01-31,2021-03-31,39,0,95.8,55.1,0.7386569872958256,0.5122336227308603,213.25,-0.5507620164126612,
INE597I01010,SHARDAMOTR,INSTRUMENT_CHANGED,2018-01-31,2021-03-31,38,1,1964.05,,,1.304141248240263,2306.25,-0.14837940379403797,"1 month(s) absent then trading again — suspension, not exit; issuer still trades under a different ISIN — face-value change, split or rename, not an exit"
INE150B01021,ALKYLAMINE,INSTRUMENT_CHANGED,2018-01-31,2021-04-30,40,0,8471.7,1790.0,3.732793296089386,1.8546829983320139,8471.7,0.0,"issuer still trades under a different ISIN — face-value change, split or rename, not an exit"
INE831Q01016,BKMINDST,EXIT_AFTER_COLLAPSE,2018-01-31,2021-04-30,32,8,0.95,,,0.5833333333333334,41.75,-0.9772455089820359,"8 month(s) absent then trading again — suspension, not exit"
INE087J01028,GBGLOBAL,EXIT_FLAT_OR_UP,2019-06-28,2021-04-30,7,16,6.9,7.7,-0.10389610389610388,,7.7,-0.10389610389610388,"16 month(s) absent then trading again — suspension, not exit"
INE974H01013,MEGH,EXIT_FLAT_OR_UP,2018-01-31,2021-04-30,40,0,141.15,50.15,1.8145563310069792,0.9796633941093971,141.15,0.0,
INE287C01029,MIC,EXIT_AFTER_COLLAPSE,2018-02-28,2021-04-30,14,25,0.8,,,,7.05,-0.8865248226950355,"25 month(s) absent then trading again — suspension, not exit"
INE263L01013,SANGHVIFOR,EXIT_AMBIGUOUS,2018-01-31,2021-04-30,23,17,16.4,,,,39.95,-0.5894868585732166,"17 month(s) absent then trading again — suspension, not exit"
INE268L01020,SPYL,INSTRUMENT_CHANGED,2018-02-28,2021-04-30,4,35,0.4,,,,0.6,-0.33333333333333326,"35 month(s) absent then trading again — suspension, not exit; issuer still trades under a different ISIN — face-value change, split or rename, not an exit"
INE884A01019,VAIBHAVGBL,INSTRUMENT_CHANGED,2018-01-31,2021-04-30,40,0,4169.8,960.05,3.343315452320192,1.1334356612944487,4169.8,0.0,"issuer still trades under a different ISIN — face-value change, split or rename, not an exit"
INE748C01020,3IINFOTECH,INSTRUMENT_CHANGED,2018-01-31,2021-05-31,41,0,8.75,1.6,4.46875,1.5735294117647058,8.75,0.0,"issuer still trades under a different ISIN — face-value change, split or rename, not an exit"
INE202B01012,DHFL,EXIT_AFTER_COLLAPSE,2018-01-31,2021-05-31,41,0,17.95,11.75,0.5276595744680851,-0.33641404805914976,667.65,-0.9731146558825732,
INE878H01016,INVENTURE,INSTRUMENT_CHANGED,2018-01-31,2021-05-31,38,3,35.7,10.7,2.3364485981308416,0.6338672768878719,35.7,0.0,"3 month(s) absent then trading again — suspension, not exit; issuer still trades under a different ISIN — face-value change, split or rename, not an exit"
INE278R01026,KARDA,EXIT_FLAT_OR_UP,2020-11-27,2021-05-31,7,0,179.2,,,0.5542064180398959,179.2,0.0,
INE251C01017,ABMINTLTD,INSTRUMENT_CHANGED,2021-02-26,2021-06-30,5,0,69.4,,,,69.4,0.0,"issuer still trades under a different ISIN — face-value change, split or rename, not an exit"
INE395A01016,BSELINFRA,EXIT_AMBIGUOUS,2018-02-28,2021-06-30,36,5,1.65,1.55,0.06451612903225798,0.375,4.5,-0.6333333333333333,"5 month(s) absent then trading again — suspension, not exit"
INE514Y01012,MOKSH,INSTRUMENT_CHANGED,2021-05-31,2021-06-30,2,0,97.0,,,,97.0,0.0,"issuer still trades under a different ISIN — face-value change, split or rename, not an exit"
INE484C01022,TIDEWATER,INSTRUMENT_CHANGED,2018-01-31,2021-06-30,42,0,12399.9,4072.6,2.044713450866768,1.8126297165799055,12399.9,0.0,"issuer still trades under a different ISIN — face-value change, split or rename, not an exit"
INE229C01013,SAGCEM,INSTRUMENT_CHANGED,2018-01-31,2021-07-30,43,0,1313.6,485.45,1.7059429395406323,1.0170441458733204,1313.6,0.0,"issuer still trades under a different ISIN — face-value change, split or rename, not an exit"
INE824B01021,TATASTLBSL,EXIT_FLAT_OR_UP,2018-01-31,2021-07-30,40,3,95.25,21.85,3.3592677345537756,1.5298804780876496,97.05,-0.018547140649149894,"3 month(s) absent then trading again — suspension, not exit"
INE025R01013,ARTEMISMED,INSTRUMENT_CHANGED,2020-02-28,2021-08-31,15,4,346.1,161.45,1.1436977392381544,0.49762007788836016,378.2,-0.08487572712850334,"4 month(s) absent then trading again — suspension, not exit; issuer still trades under a different ISIN — face-value change, split or rename, not an exit"
INE486A01013,CESC,INSTRUMENT_CHANGED,2018-01-31,2021-08-31,44,0,803.85,600.45,0.3387459405445915,0.32714214957899945,1060.25,-0.24182975713275168,"issuer still trades under a different ISIN — face-value change, split or rename, not an exit"
INE691Z01015,GANGAFORGE,EXIT_FLAT_OR_UP,2021-07-30,2021-08-31,2,0,140.45,,,,140.45,0.0,
INE930H01023,KPRMILL,INSTRUMENT_CHANGED,2018-01-31,2021-08-31,44,0,1772.95,548.25,2.2338349293205657,0.9139094294812976,1883.0,-0.05844397238449281,"issuer still trades under a different ISIN — face-value change, split or rename, not an exit"
INE836H01014,MCDHOLDING,EXIT_AMBIGUOUS,2018-01-31,2021-08-31,35,9,37.95,24.75,0.5333333333333334,-0.08222490931076175,52.8,-0.2812499999999999,"9 month(s) absent then trading again — suspension, not exit"
INE802C01017,SSWL,INSTRUMENT_CHANGED,2018-01-31,2021-08-31,44,0,1898.35,444.45,3.27123410957363,2.0001580403002763,1898.35,0.0,"1 split/bonus adjustment(s) applied (0.504); issuer still trades under a different ISIN — face-value change, split or rename, not an exit"
INE077B01018,ZODJRDMKJ,EXIT_AMBIGUOUS,2018-01-31,2021-08-31,41,3,30.2,27.0,0.1185185185185185,0.08438061041292631,57.6,-0.4756944444444445,"3 month(s) absent then trading again — suspension, not exit"
INE00WC01019,AFFLE,INSTRUMENT_CHANGED,2019-08-30,2021-09-30,21,5,5344.45,2875.05,0.8589068016208412,-0.020768441496573777,5522.95,-0.03231968422672666,"5 month(s) absent then trading again — suspension, not exit; issuer still trades under a different ISIN — face-value change, split or rename, not an exit"
INE915K01010,AHLWEST,EXIT_FLAT_OR_UP,2018-02-28,2021-09-30,41,3,276.55,271.35,0.019163442049014146,0.22692990239574093,362.65,-0.23741899903488203,"3 month(s) absent then trading again — suspension, not exit"
INE201M01011,CLEDUCATE,EXIT_AFTER_COLLAPSE,2018-01-31,2021-09-30,43,2,73.6,,,-0.1956284153005465,267.0,-0.7243445692883895,"2 month(s) absent then trading again — suspension, not exit"
INE03RS01019,DRCSYSTEMS,INSTRUMENT_CHANGED,2021-03-31,2021-09-30,4,3,264.15,,,-0.09738595592004101,292.65,-0.09738595592004101,"3 month(s) absent then trading again — suspension, not exit; issuer still trades under a different ISIN — face-value change, split or rename, not an exit"
INE534A01028,GFSTEELS,EXIT_FLAT_OR_UP,2020-04-30,2021-09-30,8,10,2.6,2.7,-0.03703703703703707,0.30000000000000004,2.8,-0.07142857142857134,"10 month(s) absent then trading again — suspension, not exit"
INE177H01013,GPIL,INSTRUMENT_CHANGED,2018-01-31,2021-09-30,42,3,1278.95,299.65,3.268146170532288,0.7791611601864089,1278.95,0.0,"3 month(s) absent then trading again — suspension, not exit; issuer still trades under a different ISIN — face-value change, split or rename, not an exit"
INE335Y01012,IRCTC,INSTRUMENT_CHANGED,2019-10-31,2021-09-30,24,0,3798.5,1384.0,1.7445809248554913,1.161923733636881,3798.5,0.0,"issuer still trades under a different ISIN — face-value change, split or rename, not an exit"
INE988E01036,JMTAUTOLTD,EXIT_AMBIGUOUS,2018-02-28,2021-09-30,34,10,2.75,2.85,-0.03508771929824565,,5.0,-0.45,"10 month(s) absent then trading again — suspension, not exit"
INE088B01015,NATNLSTEEL,EXIT_AFTER_COLLAPSE,2018-01-31,2021-09-30,23,22,4.1,,,,41.2,-0.9004854368932038,"22 month(s) absent then trading again — suspension, not exit"
INE567A01010,NIPPOBATRY,INSTRUMENT_CHANGED,2018-01-31,2021-09-30,45,0,976.7,553.0,0.7661844484629295,0.376312266610301,1180.45,-0.17260366809267652,"issuer still trades under a different ISIN — face-value change, split or rename, not an exit"
INE430N01014,VISHWARAJ,INSTRUMENT_CHANGED,2019-10-31,2021-09-30,24,0,148.75,100.1,0.4860139860139861,0.25580413676656816,154.0,-0.03409090909090909,"issuer still trades under a different ISIN — face-value change, split or rename, not an exit"
INE412U01017,BIGBLOC,INSTRUMENT_CHANGED,2018-01-31,2021-10-29,37,9,150.1,,,0.8073449729078868,171.45,-0.12452610090405364,"9 month(s) absent then trading again — suspension, not exit; issuer still trades under a different ISIN — face-value change, split or rename, not an exit"
INE275F01019,HOTELRUGBY,EXIT_FLAT_OR_UP,2020-05-29,2021-10-29,11,7,3.95,,,,3.95,0.0,"7 month(s) absent then trading again — suspension, not exit"
INE313D01013,MOHOTAIND,EXIT_AFTER_COLLAPSE,2018-01-31,2021-10-29,35,11,8.95,8.7,0.02873563218390805,0.4206349206349206,397.2,-0.9774672708962739,"11 month(s) absent then trading again — suspension, not exit"
INE840Y01011,ONEPOINT,INSTRUMENT_CHANGED,2019-05-31,2021-10-29,22,8,57.9,14.6,2.9657534246575343,2.6996805111821085,57.9,0.0,"8 month(s) absent then trading again — suspension, not exit; issuer still trades under a different ISIN — face-value change, split or rename, not an exit"
INE429F01012,SKIL,EXIT_AFTER_COLLAPSE,2018-05-31,2021-10-29,24,18,3.8,2.45,0.5510204081632651,0.5199999999999999,28.25,-0.8654867256637168,"18 month(s) absent then trading again — suspension, not exit"
INE715B01013,ANDHRSUGAR,INSTRUMENT_CHANGED,2018-01-31,2021-11-30,47,0,591.6,294.3,1.0101936799184505,0.4331395348837209,636.75,-0.070906949352179,"issuer still trades under a different ISIN — face-value change, split or rename, not an exit"
INE333I01036,NTL,EXIT_AMBIGUOUS,2018-02-28,2021-11-30,18,28,2.1,0.95,1.210526315789474,0.9090909090909091,4.05,-0.48148148148148145,"28 month(s) absent then trading again — suspension, not exit"
INE372C01029,PRECWIRE,INSTRUMENT_CHANGED,2018-01-31,2021-11-30,47,0,282.9,153.0,0.8490196078431371,0.4302325581395347,315.9,-0.10446343779677114,"issuer still trades under a different ISIN — face-value change, split or rename, not an exit"
INE034D01031,PTL,INSTRUMENT_CHANGED,2018-02-28,2021-11-30,46,0,47.3,40.75,0.16073619631901834,0.11688311688311678,56.4,-0.1613475177304965,"issuer still trades under a different ISIN — face-value change, split or rename, not an exit"
INE690A01010,TTKPRESTIG,INSTRUMENT_CHANGED,2018-01-31,2021-11-30,47,0,9973.95,5745.8,0.7358679383201644,0.150603625792385,10937.05,-0.08805848012032483,"issuer still trades under a different ISIN — face-value change, split or rename, not an exit"
INE852F01015,GDL,EXIT_FLAT_OR_UP,2018-01-31,2021-12-31,45,3,278.3,121.95,1.2820828208282085,,293.6,-0.05211171662125344,"3 month(s) absent then trading again — suspension, not exit"
INE302H01017,GTNTEX,EXIT_FLAT_OR_UP,2018-02-28,2021-12-31,35,12,14.7,6.6,1.2272727272727273,0.6896551724137931,19.5,-0.2461538461538462,"12 month(s) absent then trading again — suspension, not exit"
INE571A01020,IPCALAB,INSTRUMENT_CHANGED,2018-01-31,2021-12-31,48,0,2166.8,2188.8,-0.010051169590643274,0.0692854322937229,2575.3,-0.1586222964314837,"issuer still trades under a different ISIN — face-value change, split or rename, not an exit"
INE805B01012,MANGTIMBER,EXIT_AMBIGUOUS,2018-02-28,2021-12-31,33,14,16.75,9.3,0.8010752688172041,,30.3,-0.4471947194719472,"14 month(s) absent then trading again — suspension, not exit"
INE790C01014,PATSPINLTD,EXIT_AMBIGUOUS,2018-01-31,2021-12-31,37,11,14.15,,,,24.0,-0.41041666666666665,"11 month(s) absent then trading again — suspension, not exit"
INE04AK01010,SBC,INSTRUMENT_CHANGED,2021-11-30,2021-12-31,2,0,149.0,,,,149.0,0.0,"issuer still trades under a different ISIN — face-value change, split or rename, not an exit"
INE943C01027,SRIPIPES,EXIT_AMBIGUOUS,2018-01-31,2021-12-31,48,0,202.35,152.8,0.3242801047120418,-0.08272892112420671,376.4,-0.4624070138150903,
INE087Z01016,AAKASH,INSTRUMENT_CHANGED,2020-09-30,2022-01-31,15,2,260.75,90.0,1.8972222222222221,-0.003249235474006203,265.75,-0.01881467544684854,"2 month(s) absent then trading again — suspension, not exit; issuer still trades under a different ISIN — face-value change, split or rename, not an exit"
INE544R01013,GREENLAM,INSTRUMENT_CHANGED,2018-01-31,2022-01-31,49,0,1849.65,821.9,1.2504562598856308,0.36163869257950526,1849.65,0.0,"issuer still trades under a different ISIN — face-value change, split or rename, not an exit"
INE927D01028,JBMA,INSTRUMENT_CHANGED,2018-01-31,2022-01-31,49,0,1521.5,376.25,3.043853820598007,2.134528224145035,1521.5,0.0,"issuer still trades under a different ISIN — face-value change, split or rename, not an exit"
INE451D01011,RAJRATAN,INSTRUMENT_CHANGED,2020-05-29,2022-01-31,15,6,2730.85,550.7,3.958870528418376,,2730.85,0.0,"6 month(s) absent then trading again — suspension, not exit; issuer still trades under a different ISIN — face-value change, split or rename, not an exit"
INE513A01014,SCHAEFFLER,INSTRUMENT_CHANGED,2018-01-31,2022-01-31,49,0,8958.0,4298.7,1.0838858259473796,0.30520303644019636,8958.0,0.0,"issuer still trades under a different ISIN — face-value change, split or rename, not an exit"
INE025B01017,GOLDIAM,INSTRUMENT_CHANGED,2018-01-31,2022-02-28,50,0,735.75,338.25,1.1751662971175165,0.01580836669888174,980.65,-0.24973232039973486,"issuer still trades under a different ISIN — face-value change, split or rename, not an exit"
INE399G01015,RKFORGE,INSTRUMENT_CHANGED,2018-01-31,2022-02-28,50,0,812.55,554.0,0.466696750902527,-0.17920096974594685,1091.35,-0.2554634168690154,"issuer still trades under a different ISIN — face-value change, split or rename, not an exit"
INE429C01035,SINTEX,EXIT_AMBIGUOUS,2018-01-31,2022-02-28,35,15,7.9,,,1.0789473684210529,23.2,-0.6594827586206896,"15 month(s) absent then trading again — suspension, not exit"
INE319Z01013,SUPREMEENG,EXIT_AMBIGUOUS,2020-12-31,2022-02-28,14,1,20.55,24.55,-0.1629327902240326,-0.36080870917573865,36.35,-0.4346629986244842,"1 month(s) absent then trading again — suspension, not exit"
INE825A01012,VTL,INSTRUMENT_CHANGED,2018-01-31,2022-02-28,50,0,2551.1,1183.95,1.154736264200346,0.3848868139623256,2551.1,0.0,"issuer still trades under a different ISIN — face-value change, split or rename, not an exit"
INE420B01028,ARIHANTCAP,INSTRUMENT_CHANGED,2021-06-30,2022-03-31,10,0,396.9,,,1.829946524064171,396.9,0.0,"issuer still trades under a different ISIN — face-value change, split or rename, not an exit"
INE589G01011,BRFL,EXIT_AFTER_COLLAPSE,2018-01-31,2022-03-31,28,23,6.35,6.75,-0.05925925925925931,,71.1,-0.9106891701828411,"23 month(s) absent then trading again — suspension, not exit"
INE065B01013,INDLMETER,EXIT_AFTER_COLLAPSE,2018-02-28,2022-03-31,39,11,12.4,13.45,-0.07806691449814118,0.055319148936170244,104.3,-0.8811121764141898,"11 month(s) absent then trading again — suspension, not exit"
INE797F01012,JUBLFOOD,INSTRUMENT_CHANGED,2018-01-31,2022-03-31,51,0,2636.5,2910.95,-0.09428193545062603,-0.3475463386869262,4040.9,-0.3475463386869262,"issuer still trades under a different ISIN — face-value change, split or rename, not an exit"
INE766A01018,PAEL,EXIT_FLAT_OR_UP,2018-05-31,2022-03-31,12,35,6.45,,,,6.45,0.0,"35 month(s) absent then trading again — suspension, not exit"
INE602A01023,PCBL,INSTRUMENT_CHANGED,2018-04-30,2022-03-31,48,0,228.7,190.8,0.19863731656184475,-0.1440868263473054,271.5,-0.15764272559852674,"issuer still trades under a different ISIN — face-value change, split or rename, not an exit"
INE248H01012,ROHITFERRO,EXIT_FLAT_OR_UP,2018-02-28,2022-03-31,13,37,27.35,,,,27.35,0.0,"37 month(s) absent then trading again — suspension, not exit"
INE979A01017,SAREGAMA,INSTRUMENT_CHANGED,2018-01-31,2022-03-31,42,9,4827.25,1595.15,2.026204432185061,,4827.25,0.0,"9 month(s) absent then trading again — suspension, not exit; issuer still trades under a different ISIN — face-value change, split or rename, not an exit"
INE663A01017,SUPPETRO,INSTRUMENT_CHANGED,2018-01-31,2022-03-31,48,3,925.55,417.95,1.2144993420265582,0.3476266744321491,925.55,0.0,"3 month(s) absent then trading again — suspension, not exit; issuer still trades under a different ISIN — face-value change, split or rename, not an exit"
INE706A01022,VIKASWSP,EXIT_AFTER_COLLAPSE,2019-08-30,2022-03-31,30,2,3.35,5.95,-0.4369747899159664,-0.32323232323232326,11.65,-0.7124463519313305,"2 month(s) absent then trading again — suspension, not exit"
INE267I01010,ARSSINFRA,EXIT_AMBIGUOUS,2018-08-31,2022-04-29,38,7,28.0,25.3,0.10671936758893277,0.06870229007633591,41.2,-0.32038834951456313,"7 month(s) absent then trading again — suspension, not exit"
INE676A01019,BBOX,INSTRUMENT_CHANGED,2018-02-28,2022-04-29,37,14,792.85,1588.65,-0.5009284612721493,,1588.65,-0.5009284612721493,"14 month(s) absent then trading again — suspension, not exit; issuer still trades under a different ISIN — face-value change, split or rename, not an exit"
INE0AEJ01013,BIRLATYRE,EXIT_AMBIGUOUS,2020-02-28,2022-04-29,26,1,16.1,24.4,-0.3401639344262294,-0.3305613305613305,45.95,-0.6496191512513602,"1 month(s) absent then trading again — suspension, not exit"
INE988C01014,DHARSUGAR,EXIT_AMBIGUOUS,2018-01-31,2022-04-29,32,20,21.0,6.85,2.0656934306569346,0.13821138211382117,29.5,-0.288135593220339,"20 month(s) absent then trading again — suspension, not exit"
INE217G01035,EQUIPPP,EXIT_FLAT_OR_UP,2021-06-30,2022-04-29,7,4,91.15,,,,105.65,-0.13724562233790819,"4 month(s) absent then trading again — suspension, not exit"
INE982V01017,JETFREIGHT,INSTRUMENT_CHANGED,2021-12-31,2022-04-29,5,0,62.55,,,,69.75,-0.10322580645161294,"issuer still trades under a different ISIN — face-value change, split or rename, not an exit"
INE099J01015,JPINFRATEC,EXIT_AFTER_COLLAPSE,2018-01-31,2022-04-29,41,11,2.8,1.45,0.9310344827586207,0.43589743589743585,15.0,-0.8133333333333332,"11 month(s) absent then trading again — suspension, not exit"
INE934B01028,MERCATOR,EXIT_AFTER_COLLAPSE,2018-01-31,2022-04-29,35,17,1.9,1.0,0.8999999999999999,0.4074074074074073,39.5,-0.9518987341772153,"17 month(s) absent then trading again — suspension, not exit"
INE342A01018,PREMIER,EXIT_AFTER_COLLAPSE,2018-01-31,2022-04-29,24,28,4.65,2.1,1.2142857142857144,0.056818181818181816,33.65,-0.861812778603269,"28 month(s) absent then trading again — suspension, not exit"
INE533D01032,RAJRILTD,EXIT_UNKNOWN_PATH,2022-04-29,2022-04-29,1,0,4.25,,,,4.25,0.0,only one observation; path unknown
INE330H01018,RCOM,EXIT_AFTER_COLLAPSE,2018-01-31,2022-04-29,41,11,2.75,1.6,0.7187499999999999,-0.03508771929824565,29.45,-0.9066213921901528,"11 month(s) absent then trading again — suspension, not exit"
INE013A01015,RELCAPITAL,EXIT_AFTER_COLLAPSE,2018-01-31,2022-04-29,44,8,16.95,10.25,0.6536585365853658,,491.1,-0.9654856444715944,"8 month(s) absent then trading again — suspension, not exit"
INE075B01012,SICAL,EXIT_AFTER_COLLAPSE,2018-01-31,2022-04-29,44,8,11.65,11.8,-0.01271186440677969,,223.35,-0.9478397134542198,"8 month(s) absent then trading again — suspension, not exit"
INE872A01014,SREINFRA,EXIT_AFTER_COLLAPSE,2018-01-31,2022-04-29,47,5,5.45,7.2,-0.24305555555555555,0.36250000000000004,95.8,-0.9431106471816284,"5 month(s) absent then trading again — suspension, not exit"
INE699A01011,UTTAMSTL,EXIT_AMBIGUOUS,2018-05-31,2022-04-29,35,13,4.9,7.25,-0.3241379310344827,0.20987654320987667,12.1,-0.5950413223140495,"13 month(s) absent then trading again — suspension, not exit"
INE962C01027,EASTSILK,EXIT_AMBIGUOUS,2018-01-31,2022-05-31,28,25,5.7,,,0.08571428571428574,10.9,-0.47706422018348627,"25 month(s) absent then trading again — suspension, not exit"
INE528K01029,GALLISPAT,EXIT_FLAT_OR_UP,2018-08-31,2022-05-31,46,0,64.9,50.35,0.2889771598808342,0.4062838569880825,64.9,0.0,
INE973A01010,GOLDENTOBC,EXIT_AMBIGUOUS,2019-04-30,2022-05-31,34,4,99.75,46.15,1.161430119176598,,149.6,-0.3332219251336898,"4 month(s) absent then trading again — suspension, not exit"
INE170V01019,SALASAR,INSTRUMENT_CHANGED,2018-01-31,2022-05-31,50,3,235.75,687.3,-0.6569911246908191,-0.05850638977635785,700.3,-0.6633585606168785,"3 month(s) absent then trading again — suspension, not exit; issuer still trades under a different ISIN — face-value change, split or rename, not an exit"
INE752P01024,FRETAIL,EXIT_AFTER_COLLAPSE,2018-01-31,2022-06-30,54,0,6.65,65.85,-0.8990129081245255,-0.8694798822374877,603.3,-0.9889772915630698,
INE254N01018,HNDFDS,INSTRUMENT_CHANGED,2019-08-30,2022-06-30,29,6,1754.25,,,-0.08917445482866043,2184.75,-0.1970477171301064,"6 month(s) absent then trading again — suspension, not exit; issuer still trades under a different ISIN — face-value change, split or rename, not an exit"
INE420C01042,PAISALO,EXIT_AFTER_COLLAPSE,2018-01-31,2022-06-30,54,0,72.2,612.45,-0.8821128255367785,-0.9005851979345955,963.0,-0.9250259605399792,
INE722H01016,RGL,INSTRUMENT_CHANGED,2018-01-31,2022-06-30,54,0,579.0,581.35,-0.004042315300593485,-0.39984451930551956,972.1,-0.4043822651990536,"issuer still trades under a different ISIN — face-value change, split or rename, not an exit"
INE503B01013,STEELXIND,INSTRUMENT_CHANGED,2018-01-31,2022-06-30,44,10,161.3,69.55,1.3191948238677214,-0.07537976497563759,238.85,-0.32468076198450907,"10 month(s) absent then trading again — suspension, not exit; issuer still trades under a different ISIN — face-value change, split or rename, not an exit"
INE081A01012,TATASTEEL,INSTRUMENT_CHANGED,2018-01-31,2022-06-30,54,0,867.05,1166.6,-0.2567718155323161,-0.21989293265554014,1450.25,-0.40213756248922605,"issuer still trades under a different ISIN — face-value change, split or rename, not an exit"
INE00Z501011,KRITIKA,INSTRUMENT_CHANGED,2022-05-31,2022-07-29,3,0,110.75,,,,110.75,0.0,"issuer still trades under a different ISIN — face-value change, split or rename, not an exit"
INE013801019,KSHITIJPOL,EXIT_UNKNOWN_PATH,2022-07-29,2022-07-29,1,0,37.5,,,,37.5,0.0,only one observation; path unknown
INE0APB01016,MGEL,EXIT_FLAT_OR_UP,2020-12-31,2022-07-29,18,2,176.3,55.35,2.1851851851851856,0.16561983471074387,220.65,-0.20099705415816901,"2 month(s) absent then trading again — suspension, not exit"
INE160H01019,PBAINFRA,EXIT_FLAT_OR_UP,2018-02-28,2022-07-29,19,35,14.2,,,0.01792114695340502,18.05,-0.21329639889196683,"35 month(s) absent then trading again — suspension, not exit"
INE111Q01013,PDSL,INSTRUMENT_CHANGED,2018-01-31,2022-07-29,55,0,1694.0,1255.25,0.34953196574387574,-0.05765860985175095,1797.65,-0.05765860985175095,"issuer still trades under a different ISIN — face-value change, split or rename, not an exit"
INE230R01027,RAMASTEEL,EXIT_FLAT_OR_UP,2018-05-31,2022-07-29,42,9,432.15,,,0.2250885896527285,432.15,0.0,"9 month(s) absent then trading again — suspension, not exit"
INE293A01013,ROLTA,EXIT_AFTER_COLLAPSE,2018-01-31,2022-07-29,34,21,4.25,,,-0.4014084507042253,68.9,-0.9383164005805515,"21 month(s) absent then trading again — suspension, not exit"
INE034H01016,SORILINFRA,EXIT_AFTER_COLLAPSE,2018-01-31,2022-07-29,51,4,63.6,129.7,-0.5096376252891288,-0.3585476550680787,420.0,-0.8485714285714285,"4 month(s) absent then trading again — suspension, not exit"
INE767B01022,VIKASPROP,EXIT_AFTER_COLLAPSE,2019-08-30,2022-07-29,33,3,0.95,2.55,-0.6274509803921569,,9.75,-0.9025641025641027,"3 month(s) absent then trading again — suspension, not exit"
INE436A01026,ANSALAPI,EXIT_AMBIGUOUS,2018-01-31,2022-08-30,46,10,18.75,9.45,0.9841269841269843,0.2583892617449664,26.5,-0.29245283018867924,"10 month(s) absent then trading again — suspension, not exit"
INE918I01018,BAJAJFINSV,INSTRUMENT_CHANGED,2018-01-31,2022-08-30,56,0,16962.15,17148.75,-0.01088125956702375,0.059303483829871086,17821.15,-0.04820115424649924,"1 split/bonus adjustment(s) applied (0.507); issuer still trades under a different ISIN — face-value change, split or rename, not an exit"
INE629D01012,BANSWRAS,INSTRUMENT_CHANGED,2018-01-31,2022-08-30,52,4,236.0,176.65,0.3359750919898103,0.17852684144818975,288.95,-0.18324969717944278,"4 month(s) absent then trading again — suspension, not exit; issuer still trades under a different ISIN — face-value change, split or rename, not an exit"
INE032Z01012,BSHSL,EXIT_FLAT_OR_UP,2020-10-30,2022-08-30,15,8,501.15,,,0.523947088338148,501.15,0.0,"8 month(s) absent then trading again — suspension, not exit"
INE688Y01014,DANGEE,INSTRUMENT_CHANGED,2020-11-27,2022-08-30,20,2,404.75,192.05,1.107524082270242,0.6429876192409174,404.75,0.0,"2 month(s) absent then trading again — suspension, not exit; issuer still trades under a different ISIN — face-value change, split or rename, not an exit"
INE688J01015,EXCEL,INSTRUMENT_CHANGED,2018-02-28,2022-08-30,34,21,8.6,,,,28.15,-0.6944937833037299,"21 month(s) absent then trading again — suspension, not exit; issuer still trades under a different ISIN — face-value change, split or rename, not an exit"
INE667G01015,SAKSOFT,INSTRUMENT_CHANGED,2018-01-31,2022-08-30,56,0,1008.2,880.5,0.14503123225440095,0.17773494538870405,1086.05,-0.0716817826066939,"issuer still trades under a different ISIN — face-value change, split or rename, not an exit"
INE035D01012,SOTL,INSTRUMENT_CHANGED,2018-01-31,2022-08-30,56,0,1731.35,1613.1,0.07330605666108735,0.7782970419063269,1731.35,0.0,"issuer still trades under a different ISIN — face-value change, split or rename, not an exit"
INE820Y01013,AJOONI,INSTRUMENT_CHANGED,2021-07-30,2022-09-30,15,0,39.35,55.85,-0.2954341987466428,-0.4153046062407132,73.45,-0.46426140231449964,"issuer still trades under a different ISIN — face-value change, split or rename, not an exit"
INE880B01015,ANSALHSG,EXIT_AFTER_COLLAPSE,2018-01-31,2022-09-30,47,10,5.7,6.5,-0.12307692307692306,-0.17985611510791366,28.05,-0.7967914438502675,"10 month(s) absent then trading again — suspension, not exit"
INE02EZ01014,AXITA,INSTRUMENT_CHANGED,2022-06-30,2022-09-30,4,0,302.15,,,,329.55,-0.08314368077681697,"issuer still trades under a different ISIN — face-value change, split or rename, not an exit"
INE336H01023,GAYAPROJ,EXIT_AFTER_COLLAPSE,2018-02-28,2022-09-30,53,3,8.7,50.2,-0.8266932270916334,-0.6258064516129033,211.7,-0.9589041095890412,"3 month(s) absent then trading again — suspension, not exit"
INE291W01011,GLOBAL,INSTRUMENT_CHANGED,2020-12-31,2022-09-30,19,3,360.6,44.25,7.149152542372882,4.1922246220302375,360.6,0.0,"3 month(s) absent then trading again — suspension, not exit; issuer still trades under a different ISIN — face-value change, split or rename, not an exit"
INE461D01010,HLEGLAS,INSTRUMENT_CHANGED,2021-02-26,2022-09-30,20,0,3464.85,6500.6,-0.46699535427499006,-0.3637690739822619,6500.6,-0.46699535427499006,"issuer still trades under a different ISIN — face-value change, split or rename, not an exit"
INE782L01012,SANCO,EXIT_AFTER_COLLAPSE,2018-01-31,2022-09-30,54,3,9.2,8.8,0.04545454545454529,-0.05641025641025648,44.25,-0.792090395480226,"3 month(s) absent then trading again — suspension, not exit"
INE413G01014,TPLPLASTEH,EXIT_AFTER_COLLAPSE,2018-01-31,2022-09-30,57,0,171.95,192.15,-0.1051262034868593,0.46402724563644093,648.15,-0.7347064722672221,
INE060X01018,DEVIT,INSTRUMENT_CHANGED,2022-02-28,2022-10-31,8,1,216.35,,,0.012400561534861984,216.5,-0.0006928406466512964,"1 month(s) absent then trading again — suspension, not exit; issuer still trades under a different ISIN — face-value change, split or rename, not an exit"
INE07O001018,EASEMYTRIP,INSTRUMENT_CHANGED,2021-03-31,2022-10-31,17,3,387.0,,,-0.054136624709764096,594.35,-0.3488685118196349,"3 month(s) absent then trading again — suspension, not exit; issuer still trades under a different ISIN — face-value change, split or rename, not an exit"
INE935Q01015,FSC,EXIT_AFTER_COLLAPSE,2018-01-31,2022-10-31,54,4,23.1,68.45,-0.662527392257122,-0.19791666666666663,695.25,-0.9667745415318231,"4 month(s) absent then trading again — suspension, not exit"
INE018I01017,MINDTREE,EXIT_AMBIGUOUS,2018-01-31,2022-10-31,58,0,3403.75,4492.4,-0.24233149318849606,-0.04177751502611097,4780.0,-0.287918410041841,
INE474L01016,OMKARCHEM,EXIT_AMBIGUOUS,2018-01-31,2022-10-31,38,20,27.85,,,-0.10305958132045086,73.05,-0.6187542778918549,"20 month(s) absent then trading again — suspension, not exit"
INE00KV01014,RAJMET,INSTRUMENT_CHANGED,2021-02-26,2022-10-31,16,5,281.4,156.0,0.8038461538461537,-0.2764206736950373,469.2,-0.4002557544757034,"5 month(s) absent then trading again — suspension, not exit; issuer still trades under a different ISIN — face-value change, split or rename, not an exit"
INE023M01027,SETUINFRA,EXIT_AFTER_COLLAPSE,2018-01-31,2022-10-31,38,20,1.7,1.15,0.47826086956521746,,7.75,-0.7806451612903226,"20 month(s) absent then trading again — suspension, not exit"
INE722A01011,SHRIRAMCIT,EXIT_FLAT_OR_UP,2018-01-31,2022-10-31,58,0,1824.4,2165.25,-0.1574183119732132,0.0677747863748099,2408.65,-0.24256326157806238,
INE802C01025,SSWL,INSTRUMENT_CHANGED,2021-12-31,2022-10-31,11,0,805.4,,,-0.1164015359297861,911.5,-0.1164015359297861,"issuer still trades under a different ISIN — face-value change, split or rename, not an exit"
INE662L01016,TCIDEVELOP,EXIT_AMBIGUOUS,2018-02-28,2022-10-31,53,4,390.0,352.5,0.10638297872340426,,535.8,-0.27211646136618134,"4 month(s) absent then trading again — suspension, not exit"
INE419M01019,TDPOWERSYS,EXIT_AFTER_COLLAPSE,2018-01-31,2022-10-31,58,0,124.1,335.75,-0.6303797468354431,-0.6434932490663603,610.75,-0.796807204257061,1 split/bonus adjustment(s) applied (0.506)
INE382T01022,4THDIM,INSTRUMENT_CHANGED,2022-09-30,2022-11-30,3,0,86.1,,,,86.1,0.0,"issuer still trades under a different ISIN — face-value change, split or rename, not an exit"
INE363W01018,BHAGYAPROP,EXIT_FLAT_OR_UP,2018-01-31,2022-11-30,57,2,41.55,32.1,0.29439252336448585,0.06812339331619534,41.55,0.0,"2 month(s) absent then trading again — suspension, not exit"
INE816B01027,FILATEX,INSTRUMENT_CHANGED,2018-06-29,2022-11-30,54,0,95.2,89.65,0.061907417735638556,-0.15527950310559005,126.5,-0.24743083003952568,"issuer still trades under a different ISIN — face-value change, split or rename, not an exit"
INE359U01010,LANCER,EXIT_FLAT_OR_UP,2022-05-31,2022-11-30,7,0,454.9,,,1.0658492279745686,454.9,0.0,
INE060901019,LIKHITHA,INSTRUMENT_CHANGED,2020-10-30,2022-11-30,26,0,469.75,319.9,0.4684276336355112,0.6569664902998237,469.75,0.0,"issuer still trades under a different ISIN — face-value change, split or rename, not an exit"
INE472M01018,MTEDUCARE,EXIT_AFTER_COLLAPSE,2018-02-28,2022-11-30,57,1,7.95,7.65,0.039215686274509776,0.039215686274509776,86.25,-0.9078260869565217,"1 month(s) absent then trading again — suspension, not exit"
INE235C01010,SUMEETINDS,EXIT_AFTER_COLLAPSE,2018-01-31,2022-11-30,42,17,5.1,8.3,-0.38554216867469887,-0.36250000000000004,27.7,-0.8158844765342961,"17 month(s) absent then trading again — suspension, not exit"
INE181G01025,AJRINFRA,EXIT_AMBIGUOUS,2018-01-31,2022-12-30,48,12,1.35,2.4,-0.43749999999999994,-0.09999999999999994,3.5,-0.6142857142857142,"12 month(s) absent then trading again — suspension, not exit"
INE623B01027,FEL,EXIT_AFTER_COLLAPSE,2018-01-31,2022-12-30,57,3,1.65,9.7,-0.8298969072164948,-0.45,47.1,-0.964968152866242,"3 month(s) absent then trading again — suspension, not exit"
INE187A01017,JBFIND,EXIT_AFTER_COLLAPSE,2018-01-31,2022-12-30,35,25,9.05,,,-0.1846846846846846,181.1,-0.9500276090557702,"25 month(s) absent then trading again — suspension, not exit"
INE890A01024,JMCPROJECT,EXIT_FLAT_OR_UP,2018-10-31,2022-12-30,51,0,136.8,91.85,0.48938486663037584,0.8000000000000002,136.8,0.0,
INE889E01010,PIONDIST,EXIT_AMBIGUOUS,2018-01-31,2022-12-30,58,2,182.05,180.7,0.00747094631986731,0.21285809460359773,344.95,-0.4722423539643426,"2 month(s) absent then trading again — suspension, not exit"
INE715Y01015,SHRADHA,INSTRUMENT_CHANGED,2020-10-30,2022-12-30,22,5,64.6,54.65,0.18206770356816096,0.357142857142857,66.5,-0.028571428571428657,"5 month(s) absent then trading again — suspension, not exit; issuer still trades under a different ISIN — face-value change, split or rename, not an exit"
INE663A01025,SPLPETRO,INSTRUMENT_CHANGED,2022-06-30,2022-12-30,7,0,791.2,,,-0.10740072202166058,886.4,-0.10740072202166058,"issuer still trades under a different ISIN — face-value change, split or rename, not an exit"
INE845C01016,SUBCAPCITY,EXIT_AMBIGUOUS,2022-09-30,2022-12-30,2,2,77.0,,,,112.55,-0.31585961794757883,"2 month(s) absent then trading again — suspension, not exit"
INE01KI01019,VINNY,INSTRUMENT_CHANGED,2022-11-30,2022-12-30,2,0,140.75,,,,140.75,0.0,"issuer still trades under a different ISIN — face-value change, split or rename, not an exit"
INE270I01014,VISHNU,INSTRUMENT_CHANGED,2018-02-28,2022-12-30,49,10,1501.6,,,-0.005200569743946561,1960.7,-0.23415106849594539,"10 month(s) absent then trading again — suspension, not exit; issuer still trades under a different ISIN — face-value change, split or rename, not an exit"
INE648Z01015,ACCURACY,EXIT_AMBIGUOUS,2020-12-31,2023-01-31,26,0,176.55,198.0,-0.10833333333333328,-0.1307237813884785,272.25,-0.35151515151515145,
INE988K01017,EQUITAS,EXIT_AMBIGUOUS,2018-01-31,2023-01-31,61,0,121.7,109.5,0.11141552511415528,0.20614469772051533,164.0,-0.2579268292682927,
IN9623B01058,FELDVR,EXIT_AFTER_COLLAPSE,2018-01-31,2023-01-31,55,6,7.2,13.7,-0.4744525547445255,-0.04635761589403969,45.65,-0.8422782037239868,"6 month(s) absent then trading again — suspension, not exit"
INE312H01016,INOXLEISUR,EXIT_FLAT_OR_UP,2018-01-31,2023-01-31,61,0,502.15,416.85,0.20462996281636067,-0.1501227045781502,590.85,-0.1501227045781502,
INE821I01014,IRB,INSTRUMENT_CHANGED,2018-01-31,2023-01-31,61,0,286.2,254.2,0.12588512981904013,0.3398876404494382,290.85,-0.01598762248581755,"issuer still trades under a different ISIN — face-value change, split or rename, not an exit"
INE782X01017,SERVOTECH,INSTRUMENT_CHANGED,2021-09-30,2023-01-31,12,5,244.25,,,3.175213675213675,244.25,0.0,"5 month(s) absent then trading again — suspension, not exit; issuer still trades under a different ISIN — face-value change, split or rename, not an exit"
INE098201028,VCL,EXIT_AFTER_COLLAPSE,2022-04-29,2023-01-31,9,1,5.4,,,-0.5462184873949579,25.65,-0.7894736842105263,"1 month(s) absent then trading again — suspension, not exit"
INE466L01020,360ONE,INSTRUMENT_CHANGED,2019-10-31,2023-02-28,41,0,1723.45,1531.55,0.12529790081943135,0.027422575933708903,1840.3,-0.06349508232353415,"issuer still trades under a different ISIN — face-value change, split or rename, not an exit"
INE666E01012,ANDHRACEMT,EXIT_AFTER_COLLAPSE,2018-01-31,2023-02-28,40,22,5.4,13.7,-0.6058394160583941,,18.85,-0.713527851458886,"22 month(s) absent then trading again — suspension, not exit"
INE456C01020,DFMFOODS,EXIT_FLAT_OR_UP,2018-11-30,2023-02-28,52,0,459.85,248.8,0.8482717041800644,0.3026912181303117,459.9,-0.00010871928680137971,
INE705X01018,GOYALALUM,INSTRUMENT_CHANGED,2022-11-30,2023-02-28,4,0,271.7,,,,271.7,0.0,"issuer still trades under a different ISIN — face-value change, split or rename, not an exit"
INE106T01017,HITECH,INSTRUMENT_CHANGED,2018-05-31,2023-02-28,58,0,776.45,553.25,0.40343425214640766,0.3169097693351425,939.9,-0.17390147888073193,"issuer still trades under a different ISIN — face-value change, split or rename, not an exit"
INE455T01018,JSLHISAR,EXIT_FLAT_OR_UP,2018-01-31,2023-02-28,62,0,490.25,353.2,0.38802378255945646,1.003064351378958,490.25,0.0,
INE630Y01016,MEDICO,INSTRUMENT_CHANGED,2022-05-31,2023-02-28,5,5,343.95,,,2.3344643722733878,343.95,0.0,"5 month(s) absent then trading again — suspension, not exit; issuer still trades under a different ISIN — face-value change, split or rename, not an exit"
INE06IR01013,OSIAHYPER,EXIT_FLAT_OR_UP,2022-12-30,2023-02-28,3,0,252.1,,,,269.65,-0.0650843686259966,
INE501W01021,SPTL,EXIT_AFTER_COLLAPSE,2018-01-31,2023-02-28,46,16,2.1,,,,72.85,-0.9711736444749486,"16 month(s) absent then trading again — suspension, not exit"
INE981B01011,CMICABLES,EXIT_AFTER_COLLAPSE,2018-01-31,2023-03-31,56,7,9.35,30.55,-0.6939443535188217,-0.5691244239631337,361.0,-0.9740997229916897,"7 month(s) absent then trading again — suspension, not exit"
INE0FHS01016,DEEPINDS,INSTRUMENT_CHANGED,2021-05-31,2023-03-31,23,0,268.5,228.1,0.17711530030688297,0.06105512744516889,302.15,-0.1113685255667714,"issuer still trades under a different ISIN — face-value change, split or rename, not an exit"
INE452O01016,FLFL,EXIT_AFTER_COLLAPSE,2018-01-31,2023-03-31,56,7,4.75,34.3,-0.8615160349854227,,489.65,-0.9902991933013376,"7 month(s) absent then trading again — suspension, not exit"
INE065J01016,GISOLUTION,INSTRUMENT_CHANGED,2019-11-29,2023-03-31,8,33,7.95,,,,7.95,0.0,"33 month(s) absent then trading again — suspension, not exit; issuer still trades under a different ISIN — face-value change, split or rename, not an exit"
INE542A01039,GSCLCEMENT,EXIT_AMBIGUOUS,2018-01-31,2023-03-31,63,0,30.4,39.9,-0.2380952380952381,-0.2612393681652491,51.7,-0.4119922630560929,
INE319Z01021,SUPREMEENG,EXIT_AFTER_COLLAPSE,2022-03-31,2023-03-31,11,2,0.65,2.6,-0.75,-0.6578947368421053,2.95,-0.7796610169491526,"2 month(s) absent then trading again — suspension, not exit"
INE716B01011,TIPSINDLTD,INSTRUMENT_CHANGED,2018-02-28,2023-03-31,45,17,1460.35,,,-0.06357806989419691,1883.75,-0.22476443264764437,"17 month(s) absent then trading again — suspension, not exit; issuer still trades under a different ISIN — face-value change, split or rename, not an exit"
INE642Z01018,AKI,INSTRUMENT_CHANGED,2023-04-28,2023-04-28,1,0,116.0,,,,116.0,0.0,"issuer still trades under a different ISIN — face-value change, split or rename, not an exit"
INE713T01010,APOLLO,INSTRUMENT_CHANGED,2018-02-28,2023-04-28,59,4,313.95,130.2,1.4112903225806452,,318.75,-0.0150588235294118,"4 month(s) absent then trading again — suspension, not exit; issuer still trades under a different ISIN — face-value change, split or rename, not an exit"
INE905P01028,BCP,EXIT_AFTER_COLLAPSE,2019-08-30,2023-04-28,38,7,4.45,5.1,-0.12745098039215677,-0.1359223300970874,15.75,-0.7174603174603175,"7 month(s) absent then trading again — suspension, not exit"
INE359U01028,LANCER,EXIT_AMBIGUOUS,2022-12-30,2023-04-28,5,0,149.7,,,,226.1,-0.33790358248562585,
INE583V01013,RADHIKAJWE,INSTRUMENT_CHANGED,2022-07-29,2023-04-28,10,0,159.95,,,0.03360258481421641,215.25,-0.2569105691056911,"issuer still trades under a different ISIN — face-value change, split or rename, not an exit"
INE573R01012,SEYAIND,EXIT_AFTER_COLLAPSE,2019-07-31,2023-04-28,31,15,19.05,,,,426.55,-0.9553393506036807,"15 month(s) absent then trading again — suspension, not exit"
INE285B01017,SPICEJET,EXIT_AFTER_COLLAPSE,2019-08-30,2023-04-28,45,0,31.7,54.95,-0.4231119199272066,-0.20551378446115287,132.85,-0.7613850207000376,
INE008Z01012,SRPL,EXIT_AMBIGUOUS,2020-09-30,2023-04-28,20,12,49.55,111.0,-0.5536036036036036,-0.3060224089635855,130.95,-0.6216113020236731,"12 month(s) absent then trading again — suspension, not exit"
INE392A01013,VISAKAIND,INSTRUMENT_CHANGED,2018-01-31,2023-04-28,64,0,404.2,572.45,-0.2939121320639358,-0.250996015936255,819.0,-0.5064713064713064,"issuer still trades under a different ISIN — face-value change, split or rename, not an exit"
INE974C01022,WINPRO,EXIT_AFTER_COLLAPSE,2019-08-30,2023-04-28,44,1,2.6,6.0,-0.5666666666666667,-0.543859649122807,95.15,-0.9726747241198109,"1 month(s) absent then trading again — suspension, not exit"
INE256Z01017,AKSHAR,INSTRUMENT_CHANGED,2022-05-31,2023-05-31,8,5,66.9,73.25,-0.08668941979522177,0.006772009029345415,119.7,-0.44110275689223055,"5 month(s) absent then trading again — suspension, not exit; issuer still trades under a different ISIN — face-value change, split or rename, not an exit"
INE669X01016,GEEKAYWIRE,INSTRUMENT_CHANGED,2020-03-31,2023-05-31,33,6,203.0,81.2,1.5,1.6210458360232407,203.0,0.0,"6 month(s) absent then trading again — suspension, not exit; issuer still trades under a different ISIN — face-value change, split or rename, not an exit"
INE626Z01011,HARDWYN,INSTRUMENT_CHANGED,2022-04-29,2023-05-31,13,1,432.45,,,0.3326656394453004,432.45,0.0,"1 month(s) absent then trading again — suspension, not exit; issuer still trades under a different ISIN — face-value change, split or rename, not an exit"
INE691G01015,IMPEXFERRO,EXIT_AFTER_COLLAPSE,2018-02-28,2023-05-31,11,53,3.05,11.0,-0.7227272727272728,,11.0,-0.7227272727272728,"53 month(s) absent then trading again — suspension, not exit"
INE570A01014,IONEXCHANG,INSTRUMENT_CHANGED,2022-02-28,2023-05-31,16,0,3815.45,1854.1,1.0578447764414,0.4042102938740959,3815.45,0.0,"issuer still trades under a different ISIN — face-value change, split or rename, not an exit"
INE215I01019,MAANALU,INSTRUMENT_CHANGED,2018-01-31,2023-05-31,62,3,206.25,123.9,0.6646489104116222,0.12275449101796414,327.35,-0.36994043073163285,"3 month(s) absent then trading again — suspension, not exit; issuer still trades under a different ISIN — face-value change, split or rename, not an exit"
INE980A01023,PRESSMN,EXIT_FLAT_OR_UP,2018-01-31,2023-05-31,63,2,106.6,37.4,1.8502673796791442,,106.6,0.0,"2 month(s) absent then trading again — suspension, not exit"
INE782X01025,SERVOTECH,INSTRUMENT_CHANGED,2023-05-31,2023-05-31,1,0,107.65,,,,107.65,0.0,"issuer still trades under a different ISIN — face-value change, split or rename, not an exit"
INE965H01011,SITINET,EXIT_AFTER_COLLAPSE,2018-01-31,2023-05-31,43,22,0.8,,,-0.4666666666666666,23.0,-0.9652173913043478,"22 month(s) absent then trading again — suspension, not exit"
INE835A01011,VARDMNPOLY,INSTRUMENT_CHANGED,2018-01-31,2023-05-31,43,22,47.95,24.05,0.9937629937629938,1.4217171717171717,47.95,0.0,"22 month(s) absent then trading again — suspension, not exit; issuer still trades under a different ISIN — face-value change, split or rename, not an exit"
INE200M01013,VBL,INSTRUMENT_CHANGED,2018-01-31,2023-05-31,65,0,1694.45,1056.5,0.6038334122101279,0.3558311662332467,1694.45,0.0,"issuer still trades under a different ISIN — face-value change, split or rename, not an exit"
INE001A01036,HDFC,EXIT_FLAT_OR_UP,2018-01-31,2023-06-30,66,0,2821.95,2170.85,0.2999285993965497,0.06989308462238396,2844.7,-0.007997328365029704,
INE642Y01011,HINDCON,INSTRUMENT_CHANGED,2021-07-30,2023-07-31,23,2,106.2,62.1,0.7101449275362319,0.18725544997205143,106.2,0.0,"2 month(s) absent then trading again — suspension, not exit; issuer still trades under a different ISIN — face-value change, split or rename, not an exit"
INE01GN01017,IRISDOREME,INSTRUMENT_CHANGED,2021-02-26,2023-07-31,25,5,445.0,192.15,1.3158990372105126,0.5387275242047027,445.0,0.0,"5 month(s) absent then trading again — suspension, not exit; issuer still trades under a different ISIN — face-value change, split or rename, not an exit"
INE743C01021,JSWISPL,EXIT_AMBIGUOUS,2018-11-30,2023-07-31,53,4,38.0,26.9,0.412639405204461,0.24183006535947707,53.35,-0.2877225866916589,"4 month(s) absent then trading again — suspension, not exit"
INE154U01015,MAXVIL,EXIT_FLAT_OR_UP,2018-01-31,2023-07-31,67,0,198.45,104.45,0.89995213020584,0.3536834924965893,202.5,-0.020000000000000056,
INE00IK01011,OSWALSEEDS,INSTRUMENT_CHANGED,2023-02-28,2023-07-31,6,0,332.65,,,,392.5,-0.1524840764331211,"issuer still trades under a different ISIN — face-value change, split or rename, not an exit"
INE385C01013,SARDAEN,INSTRUMENT_CHANGED,2018-01-31,2023-07-31,64,3,2017.8,953.9,1.1153160708669674,0.8424032140248355,2017.8,0.0,"3 month(s) absent then trading again — suspension, not exit; issuer still trades under a different ISIN — face-value change, split or rename, not an exit"
INE324X01018,SARVESHWAR,INSTRUMENT_CHANGED,2022-12-30,2023-07-31,8,0,102.25,,,0.23044524669073413,102.25,0.0,"issuer still trades under a different ISIN — face-value change, split or rename, not an exit"
INE778A01021,TECHIN,EXIT_FLAT_OR_UP,2018-02-28,2023-07-31,36,30,10.15,11.45,-0.11353711790393005,0.10326086956521752,13.5,-0.24814814814814812,"30 month(s) absent then trading again — suspension, not exit"
INE982B01019,ADFFOODS,INSTRUMENT_CHANGED,2018-01-31,2023-08-31,68,0,1092.65,725.55,0.5059609951071603,0.49422222222222234,1097.0,-0.0039653600729260795,"issuer still trades under a different ISIN — face-value change, split or rename, not an exit"
INE0ALR01011,ATALREAL,INSTRUMENT_CHANGED,2023-05-31,2023-08-31,4,0,136.8,,,,136.8,0.0,"issuer still trades under a different ISIN — face-value change, split or rename, not an exit"
INE066F01012,HAL,INSTRUMENT_CHANGED,2018-03-28,2023-08-31,66,0,3900.3,2295.2,0.699329034506797,0.5150914811793497,3961.5,-0.015448693676637591,"issuer still trades under a different ISIN — face-value change, split or rename, not an exit"
INE572A01028,JBCHEPHARM,EXIT_FLAT_OR_UP,2018-01-31,2023-08-31,68,0,2768.5,1782.6,0.5530685515539101,0.42801877546809713,2768.5,0.0,
INE861A01058,VISESHINFO,EXIT_AMBIGUOUS,2018-06-29,2023-08-31,24,39,0.45,0.7,-0.3571428571428571,0.0,1.15,-0.6086956521739131,"39 month(s) absent then trading again — suspension, not exit; 1 split/bonus adjustment(s) applied (0.500)"
INE449C01025,ANDREWYU,EXIT_FLAT_OR_UP,2021-08-31,2023-09-29,26,0,35.35,20.2,0.7500000000000001,0.7456790123456791,35.35,0.0,
INE412G01016,BCLIND,INSTRUMENT_CHANGED,2021-03-31,2023-09-29,26,5,533.4,332.15,0.6059009483667018,0.3548387096774193,533.4,0.0,"5 month(s) absent then trading again — suspension, not exit; issuer still trades under a different ISIN — face-value change, split or rename, not an exit"
INE070C01037,COMPINFO,EXIT_AFTER_COLLAPSE,2018-01-31,2023-09-29,69,0,12.5,23.95,-0.4780793319415449,-0.01185770750988145,49.8,-0.748995983935743,
INE593W01010,FOCUS,EXIT_FLAT_OR_UP,2021-11-30,2023-09-29,19,4,837.3,154.7,4.412411118293471,0.6374303314755059,837.3,0.0,"4 month(s) absent then trading again — suspension, not exit"
INE571B01028,JAYBARMARU,INSTRUMENT_CHANGED,2018-01-31,2023-09-29,69,0,275.25,173.7,0.5846286701208983,1.0703271906731855,507.75,-0.45790251107828656,"issuer still trades under a different ISIN — face-value change, split or rename, not an exit"
INE234I01010,KAUSHALYA,EXIT_FLAT_OR_UP,2018-01-31,2023-09-29,46,23,6.95,4.65,0.49462365591397844,0.7594936708860759,6.95,0.0,"23 month(s) absent then trading again — suspension, not exit"
INE940H01014,PGIL,INSTRUMENT_CHANGED,2018-01-31,2023-09-29,69,0,1008.8,453.8,1.2230057293962098,1.4652981427174974,1008.8,0.0,"issuer still trades under a different ISIN — face-value change, split or rename, not an exit"
INE888B01018,PODDARHOUS,EXIT_AFTER_COLLAPSE,2018-01-31,2023-09-29,55,14,121.9,216.9,-0.437989857076994,0.5021565003080715,1193.95,-0.8979019221910465,"14 month(s) absent then trading again — suspension, not exit"
INE0D0K01014,SIGACHI,EXIT_FLAT_OR_UP,2021-11-30,2023-09-29,23,0,400.2,268.55,0.49022528393222853,0.792609182530795,411.95,-0.02852287899016871,
INE335A01012,SURYAROSNI,INSTRUMENT_CHANGED,2018-01-31,2023-09-29,69,0,981.8,456.65,1.1500054746523596,0.49232406140750873,981.8,0.0,"issuer still trades under a different ISIN — face-value change, split or rename, not an exit"
INE187D01011,TALBROAUTO,INSTRUMENT_CHANGED,2018-01-31,2023-09-29,69,0,1045.9,472.8,1.2121404399323183,1.5562752046926558,1045.9,0.0,"issuer still trades under a different ISIN — face-value change, split or rename, not an exit"
INE083B01016,THEMISMED,INSTRUMENT_CHANGED,2018-01-31,2023-09-29,60,9,1808.4,1017.85,0.7766861521835241,0.5327372123575033,1808.4,0.0,"9 month(s) absent then trading again — suspension, not exit; issuer still trades under a different ISIN — face-value change, split or rename, not an exit"
INE054C01015,WATERBASE,EXIT_AMBIGUOUS,2019-08-30,2023-09-29,50,0,82.55,80.1,0.030586766541822758,0.4419213973799126,137.85,-0.4011606819006166,
INE068L01016,CANTABIL,INSTRUMENT_CHANGED,2018-01-31,2023-10-31,64,6,1109.7,1190.65,-0.0679880737412338,0.09724625500568548,1527.4,-0.2734712583475187,"6 month(s) absent then trading again — suspension, not exit; issuer still trades under a different ISIN — face-value change, split or rename, not an exit"
INE0GSL01016,HPAL,INSTRUMENT_CHANGED,2022-01-31,2023-10-31,22,0,468.75,402.3,0.16517524235645037,0.25250501002004005,521.1,-0.10046056419113418,"issuer still trades under a different ISIN — face-value change, split or rename, not an exit"
INE997Y01019,MITTAL,EXIT_AFTER_COLLAPSE,2020-04-30,2023-10-31,36,7,18.4,11.6,0.5862068965517241,,132.5,-0.8611320754716981,"7 month(s) absent then trading again — suspension, not exit"
INE964W01013,MKPL,INSTRUMENT_CHANGED,2023-06-30,2023-10-31,5,0,838.8,,,,852.3,-0.015839493136219643,"issuer still trades under a different ISIN — face-value change, split or rename, not an exit"
INE151G01010,SHAILY,INSTRUMENT_CHANGED,2022-04-29,2023-10-31,19,0,1787.15,1928.8,-0.073439444214019,0.5439740820734342,2024.05,-0.11704256317778705,"issuer still trades under a different ISIN — face-value change, split or rename, not an exit"
INE674A01014,TATASTLLP,EXIT_AMBIGUOUS,2018-01-31,2023-10-31,67,3,781.45,616.45,0.26766161083623974,0.19059952769101854,1105.7,-0.2932531428054626,"3 month(s) absent then trading again — suspension, not exit"
INE899L01022,UJAAS,EXIT_AFTER_COLLAPSE,2018-01-31,2023-10-31,46,24,2.15,,,,25.2,-0.9146825396825398,"24 month(s) absent then trading again — suspension, not exit"
INE784B01035,WINSOME,EXIT_FLAT_OR_UP,2018-01-31,2023-10-31,9,61,5.55,,,,5.55,0.0,"61 month(s) absent then trading again — suspension, not exit"
INE968D01022,ARSHIYA,EXIT_AFTER_COLLAPSE,2018-01-31,2023-11-30,60,11,3.75,11.55,-0.6753246753246753,-0.35344827586206895,46.85,-0.919957310565635,"11 month(s) absent then trading again — suspension, not exit; 1 split/bonus adjustment(s) applied (0.500)"
INE509F01011,CUPID,INSTRUMENT_CHANGED,2018-01-31,2023-11-30,71,0,847.65,250.6,2.382482043096568,2.3046783625730995,847.65,0.0,"issuer still trades under a different ISIN — face-value change, split or rename, not an exit"
INE0ECP01016,HMAAGRO,INSTRUMENT_CHANGED,2023-07-31,2023-11-30,5,0,649.9,,,,748.45,-0.13167212238626502,"issuer still trades under a different ISIN — face-value change, split or rename, not an exit"
INE704P01017,COCHINSHIP,INSTRUMENT_CHANGED,2018-01-31,2023-12-29,72,0,1353.95,534.25,1.5343004211511466,1.392983386355603,1353.95,0.0,"issuer still trades under a different ISIN — face-value change, split or rename, not an exit"
INE161G01027,MORARJEE,EXIT_AMBIGUOUS,2018-01-31,2023-12-29,66,6,22.9,22.85,0.0021881838074397004,0.2513661202185791,53.9,-0.575139146567718,"6 month(s) absent then trading again — suspension, not exit"
INE239A01016,NESTLEIND,INSTRUMENT_CHANGED,2018-01-31,2023-12-29,72,0,26580.3,19606.0,0.3557227379373661,0.16100077311819974,26580.3,0.0,"issuer still trades under a different ISIN — face-value change, split or rename, not an exit"
INE493A01027,TATACOFFEE,EXIT_FLAT_OR_UP,2018-01-31,2023-12-29,72,0,320.8,217.6,0.47426470588235303,0.29380923573301077,320.8,0.0,
INE422C01014,TINPLATE,EXIT_FLAT_OR_UP,2018-01-31,2023-12-29,72,0,449.6,334.95,0.34228989401403204,0.34772182254196643,449.6,0.0,
INE188Y01015,VERTOZ,EXIT_FLAT_OR_UP,2020-05-29,2023-12-29,39,5,473.85,,,,473.85,0.0,"5 month(s) absent then trading again — suspension, not exit"
INE755Q01025,VISHAL,EXIT_AFTER_COLLAPSE,2020-08-31,2023-12-29,41,0,22.05,21.15,0.042553191489361805,0.2819767441860466,330.1,-0.9332020599818237,
INE740X01015,LAL,INSTRUMENT_CHANGED,2023-04-28,2024-01-31,3,7,390.45,,,,390.45,0.0,"7 month(s) absent then trading again — suspension, not exit; issuer still trades under a different ISIN — face-value change, split or rename, not an exit"
INE776I01010,MEP,EXIT_AFTER_COLLAPSE,2018-01-31,2024-01-31,64,9,16.5,15.8,0.04430379746835438,0.39830508474576265,88.6,-0.8137697516930023,"9 month(s) absent then trading again — suspension, not exit"
INE056C01010,TATAMETALI,EXIT_FLAT_OR_UP,2018-01-31,2024-01-31,73,0,1066.35,836.75,0.2743949805796234,0.19318563276267187,1320.95,-0.19274007343199978,
INE180C01026,CGCL,INSTRUMENT_CHANGED,2018-01-31,2024-02-29,74,0,964.8,680.1,0.4186149095721216,0.20645241965737138,964.8,0.0,"issuer still trades under a different ISIN — face-value change, split or rename, not an exit"
INE00VM01010,MANORAMA,INSTRUMENT_CHANGED,2022-07-29,2024-02-29,17,3,1975.2,937.0,1.1080042689434366,0.03886814284962925,2153.2,-0.08266765744008907,"3 month(s) absent then trading again — suspension, not exit; issuer still trades under a different ISIN — face-value change, split or rename, not an exit"
INE262H01013,PERSISTENT,INSTRUMENT_CHANGED,2018-01-31,2024-02-29,74,0,8630.35,4793.1,0.8005779140848303,0.6069320572737261,8630.35,0.0,"issuer still trades under a different ISIN — face-value change, split or rename, not an exit"
INE056I01017,REFEX,INSTRUMENT_CHANGED,2018-01-31,2024-02-29,64,10,647.1,259.05,1.4979733642154025,-0.03884144077237278,845.3,-0.23447296817697852,"10 month(s) absent then trading again — suspension, not exit; issuer still trades under a different ISIN — face-value change, split or rename, not an exit"
INE01C001018,AARTECH,EXIT_FLAT_OR_UP,2023-07-31,2024-03-28,5,4,154.15,,,,156.2,-0.013124199743917946,"4 month(s) absent then trading again — suspension, not exit"
INE464A01028,BBL,INSTRUMENT_CHANGED,2018-01-31,2024-03-28,75,0,6416.15,2532.15,1.5338743755306752,0.7794217569160368,6416.15,0.0,"issuer still trades under a different ISIN — face-value change, split or rename, not an exit"
INE0EEJ01015,BTML,INSTRUMENT_CHANGED,2023-02-28,2024-03-28,11,3,168.35,173.0,-0.026878612716763037,0.20164168451106354,212.6,-0.208137347130762,"3 month(s) absent then trading again — suspension, not exit; issuer still trades under a different ISIN — face-value change, split or rename, not an exit"
INE05ST01010,SBGLP,INSTRUMENT_CHANGED,2023-02-28,2024-03-28,14,0,874.1,185.1,3.722312263641275,1.299053129931615,874.1,0.0,"issuer still trades under a different ISIN — face-value change, split or rename, not an exit"
INE106I01010,ANKITMETAL,EXIT_AMBIGUOUS,2020-03-31,2024-04-30,24,26,4.25,4.35,-0.022988505747126357,,8.95,-0.5251396648044693,"26 month(s) absent then trading again — suspension, not exit"
INE618N01014,BALAXI,INSTRUMENT_CHANGED,2019-03-29,2024-04-30,49,13,611.5,532.9,0.1474948395571402,0.5200099428287347,674.45,-0.09333531025279863,"13 month(s) absent then trading again — suspension, not exit; issuer still trades under a different ISIN — face-value change, split or rename, not an exit"
INE171Z01018,BDL,INSTRUMENT_CHANGED,2018-03-28,2024-04-30,74,0,1977.55,1005.3,0.9671242415199444,1.0300261766668377,1977.55,0.0,"issuer still trades under a different ISIN — face-value change, split or rename, not an exit"
INE414D01019,BHAGCHEM,INSTRUMENT_CHANGED,2021-10-29,2024-04-30,31,0,1959.45,1368.6,0.4317185444980273,0.28501164048922856,1959.45,0.0,"issuer still trades under a different ISIN — face-value change, split or rename, not an exit"
INE476A01014,CANBK,INSTRUMENT_CHANGED,2018-01-31,2024-04-30,76,0,621.95,317.45,0.9592061742006618,0.6181865487186159,621.95,0.0,"issuer still trades under a different ISIN — face-value change, split or rename, not an exit"
INE179G01011,DAVANGERE,INSTRUMENT_CHANGED,2024-01-31,2024-04-30,4,0,94.05,,,,103.95,-0.09523809523809529,"issuer still trades under a different ISIN — face-value change, split or rename, not an exit"
INE220J01025,FCONSUMER,EXIT_AFTER_COLLAPSE,2018-01-31,2024-04-30,61,15,0.9,,,,31.252747252747255,-0.9712025316455697,"15 month(s) absent then trading again — suspension, not exit; 1 split/bonus adjustment(s) applied (0.495)"
INE480C01020,SDBL,INSTRUMENT_CHANGED,2020-10-30,2024-04-30,39,4,317.8,167.85,0.8933571641346442,0.013392857142857106,352.75,-0.09907866761162293,"4 month(s) absent then trading again — suspension, not exit; issuer still trades under a different ISIN — face-value change, split or rename, not an exit"
INE195Y01010,SECURCRED,EXIT_AFTER_COLLAPSE,2022-10-31,2024-04-30,19,0,18.25,27.0,-0.32407407407407407,0.013888888888888888,117.5,-0.8446808510638298,
INE00LM01011,SONAMLTD,INSTRUMENT_CHANGED,2022-04-29,2024-04-30,22,3,82.55,50.0,0.6509999999999999,,86.35,-0.04400694846554716,"3 month(s) absent then trading again — suspension, not exit; issuer still trades under a different ISIN — face-value change, split or rename, not an exit"
INE334L01012,UJJIVAN,EXIT_FLAT_OR_UP,2018-01-31,2024-04-30,76,0,574.45,281.55,1.0403125554963595,0.07333707025411061,574.45,0.0,
INE323B01016,AVONMORE,INSTRUMENT_CHANGED,2023-01-31,2024-05-31,14,3,120.65,64.7,0.8647604327666152,0.5854139290407361,120.65,0.0,"3 month(s) absent then trading again — suspension, not exit; issuer still trades under a different ISIN — face-value change, split or rename, not an exit"
INE455F01025,JPASSOCIAT,EXIT_AMBIGUOUS,2018-01-31,2024-05-31,74,3,15.45,7.15,1.1608391608391606,-0.11965811965811973,22.25,-0.30561797752808995,"3 month(s) absent then trading again — suspension, not exit"
INE0BTI01029,KAMOPAINTS,INSTRUMENT_CHANGED,2023-02-28,2024-05-31,13,3,165.1,212.35,-0.22251000706380974,0.018193031144002395,358.5,-0.5394700139470014,"3 month(s) absent then trading again — suspension, not exit; issuer still trades under a different ISIN — face-value change, split or rename, not an exit"
INE542Z01010,KAPSTON,INSTRUMENT_CHANGED,2020-05-29,2024-05-31,30,19,355.15,155.2,1.2883376288659794,,355.15,0.0,"19 month(s) absent then trading again — suspension, not exit; issuer still trades under a different ISIN — face-value change, split or rename, not an exit"
INE201J01017,LGBFORGE,EXIT_AMBIGUOUS,2019-06-28,2024-05-31,43,17,9.65,7.95,0.2138364779874214,-0.2744360902255639,16.2,-0.40432098765432095,"17 month(s) absent then trading again — suspension, not exit"
INE863B01011,PREMEXPLN,INSTRUMENT_CHANGED,2018-01-31,2024-05-31,65,12,2525.65,420.55,5.005587920580192,0.7735060740116566,2525.65,0.0,"12 month(s) absent then trading again — suspension, not exit; issuer still trades under a different ISIN — face-value change, split or rename, not an exit"
INE932X01018,SHAREINDIA,INSTRUMENT_CHANGED,2020-09-30,2024-05-31,45,0,1516.65,1294.65,0.17147491600046344,-0.10268015619453316,1932.15,-0.21504541572859248,"issuer still trades under a different ISIN — face-value change, split or rename, not an exit"
INE715Y01023,SHRADHA,INSTRUMENT_CHANGED,2023-01-31,2024-05-31,11,6,88.55,42.7,1.0737704918032784,0.3137982195845696,88.55,0.0,"6 month(s) absent then trading again — suspension, not exit; issuer still trades under a different ISIN — face-value change, split or rename, not an exit"
INE748T01016,SIMBHALS,EXIT_FLAT_OR_UP,2018-01-31,2024-05-31,62,15,28.05,25.1,0.11752988047808761,-0.08482871125611739,37.35,-0.248995983935743,"15 month(s) absent then trading again — suspension, not exit"
INE326B01027,ALMONDZ,INSTRUMENT_CHANGED,2018-02-28,2024-06-28,67,10,138.35,77.35,0.7886231415643181,0.5510089686098654,138.35,0.0,"10 month(s) absent then trading again — suspension, not exit; issuer still trades under a different ISIN — face-value change, split or rename, not an exit"
INE205B01023,ELECON,INSTRUMENT_CHANGED,2018-01-31,2024-06-28,78,0,1322.1,584.35,1.2625139043381532,0.42629052268191364,1322.1,0.0,"issuer still trades under a different ISIN — face-value change, split or rename, not an exit"
INE251H01024,GVKPIL,EXIT_AMBIGUOUS,2018-02-28,2024-06-28,48,29,11.01,2.7,3.077777777777777,,16.9,-0.34852071005917157,"29 month(s) absent then trading again — suspension, not exit"
INE542W01017,KPIGREEN,INSTRUMENT_CHANGED,2021-07-30,2024-06-28,36,0,1804.85,815.3,1.213725009199068,0.22958749190993633,1822.45,-0.00965732941918853,"issuer still trades under a different ISIN — face-value change, split or rename, not an exit"
INE999A01015,KSB,INSTRUMENT_CHANGED,2018-01-31,2024-06-28,78,0,4696.7,2157.8,1.1766150709055516,0.3547847407514242,4748.35,-0.010877462697568743,"issuer still trades under a different ISIN — face-value change, split or rename, not an exit"
INE457L01011,PGEL,INSTRUMENT_CHANGED,2018-01-31,2024-06-28,71,7,3554.7,1578.75,1.2515914489311162,0.49759858442871585,3554.7,0.0,"7 month(s) absent then trading again — suspension, not exit; issuer still trades under a different ISIN — face-value change, split or rename, not an exit"
INE474C01015,REMSONSIND,INSTRUMENT_CHANGED,2018-02-28,2024-06-28,66,11,999.05,231.15,3.3220852260436944,,999.05,0.0,"11 month(s) absent then trading again — suspension, not exit; issuer still trades under a different ISIN — face-value change, split or rename, not an exit"
INE591Q01016,SUULD,EXIT_AFTER_COLLAPSE,2020-10-30,2024-06-28,34,11,5.58,,,,606.75,-0.9908034610630407,"11 month(s) absent then trading again — suspension, not exit"
INE345B01019,CEREBRAINT,EXIT_AFTER_COLLAPSE,2018-01-31,2024-07-31,59,20,10.71,,,,85.0,-0.8739999999999999,"20 month(s) absent then trading again — suspension, not exit"
INE185E01013,FILATFASH,EXIT_AMBIGUOUS,2024-05-31,2024-07-31,3,0,7.18,,,,11.55,-0.37835497835497844,
INE732F01019,ISMTLTD,EXIT_FLAT_OR_UP,2018-02-28,2024-07-31,60,18,134.89,86.05,0.567576990122022,0.2797912713472484,134.89,0.0,"18 month(s) absent then trading again — suspension, not exit"
INE748A01016,MBECL,EXIT_AFTER_COLLAPSE,2018-02-28,2024-07-31,5,73,4.77,,,,63.85,-0.9252936570086139,"73 month(s) absent then trading again — suspension, not exit"
INE573K01017,RUSHIL,INSTRUMENT_CHANGED,2018-01-31,2024-07-31,77,2,353.65,285.15,0.24022444327546907,-0.015725020873921608,990.0,-0.6427777777777778,"2 month(s) absent then trading again — suspension, not exit; issuer still trades under a different ISIN — face-value change, split or rename, not an exit"
IN9155A01020,TATAMTRDVR,EXIT_FLAT_OR_UP,2018-01-31,2024-07-31,79,0,793.0,414.3,0.9140719285541877,0.3578767123287671,793.0,0.0,
INE435A01028,ANDHRAPAP,INSTRUMENT_CHANGED,2018-01-31,2024-08-30,80,0,565.4,441.8,0.279764599366229,0.10408123413395812,621.1,-0.08967960070842061,"issuer still trades under a different ISIN — face-value change, split or rename, not an exit"
INE677H01012,DEEPENR,EXIT_FLAT_OR_UP,2018-01-31,2024-08-30,69,11,220.12,,,0.18983783783783786,220.12,0.0,"11 month(s) absent then trading again — suspension, not exit"
INE127B01011,HITECHGEAR,EXIT_FLAT_OR_UP,2018-01-31,2024-08-30,74,6,1024.9,387.4,1.645585957666495,1.1445909186022183,1024.9,0.0,"6 month(s) absent then trading again — suspension, not exit"
INE337M01013,INDOTHAI,INSTRUMENT_CHANGED,2018-01-31,2024-08-30,58,22,421.9,,,,421.9,0.0,"22 month(s) absent then trading again — suspension, not exit; issuer still trades under a different ISIN — face-value change, split or rename, not an exit"
INE967H01017,KIMS,INSTRUMENT_CHANGED,2021-06-30,2024-08-30,39,0,2531.0,1998.3,0.26657659010158635,0.12130072656388455,2531.0,0.0,"issuer still trades under a different ISIN — face-value change, split or rename, not an exit"
INE875G01030,NDL,INSTRUMENT_CHANGED,2018-01-31,2024-08-30,74,6,46.38,21.1,1.1981042654028435,0.2552097428958051,144.2,-0.678363384188627,"6 month(s) absent then trading again — suspension, not exit; issuer still trades under a different ISIN — face-value change, split or rename, not an exit"
INE760W01015,RPPL,INSTRUMENT_CHANGED,2021-11-30,2024-08-30,31,3,81.33,157.8,-0.4846007604562738,-0.25144960883571105,263.4,-0.6912300683371299,"3 month(s) absent then trading again — suspension, not exit; issuer still trades under a different ISIN — face-value change, split or rename, not an exit"
INE989A01024,SANGHVIMOV,INSTRUMENT_CHANGED,2018-01-31,2024-08-30,80,0,897.85,742.3,0.2095513943149671,-0.21130534082923405,1352.1,-0.33595887878115516,"issuer still trades under a different ISIN — face-value change, split or rename, not an exit"
INE806T01012,SAPPHIRE,INSTRUMENT_CHANGED,2021-11-30,2024-08-30,34,0,1667.65,1425.35,0.1699933349703583,0.11017541523815863,1667.65,0.0,"issuer still trades under a different ISIN — face-value change, split or rename, not an exit"
INE885H01011,SPORTKING,INSTRUMENT_CHANGED,2022-08-30,2024-08-30,25,0,1465.5,840.15,0.7443313693983218,0.7708899764364692,1465.5,0.0,"issuer still trades under a different ISIN — face-value change, split or rename, not an exit"
INE778U01029,TCNSBRANDS,EXIT_AMBIGUOUS,2018-07-31,2024-08-30,74,0,571.15,378.5,0.5089828269484807,0.4977055198636422,844.65,-0.32380275853903984,
INE200M01021,VBL,INSTRUMENT_CHANGED,2023-06-30,2024-08-30,15,0,1500.9,899.5,0.6685936631461924,0.06560170394036215,1629.5,-0.07891991408407481,"issuer still trades under a different ISIN — face-value change, split or rename, not an exit"
INE989C01020,DIACABS,INSTRUMENT_CHANGED,2024-09-30,2024-09-30,1,0,1395.25,,,,1395.25,0.0,"issuer still trades under a different ISIN — face-value change, split or rename, not an exit"
INE089A01023,DRREDDY,INSTRUMENT_CHANGED,2018-01-31,2024-09-30,81,0,6751.6,5587.0,0.20844818328262044,0.09641273810877098,7031.35,-0.039786100819899445,"issuer still trades under a different ISIN — face-value change, split or rename, not an exit"
INE416L01017,EROSMEDIA,EXIT_AFTER_COLLAPSE,2018-01-31,2024-09-30,71,10,20.88,18.35,0.13787465940054483,0.1697478991596637,202.2,-0.8967359050445104,"10 month(s) absent then trading again — suspension, not exit"
INE177H01021,GPIL,INSTRUMENT_CHANGED,2021-11-30,2024-09-30,35,0,1110.0,633.55,0.7520321995106939,0.4657335270038295,1122.9,-0.011488111140796233,"issuer still trades under a different ISIN — face-value change, split or rename, not an exit"
INE545A01016,HEG,INSTRUMENT_CHANGED,2018-01-31,2024-09-30,81,0,2479.55,1723.3,0.43883827540184545,0.34462189203112725,4296.75,-0.4229243032524582,"issuer still trades under a different ISIN — face-value change, split or rename, not an exit"
INE043D01016,IDFC,EXIT_FLAT_OR_UP,2018-01-31,2024-09-30,81,0,113.29,128.85,-0.12076057431121451,0.023396567299006354,128.85,-0.12076057431121451,
INE039O01011,JASH,INSTRUMENT_CHANGED,2019-10-31,2024-09-30,58,2,2186.8,1345.35,0.6254506262310925,0.2905281794039541,2531.5,-0.13616432944894324,"2 month(s) absent then trading again — suspension, not exit; issuer still trades under a different ISIN — face-value change, split or rename, not an exit"
INE324A01024,JINDALSAW,INSTRUMENT_CHANGED,2018-01-31,2024-09-30,81,0,743.3,346.6,1.144547028274668,0.7178183498960018,743.3,0.0,"issuer still trades under a different ISIN — face-value change, split or rename, not an exit"
INE645L01011,JUBLINDS,EXIT_FLAT_OR_UP,2018-01-31,2024-09-30,75,6,1662.75,647.25,1.5689455388180764,0.41745876134862114,1721.15,-0.0339308020800047,"6 month(s) absent then trading again — suspension, not exit"
INE0FRK01012,MOTISONS,INSTRUMENT_CHANGED,2024-01-31,2024-09-30,9,0,310.5,,,0.9400187441424553,310.5,0.0,"issuer still trades under a different ISIN — face-value change, split or rename, not an exit"
INE785M01013,PCJEWELLER,INSTRUMENT_CHANGED,2018-01-31,2024-09-30,77,4,178.17,26.2,5.8003816793893135,2.3117100371747212,485.35,-0.63290408983208,"4 month(s) absent then trading again — suspension, not exit; issuer still trades under a different ISIN — face-value change, split or rename, not an exit"
INE063E01046,POCL,INSTRUMENT_CHANGED,2023-03-31,2024-09-30,19,0,1950.25,462.05,3.2208635429066117,2.1415109536082477,1950.25,0.0,"issuer still trades under a different ISIN — face-value change, split or rename, not an exit"
INE309M01012,PREMIERPOL,INSTRUMENT_CHANGED,2018-01-31,2024-09-30,74,7,231.0,,,0.18007662835249041,235.97,-0.021061999406704238,"7 month(s) absent then trading again — suspension, not exit; issuer still trades under a different ISIN — face-value change, split or rename, not an exit"
INE008Z01020,SRPL,EXIT_AFTER_COLLAPSE,2023-05-31,2024-09-30,4,13,1.11,,,,3.85,-0.7116883116883117,"13 month(s) absent then trading again — suspension, not exit"
INE450E01011,SUKHJITS,INSTRUMENT_CHANGED,2022-11-30,2024-09-30,23,0,577.05,430.5,0.34041811846689884,0.270195905789126,577.05,0.0,"issuer still trades under a different ISIN — face-value change, split or rename, not an exit"
INE886H01027,TV18BRDCST,EXIT_AMBIGUOUS,2018-01-31,2024-09-30,78,3,44.55,43.65,0.020618556701030896,,74.05,-0.3983794733288319,"3 month(s) absent then trading again — suspension, not exit"
INE972X01014,VAISHALI,INSTRUMENT_CHANGED,2020-01-31,2024-09-30,52,5,192.68,119.6,0.611036789297659,0.3757943591574437,192.68,0.0,"5 month(s) absent then trading again — suspension, not exit; issuer still trades under a different ISIN — face-value change, split or rename, not an exit"
INE391J01024,JTLIND,INSTRUMENT_CHANGED,2021-12-31,2024-10-31,35,0,196.52,215.6,-0.08849721706864556,-0.1554791577137945,407.75,-0.5180380134886572,"issuer still trades under a different ISIN — face-value change, split or rename, not an exit"
INE00SZ01018,MARSHALL,EXIT_AMBIGUOUS,2021-11-30,2024-10-31,23,13,30.94,59.6,-0.4808724832214765,,70.45,-0.5608232789212207,"13 month(s) absent then trading again — suspension, not exit"
INE535D01029,ROTO,INSTRUMENT_CHANGED,2022-04-29,2024-10-31,31,0,552.95,369.6,0.49607683982683987,0.3276110444177672,752.8,-0.26547555791710936,"issuer still trades under a different ISIN — face-value change, split or rename, not an exit"
INE02WG01016,WEL,INSTRUMENT_CHANGED,2022-01-31,2024-10-31,24,10,1497.4,,,,1497.4,0.0,"10 month(s) absent then trading again — suspension, not exit; issuer still trades under a different ISIN — face-value change, split or rename, not an exit"
INE0GFE01018,EXXARO,INSTRUMENT_CHANGED,2021-08-31,2024-11-29,40,0,102.03,116.35,-0.12307692307692303,0.06949685534591189,155.7,-0.34470134874759145,"issuer still trades under a different ISIN — face-value change, split or rename, not an exit"
INE291W01029,GLOBAL,INSTRUMENT_CHANGED,2022-10-31,2024-11-29,19,7,189.07,309.2,-0.3885187580853816,,310.1,-0.39029345372460506,"7 month(s) absent then trading again — suspension, not exit; issuer still trades under a different ISIN — face-value change, split or rename, not an exit"
INE802B01019,LINC,INSTRUMENT_CHANGED,2018-01-31,2024-11-29,80,3,635.35,711.85,-0.10746646063075085,0.13132122507122507,809.3,-0.21493883603113795,"3 month(s) absent then trading again — suspension, not exit; issuer still trades under a different ISIN — face-value change, split or rename, not an exit"
INE249Z01012,MAZDOCK,INSTRUMENT_CHANGED,2020-10-30,2024-11-29,50,0,4594.15,2012.8,1.2824672098569154,0.44286364849798193,5243.5,-0.12383903880995525,"issuer still trades under a different ISIN — face-value change, split or rename, not an exit"
INE555Z01012,TARACHAND,INSTRUMENT_CHANGED,2024-07-31,2024-11-29,5,0,422.65,,,,450.0,-0.060777777777777826,"issuer still trades under a different ISIN — face-value change, split or rename, not an exit"
INE592B01016,TTL,INSTRUMENT_CHANGED,2018-01-31,2024-11-29,82,1,155.0,96.05,0.6137428422696513,0.48042024832855773,155.0,0.0,"1 month(s) absent then trading again — suspension, not exit; issuer still trades under a different ISIN — face-value change, split or rename, not an exit"
INE583L01014,AGSTRA,EXIT_AMBIGUOUS,2022-01-31,2024-12-31,33,3,65.06,91.95,-0.2924415443175639,-0.1885757046645049,161.05,-0.5960260788574977,"3 month(s) absent then trading again — suspension, not exit"
INE817H01014,BURNPUR,EXIT_AMBIGUOUS,2018-02-28,2024-12-31,46,37,6.79,,,-0.32504970178926446,10.4,-0.34711538461538466,"37 month(s) absent then trading again — suspension, not exit"
INE048B01027,JAGSNPHARM,INSTRUMENT_CHANGED,2018-01-31,2024-12-31,84,0,610.85,388.9,0.5707122653638469,0.8085862324204294,761.2,-0.19751707829742512,"issuer still trades under a different ISIN — face-value change, split or rename, not an exit"
INE091G01018,JAIBALAJI,EXIT_FLAT_OR_UP,2018-02-28,2024-12-31,57,26,898.25,,,,1087.65,-0.17413690065738066,"26 month(s) absent then trading again — suspension, not exit"
INE927D01044,JBMA,INSTRUMENT_CHANGED,2022-02-28,2024-12-31,31,4,1527.5,1464.2,0.04323179893457175,-0.2553502656851753,2166.9,-0.29507591490147217,"4 month(s) absent then trading again — suspension, not exit; issuer still trades under a different ISIN — face-value change, split or rename, not an exit"
INE390H01012,KAMDHENU,EXIT_FLAT_OR_UP,2018-02-28,2024-12-31,78,5,485.45,365.9,0.3267286143755125,-0.0638318387812168,614.15,-0.20955792558821135,"5 month(s) absent then trading again — suspension, not exit"
INE885E01034,MAZDA,EXIT_FLAT_OR_UP,2018-01-31,2024-12-31,81,3,1501.15,1307.95,0.14771206850414775,0.10155934690882414,1529.5,-0.01853546910755143,"3 month(s) absent then trading again — suspension, not exit"
INE725A01022,NAVA,INSTRUMENT_CHANGED,2018-01-31,2024-12-31,84,0,988.45,438.25,1.2554478037649743,0.32464486732779413,1149.4,-0.14002958065077434,"issuer still trades under a different ISIN — face-value change, split or rename, not an exit"
INE602W01019,SENCO,INSTRUMENT_CHANGED,2023-07-31,2024-12-31,18,0,1072.55,696.65,0.5395822866575756,-0.06543806909772154,1431.1,-0.25054154147159524,"issuer still trades under a different ISIN — face-value change, split or rename, not an exit"
INE721A01013,SHRIRAMFIN,INSTRUMENT_CHANGED,2018-01-31,2024-12-31,84,0,2889.15,2053.3,0.40707641357814245,-0.007676455435342576,3576.95,-0.19228672472357727,"issuer still trades under a different ISIN — face-value change, split or rename, not an exit"
INE188Y01023,VERTOZ,EXIT_AMBIGUOUS,2024-07-31,2024-12-31,6,0,13.89,,,,35.05,-0.6037089871611983,
INE976R01017,AGIIL,INSTRUMENT_CHANGED,2024-07-31,2025-01-31,7,0,1627.75,,,0.8974762487614384,1780.2,-0.08563644534321989,"issuer still trades under a different ISIN — face-value change, split or rename, not an exit"
INE0D6I01015,KSOLVES,INSTRUMENT_CHANGED,2022-09-30,2025-01-31,25,4,992.4,1236.15,-0.19718480766897228,-0.07966243160530463,1236.15,-0.19718480766897228,"4 month(s) absent then trading again — suspension, not exit; issuer still trades under a different ISIN — face-value change, split or rename, not an exit"
INE809A01024,RAMAPHO,INSTRUMENT_CHANGED,2022-08-30,2025-01-31,30,0,228.53,227.75,0.003424807903402859,0.13753111000497759,329.35,-0.3061181114316078,"issuer still trades under a different ISIN — face-value change, split or rename, not an exit"
INE377E01016,COASTCORP,INSTRUMENT_CHANGED,2021-10-29,2025-02-28,41,0,208.97,282.05,-0.2591029959227088,-0.23201029033443593,446.1,-0.531562429948442,"issuer still trades under a different ISIN — face-value change, split or rename, not an exit"
INE06H201014,GENSOL,EXIT_AFTER_COLLAPSE,2023-07-31,2025-02-28,18,2,535.65,1171.9,-0.5429217510026453,-0.441420303456906,2013.2,-0.7339310550367575,"2 month(s) absent then trading again — suspension, not exit"
INE485C01011,IOLCP,INSTRUMENT_CHANGED,2018-02-28,2025-02-28,83,2,304.95,404.7,-0.24647887323943662,-0.30866016776241223,781.55,-0.6098138314887084,"2 month(s) absent then trading again — suspension, not exit; issuer still trades under a different ISIN — face-value change, split or rename, not an exit"
INE763G01038,ISEC,EXIT_FLAT_OR_UP,2018-04-30,2025-02-28,83,0,801.9,816.9,-0.01836210062431142,-0.02640684756874886,872.9,-0.08133806850727461,
INE0APB01024,MGEL,EXIT_AMBIGUOUS,2022-08-30,2025-02-28,23,8,28.07,22.2,0.2644144144144145,,45.45,-0.3823982398239824,"8 month(s) absent then trading again — suspension, not exit"
INE916Y01019,AFIL,INSTRUMENT_CHANGED,2024-07-31,2025-03-28,9,0,65.19,,,-0.4065003641660598,117.41,-0.44476620390086025,"issuer still trades under a different ISIN — face-value change, split or rename, not an exit"
INE00FF01017,AMIORG,INSTRUMENT_CHANGED,2021-09-30,2025-03-28,43,0,2440.8,1093.7,1.2316905915699004,0.4011481056257177,2440.8,0.0,"issuer still trades under a different ISIN — face-value change, split or rename, not an exit"
INE222J01013,RANEENGINE,EXIT_AMBIGUOUS,2018-01-31,2025-03-28,75,12,265.8,303.75,-0.12493827160493823,,568.15,-0.5321658012848719,"12 month(s) absent then trading again — suspension, not exit"
INE244J01017,RBL,EXIT_AMBIGUOUS,2018-01-31,2025-03-28,84,3,691.0,713.2,-0.03112731351654521,,1225.2,-0.43601044727391447,"3 month(s) absent then trading again — suspension, not exit"
INE663F01024,NAUKRI,INSTRUMENT_CHANGED,2018-01-31,2025-04-30,88,0,7069.5,6053.75,0.16778856080941565,-0.04991970111343307,8677.25,-0.18528335590192746,"issuer still trades under a different ISIN — face-value change, split or rename, not an exit"
INE368U01011,UNITEDPOLY,EXIT_FLAT_OR_UP,2021-12-31,2025-04-30,28,13,182.2,96.35,0.8910223144784639,,182.2,0.0,"13 month(s) absent then trading again — suspension, not exit"
INE296A01024,BAJFINANCE,INSTRUMENT_CHANGED,2018-01-31,2025-05-30,89,0,9180.5,6697.7,0.3706944174865999,0.39608266549065535,9180.5,0.0,"1 split/bonus adjustment(s) applied (0.496); issuer still trades under a different ISIN — face-value change, split or rename, not an exit"
INE591G01017,COFORGE,INSTRUMENT_CHANGED,2018-01-31,2025-05-30,89,0,8550.5,4971.0,0.720076443371555,-0.015582815729030591,9662.95,-0.11512529817498804,"issuer still trades under a different ISIN — face-value change, split or rename, not an exit"
INE059901020,IEL,EXIT_FLAT_OR_UP,2023-01-31,2025-05-30,15,14,19.11,11.8,0.6194915254237287,,19.11,0.0,"14 month(s) absent then trading again — suspension, not exit"
INE0FLR01028,IWEL,EXIT_FLAT_OR_UP,2021-06-30,2025-05-30,33,15,11568.0,,,0.14031672178657514,11568.0,0.0,"15 month(s) absent then trading again — suspension, not exit"
INE278R01034,KBCGLOBAL,EXIT_AFTER_COLLAPSE,2021-09-30,2025-05-30,28,17,0.37,1.65,-0.7757575757575756,-0.8325791855203619,19.5,-0.9810256410256409,"17 month(s) absent then trading again — suspension, not exit"
INE321D01016,OCCL,EXIT_AFTER_COLLAPSE,2018-01-31,2025-05-30,86,3,199.57,656.95,-0.69621736814065,-0.16041228439209085,1208.15,-0.8348135579191326,"3 month(s) absent then trading again — suspension, not exit"
INE036A01016,RELINFRA,EXIT_AMBIGUOUS,2018-01-31,2025-05-30,73,16,330.5,166.35,0.9867748722572889,,496.35,-0.3341392162788355,"16 month(s) absent then trading again — suspension, not exit"
INE217K01011,RHFL,EXIT_AFTER_COLLAPSE,2018-01-31,2025-05-30,55,34,5.04,,,,80.1,-0.9370786516853932,"34 month(s) absent then trading again — suspension, not exit"
INE864B01027,UMANGDAIRY,EXIT_AMBIGUOUS,2018-01-31,2025-05-30,81,8,79.31,90.05,-0.11926707384786224,-0.07993039443155453,108.24,-0.2672764227642276,"8 month(s) absent then trading again — suspension, not exit"
INE386A01015,VESUVIUS,INSTRUMENT_CHANGED,2018-01-31,2025-05-30,89,0,5931.4,5484.35,0.08151376188609392,0.10371135363459577,5931.4,0.0,"issuer still trades under a different ISIN — face-value change, split or rename, not an exit"
INE164B01022,KELLTONTEC,INSTRUMENT_CHANGED,2018-02-28,2025-06-30,80,9,130.25,105.54,0.23412924009854078,-0.1329383570762881,160.96,-0.19079274353876743,"9 month(s) absent then trading again — suspension, not exit; issuer still trades under a different ISIN — face-value change, split or rename, not an exit"
INE045601015,PARAS,INSTRUMENT_CHANGED,2021-10-29,2025-06-30,42,3,1597.5,1408.7,0.13402427770284656,0.584507042253521,1605.7,-0.005106807000062307,"3 month(s) absent then trading again — suspension, not exit; issuer still trades under a different ISIN — face-value change, split or rename, not an exit"
INE060X01026,DEVIT,INSTRUMENT_CHANGED,2022-11-30,2025-07-31,28,5,111.71,135.1,-0.17313101406365655,-0.24647554806070832,164.87,-0.3224358585552254,"5 month(s) absent then trading again — suspension, not exit; issuer still trades under a different ISIN — face-value change, split or rename, not an exit"
INE560A01015,INDIAGLYCO,INSTRUMENT_CHANGED,2018-01-31,2025-07-31,91,0,1712.2,1210.0,0.4150413223140496,0.34001173938563883,2063.1,-0.17008385439387325,"issuer still trades under a different ISIN — face-value change, split or rename, not an exit"
INE788B01028,INDSWFTLTD,EXIT_AMBIGUOUS,2018-02-28,2025-07-31,51,39,16.71,27.07,-0.38271148873291466,,27.07,-0.38271148873291466,"39 month(s) absent then trading again — suspension, not exit"
INE124E01020,STEELCAS,INSTRUMENT_CHANGED,2021-11-30,2025-07-31,45,0,1135.9,640.3,0.7740121817897863,0.24700845317817557,1162.2,-0.02262949578385816,"issuer still trades under a different ISIN — face-value change, split or rename, not an exit"
INE225C01029,UDAICEMENT,EXIT_FLAT_OR_UP,2021-12-31,2025-07-31,38,6,36.07,43.6,-0.17270642201834865,0.2429359062715369,45.29,-0.2035769485537646,"6 month(s) absent then trading again — suspension, not exit"
INE421A01028,ABAN,EXIT_AFTER_COLLAPSE,2018-01-31,2025-08-29,67,25,47.01,81.88,-0.42586712261846604,,211.0,-0.7772037914691944,"25 month(s) absent then trading again — suspension, not exit"
INE814H01011,ADANIPOWER,INSTRUMENT_CHANGED,2018-01-31,2025-08-29,81,11,600.65,632.05,-0.04967961395459217,0.25409750495876393,755.8,-0.20527917438475785,"11 month(s) absent then trading again — suspension, not exit; issuer still trades under a different ISIN — face-value change, split or rename, not an exit"
INE771F01025,FISCHER,INSTRUMENT_CHANGED,2025-07-31,2025-08-29,2,0,1056.75,,,,1056.75,0.0,"issuer still trades under a different ISIN — face-value change, split or rename, not an exit"
INE952A01022,HINDNATGLS,EXIT_AFTER_COLLAPSE,2018-01-31,2025-08-29,43,49,9.8,,,,160.7,-0.939016801493466,"49 month(s) absent then trading again — suspension, not exit"
INE418L01021,NAZARA,INSTRUMENT_CHANGED,2021-03-31,2025-08-29,51,3,1161.1,928.7,0.25024227414665645,0.2747433715760003,2292.1,-0.49343396884952667,"3 month(s) absent then trading again — suspension, not exit; issuer still trades under a different ISIN — face-value change, split or rename, not an exit"
INE07S101020,PAVNAIND,INSTRUMENT_CHANGED,2023-06-30,2025-08-29,21,6,413.2,465.85,-0.11301921219276598,0.16247010831340555,547.4,-0.24515893313847276,"6 month(s) absent then trading again — suspension, not exit; issuer still trades under a different ISIN — face-value change, split or rename, not an exit"
INE140A01024,PEL,EXIT_AMBIGUOUS,2018-01-31,2025-08-29,92,0,1120.2,1043.45,0.07355407542287604,0.28404401650618993,3199.75,-0.6499101492304087,
INE219Y01018,RMDRIP,EXIT_FLAT_OR_UP,2025-07-31,2025-08-29,2,0,724.4,,,,724.4,0.0,
INE305A01015,TFCILTD,INSTRUMENT_CHANGED,2018-01-31,2025-08-29,92,0,301.05,178.72,0.6844785138764549,1.0278189411289236,301.05,0.0,"issuer still trades under a different ISIN — face-value change, split or rename, not an exit"
INE768C01010,ZYDUSWELL,INSTRUMENT_CHANGED,2018-01-31,2025-08-29,92,0,2018.7,2295.25,-0.12048796427404421,0.2929609940434254,2397.8,-0.15810326132287936,"issuer still trades under a different ISIN — face-value change, split or rename, not an exit"
INE00YB01017,ABINFRA,INSTRUMENT_CHANGED,2025-01-31,2025-09-30,5,4,186.96,,,0.878994974874372,186.96,0.0,"4 month(s) absent then trading again — suspension, not exit; issuer still trades under a different ISIN — face-value change, split or rename, not an exit"
INE976R01025,AGIIL,INSTRUMENT_CHANGED,2025-02-28,2025-09-30,8,0,1260.1,,,0.46873360918468426,1260.1,0.0,"issuer still trades under a different ISIN — face-value change, split or rename, not an exit"
INE274G01010,DHANI,EXIT_AFTER_COLLAPSE,2018-01-31,2025-09-30,86,7,61.38,52.26,0.17451205510907014,0.07987332864180152,482.15,-0.872695219330084,"7 month(s) absent then trading again — suspension, not exit"
INE045J01026,FCL,INSTRUMENT_CHANGED,2018-01-31,2025-09-30,93,0,249.47,405.35,-0.3845565560626619,0.08545446634468949,428.1,-0.4172623218874095,"issuer still trades under a different ISIN — face-value change, split or rename, not an exit"
INE669X01024,GEEKAYWIRE,INSTRUMENT_CHANGED,2024-02-29,2025-09-30,17,3,66.96,,,-0.10827007590890943,122.39,-0.4528964784704633,"3 month(s) absent then trading again — suspension, not exit; issuer still trades under a different ISIN — face-value change, split or rename, not an exit"
INE540A01017,GLFL,EXIT_FLAT_OR_UP,2020-02-28,2025-09-30,35,33,6.26,,,,6.26,0.0,"33 month(s) absent then trading again — suspension, not exit"
INE314T01025,GOKULAGRO,INSTRUMENT_CHANGED,2018-02-28,2025-09-30,82,10,393.65,270.4,0.45580621301775154,0.6344197633381772,393.65,0.0,"10 month(s) absent then trading again — suspension, not exit; issuer still trades under a different ISIN — face-value change, split or rename, not an exit"
INE253A01025,HINDMOTORS,EXIT_AMBIGUOUS,2018-05-31,2025-09-30,69,20,20.4,,,-0.03728173666823986,36.69,-0.4439901880621423,"20 month(s) absent then trading again — suspension, not exit"
INE558B01017,MANGCHEFER,EXIT_FLAT_OR_UP,2018-01-31,2025-09-30,93,0,324.4,130.29,1.4898303783866758,1.0840292946164718,353.85,-0.08322735622438898,
INE645S01016,ROLEXRINGS,INSTRUMENT_CHANGED,2021-08-31,2025-09-30,50,0,1294.0,2548.6,-0.49227026602840773,0.011648815573450154,2548.6,-0.49227026602840773,"issuer still trades under a different ISIN — face-value change, split or rename, not an exit"
INE0A0S01010,SIGMA,INSTRUMENT_CHANGED,2023-06-30,2025-09-30,23,5,512.7,381.85,0.3426738248003143,1.117282676027256,512.7,0.0,"5 month(s) absent then trading again — suspension, not exit; issuer still trades under a different ISIN — face-value change, split or rename, not an exit"
INE112X01017,SIKKO,INSTRUMENT_CHANGED,2021-10-29,2025-09-30,35,13,73.68,100.12,-0.26408310027966436,-0.012200026813245697,140.5,-0.4755871886120996,"13 month(s) absent then trading again — suspension, not exit; issuer still trades under a different ISIN — face-value change, split or rename, not an exit"
INE672A01018,TATAINVEST,INSTRUMENT_CHANGED,2018-01-31,2025-09-30,89,4,10330.5,6808.15,0.5173725608278315,0.6351678617218292,10330.5,0.0,"4 month(s) absent then trading again — suspension, not exit; issuer still trades under a different ISIN — face-value change, split or rename, not an exit"
INE152B01027,ACLGATI,EXIT_AMBIGUOUS,2018-01-31,2025-10-31,94,0,64.58,97.49,-0.33757308441891476,0.06217105263157897,207.3,-0.6884708152436084,
INE258A01016,BEML,INSTRUMENT_CHANGED,2018-01-31,2025-10-31,94,0,4399.8,4071.55,0.08062040254939765,0.3905815423514539,4565.2,-0.036230614211863583,"issuer still trades under a different ISIN — face-value change, split or rename, not an exit"
INE071A01013,BILVYAPAR,EXIT_AFTER_COLLAPSE,2018-02-28,2025-10-31,25,68,11.59,,,,114.0,-0.8983333333333333,"68 month(s) absent then trading again — suspension, not exit"
INE855C01015,WEBELSOLAR,INSTRUMENT_CHANGED,2018-01-31,2025-10-31,81,13,1217.8,1421.75,-0.1434499736240549,-0.06981362664222433,1457.7,-0.1645743294230638,"13 month(s) absent then trading again — suspension, not exit; issuer still trades under a different ISIN — face-value change, split or rename, not an exit"
INE093B01015,ALPSINDUS,EXIT_AMBIGUOUS,2018-02-28,2025-11-28,23,71,1.88,,,,4.3,-0.5627906976744186,"71 month(s) absent then trading again — suspension, not exit"
INE495P01012,BECTORFOOD,INSTRUMENT_CHANGED,2020-12-31,2025-11-28,60,0,1300.3,1814.3,-0.28330485586727666,-0.10883421287094781,1906.3,-0.31789330115931386,"issuer still trades under a different ISIN — face-value change, split or rename, not an exit"
INE838B01013,BHARATRAS,INSTRUMENT_CHANGED,2018-01-31,2025-11-28,95,0,10402.0,11838.05,-0.12130798569021074,0.14926527455529776,14195.55,-0.2672351546787549,"issuer still trades under a different ISIN — face-value change, split or rename, not an exit"
INE596I01012,CAMS,INSTRUMENT_CHANGED,2020-10-30,2025-11-28,62,0,3870.3,4928.4,-0.2146944241538835,-0.022922925450001193,5075.4,-0.23743941364227442,"issuer still trades under a different ISIN — face-value change, split or rename, not an exit"
INE411Y01011,DIL,EXIT_AFTER_COLLAPSE,2022-03-31,2025-11-28,34,11,1.87,3.31,-0.4350453172205438,,147.0,-0.9872789115646258,"11 month(s) absent then trading again — suspension, not exit"
INE0CJD01011,KMEW,INSTRUMENT_CHANGED,2024-11-29,2025-11-28,13,0,2786.5,2128.35,0.3092301548147627,0.7955409498034666,2786.5,0.0,"issuer still trades under a different ISIN — face-value change, split or rename, not an exit"
INE531F01015,NUVAMA,INSTRUMENT_CHANGED,2023-10-31,2025-11-28,26,0,7462.5,6565.2,0.13667519649058676,0.037250677600945165,8231.0,-0.09336654112501519,"issuer still trades under a different ISIN — face-value change, split or rename, not an exit"
INE343B01030,RAJESHEXPO,EXIT_AFTER_COLLAPSE,2018-01-31,2025-11-28,95,0,186.53,237.75,-0.21543638275499474,-0.07194387780486595,874.0,-0.786578947368421,
INE298G01027,AJMERA,INSTRUMENT_CHANGED,2018-01-31,2025-12-31,93,3,960.2,1078.8,-0.1099369670003707,0.03906503625148796,1088.15,-0.11758489178881591,"3 month(s) absent then trading again — suspension, not exit; issuer still trades under a different ISIN — face-value change, split or rename, not an exit"
INE052T01013,BESTAGRO,EXIT_AFTER_COLLAPSE,2021-02-26,2025-12-31,46,13,380.7,630.1,-0.39581018885891134,0.07133811734909234,1577.5,-0.7586687797147385,"13 month(s) absent then trading again — suspension, not exit"
INE688E01024,HERCULES,EXIT_AFTER_COLLAPSE,2018-01-31,2025-12-31,90,6,159.87,,,,626.7,-0.7449018669219722,"6 month(s) absent then trading again — suspension, not exit"
INE237A01028,KOTAKBANK,INSTRUMENT_CHANGED,2018-01-31,2025-12-31,96,0,2201.1,1786.05,0.2323843117493911,0.01737924659117167,2208.1,-0.003170146279606902,"issuer still trades under a different ISIN — face-value change, split or rename, not an exit"
INE745G01035,MCX,INSTRUMENT_CHANGED,2018-01-31,2025-12-31,96,0,11136.0,6234.1,0.7863043582874832,0.24508050089445438,11136.0,0.0,"issuer still trades under a different ISIN — face-value change, split or rename, not an exit"
INE632X01030,SHRENIK,EXIT_AFTER_COLLAPSE,2020-10-30,2025-12-31,49,14,0.47,0.76,-0.3815789473684211,-0.24193548387096778,6.45,-0.9271317829457365,"14 month(s) absent then trading again — suspension, not exit"
INE411D01015,SKMEGGPROD,INSTRUMENT_CHANGED,2018-01-31,2025-12-31,88,8,425.5,252.29,0.6865511910896192,,484.15,-0.12114014251781469,"8 month(s) absent then trading again — suspension, not exit; issuer still trades under a different ISIN — face-value change, split or rename, not an exit"
INE732I01013,ANGELONE,INSTRUMENT_CHANGED,2020-10-30,2026-01-30,64,0,2540.9,2346.1,0.08303141383572746,-0.023068937675420047,3487.8,-0.2714891908939733,"issuer still trades under a different ISIN — face-value change, split or rename, not an exit"
INE661I01014,BGRENERGY,EXIT_FLAT_OR_UP,2018-01-31,2026-01-30,74,23,348.85,,,,348.85,0.0,"23 month(s) absent then trading again — suspension, not exit"
INE726L01019,DELPHIFX,EXIT_AFTER_COLLAPSE,2018-01-31,2026-01-30,80,17,224.83,,,,1167.65,-0.8074508628441742,"17 month(s) absent then trading again — suspension, not exit"
INE020G01017,INSPIRISYS,EXIT_AMBIGUOUS,2018-01-31,2026-01-30,65,32,84.4,94.35,-0.10545839957604652,,183.72,-0.5406052688874373,"32 month(s) absent then trading again — suspension, not exit"
INE013801027,KSHITIJPOL,EXIT_AFTER_COLLAPSE,2022-12-30,2026-01-30,19,19,2.01,,,-0.3738317757009346,28.35,-0.9291005291005292,"19 month(s) absent then trading again — suspension, not exit"
INE012Q01021,RNBDENIMS,INSTRUMENT_CHANGED,2025-09-30,2026-01-30,5,0,156.41,,,,156.41,0.0,"issuer still trades under a different ISIN — face-value change, split or rename, not an exit"
INE753W01010,SANGINITA,EXIT_AFTER_COLLAPSE,2019-07-31,2026-01-30,65,14,11.3,14.08,-0.19744318181818177,0.11660079051383415,150.9,-0.9251159708416169,"14 month(s) absent then trading again — suspension, not exit"
INE03V001013,UNIVPHOTO,EXIT_AFTER_COLLAPSE,2020-03-31,2026-01-30,61,10,191.3,,,,783.75,-0.7559170653907497,"10 month(s) absent then trading again — suspension, not exit"
INE416A01044,AQYLON,INSTRUMENT_CHANGED,2025-06-30,2026-02-27,4,5,1201.1,,,,1344.85,-0.1068892441536231,"5 month(s) absent then trading again — suspension, not exit; issuer still trades under a different ISIN — face-value change, split or rename, not an exit"
INE201M01029,CLEDUCATE,EXIT_AFTER_COLLAPSE,2022-01-31,2026-02-27,44,6,39.42,75.22,-0.4759372507311885,-0.6414733969986357,179.5,-0.7803899721448467,"6 month(s) absent then trading again — suspension, not exit"
INE625X01018,SILVERTUC,INSTRUMENT_CHANGED,2022-05-31,2026-02-27,43,3,1412.5,644.05,1.1931527055352846,1.0297456531110794,1412.5,0.0,"3 month(s) absent then trading again — suspension, not exit; issuer still trades under a different ISIN — face-value change, split or rename, not an exit"
INE945H01013,V2RETAIL,INSTRUMENT_CHANGED,2018-01-31,2026-02-27,72,26,1994.2,,,0.1549197891932588,2449.8,-0.18597436525430652,"26 month(s) absent then trading again — suspension, not exit; issuer still trades under a different ISIN — face-value change, split or rename, not an exit"
INE273D01019,VGL,INSTRUMENT_CHANGED,2018-01-31,2026-02-27,75,23,128.09,,,,144.77,-0.11521724114112043,"23 month(s) absent then trading again — suspension, not exit; issuer still trades under a different ISIN — face-value change, split or rename, not an exit"
INE159N01027,VIJIFIN,EXIT_AMBIGUOUS,2018-05-31,2026-02-27,57,37,2.1,,,,3.9,-0.4615384615384615,"37 month(s) absent then trading again — suspension, not exit"
INE198H01019,AAREYDRUGS,EXIT_AMBIGUOUS,2021-08-31,2026-03-30,34,22,50.75,33.51,0.5144732915547598,,76.73,-0.33858986054998047,"22 month(s) absent then trading again — suspension, not exit"
INE692Z01013,AFFORDABLE,EXIT_AFTER_COLLAPSE,2024-10-31,2026-03-30,18,0,120.87,382.75,-0.6842064010450686,-0.47390642002176275,693.0,-0.8255844155844155,
INE0Y8W01017,AHCL,INSTRUMENT_CHANGED,2025-12-31,2026-03-30,4,0,111.38,,,,150.95,-0.2621397813845644,"issuer still trades under a different ISIN — face-value change, split or rename, not an exit"
INE523B01011,AKSHOPTFBR,EXIT_AFTER_COLLAPSE,2018-02-28,2026-03-30,76,22,3.97,7.86,-0.494910941475827,-0.4671140939597315,37.6,-0.8944148936170213,"22 month(s) absent then trading again — suspension, not exit"
INE646X01014,ASTRON,EXIT_AFTER_COLLAPSE,2018-01-31,2026-03-30,85,14,3.38,10.43,-0.675934803451582,-0.7433561123766135,70.6948307834956,-0.952188866391783,"14 month(s) absent then trading again — suspension, not exit; 1 split/bonus adjustment(s) applied (0.498)"
INE862Y01015,BANKA,EXIT_AMBIGUOUS,2020-10-30,2026-03-30,55,11,41.97,72.46,-0.42078388076179957,-0.5021942830032025,123.92,-0.6613137508069723,"11 month(s) absent then trading again — suspension, not exit"
INE458B01036,BHAGYANGR,EXIT_FLAT_OR_UP,2018-01-31,2026-03-30,84,15,137.71,71.9,0.915299026425591,,149.9,-0.08132088058705803,"15 month(s) absent then trading again — suspension, not exit"
INE800A01015,BIRLACABLE,EXIT_AMBIGUOUS,2018-02-28,2026-03-30,90,8,104.3,133.88,-0.22094412907080968,-0.34410765941391025,336.75,-0.6902746844840386,"8 month(s) absent then trading again — suspension, not exit"
INE472B01011,BLUECOAST,EXIT_AFTER_COLLAPSE,2018-04-30,2026-03-30,10,86,19.84,,,,85.5,-0.7679532163742689,"86 month(s) absent then trading again — suspension, not exit"
INE650L01011,BROOKS,EXIT_AFTER_COLLAPSE,2018-01-31,2026-03-30,70,29,37.11,106.36,-0.6510906355772847,-0.7235754189944135,148.1,-0.7494260634706279,"29 month(s) absent then trading again — suspension, not exit"
INE927C01020,DIGISPICE,EXIT_AMBIGUOUS,2018-01-31,2026-03-30,73,26,15.38,17.49,-0.12064036592338467,,47.65,-0.6772298006295907,"26 month(s) absent then trading again — suspension, not exit"
INE836F01026,DISHTV,EXIT_AFTER_COLLAPSE,2018-01-31,2026-03-30,93,6,1.84,5.63,-0.6731793960923623,-0.6206185567010309,75.4,-0.9755968169761273,"6 month(s) absent then trading again — suspension, not exit"
INE778K01012,EMAMIREAL,EXIT_AFTER_COLLAPSE,2018-01-31,2026-03-30,76,23,54.42,116.17,-0.5315485925798399,-0.50013777900248,324.1,-0.8320888614625115,"23 month(s) absent then trading again — suspension, not exit"
INE185E01021,FILATFASH,EXIT_AFTER_COLLAPSE,2025-06-30,2026-03-30,10,0,0.14,,,-0.7407407407407407,0.61,-0.7704918032786885,
INE0P8B01020,GAUDIUMIVF,EXIT_UNKNOWN_PATH,2026-03-30,2026-03-30,1,0,71.53,,,,71.53,0.0,only one observation; path unknown
INE0URU01010,GLOBALE,EXIT_AMBIGUOUS,2025-08-29,2026-03-30,8,0,10.08,,,-0.2522255192878338,13.55,-0.2560885608856089,
INE550B01022,HBSL,EXIT_AMBIGUOUS,2018-10-31,2026-03-30,65,25,42.63,72.66,-0.4132947976878612,,115.72,-0.6316107846526098,"25 month(s) absent then trading again — suspension, not exit"
INE1FF001016,JKIPL,EXIT_AMBIGUOUS,2025-10-31,2026-03-30,6,0,47.49,,,,115.01,-0.5870793844013564,
INE437B01014,KAKATCEM,EXIT_AFTER_COLLAPSE,2018-01-31,2026-03-30,99,0,85.08,136.58,-0.3770683848294041,-0.4125932062966032,368.35,-0.7690240260621692,
INE731C01018,KHAITANLTD,EXIT_AMBIGUOUS,2018-01-31,2026-03-30,49,50,93.07,82.74,0.12484892434131012,-0.2845172201722018,130.08,-0.2845172201722018,"50 month(s) absent then trading again — suspension, not exit"
INE397H01017,LOKESHMACH,EXIT_AMBIGUOUS,2018-01-31,2026-03-30,79,20,201.5,,,0.07032826941463938,425.75,-0.5267175572519084,"20 month(s) absent then trading again — suspension, not exit"
INE885F01015,MASKINVEST,EXIT_FLAT_OR_UP,2024-04-30,2026-03-30,6,18,121.36,,,-0.23189873417721518,158.0,-0.23189873417721518,"18 month(s) absent then trading again — suspension, not exit"
INE942G01012,MCLEODRUSS,EXIT_AMBIGUOUS,2018-01-31,2026-03-30,74,25,28.97,33.75,-0.14162962962962966,-0.21723858416644148,85.07187969924813,-0.6594644422761469,"25 month(s) absent then trading again — suspension, not exit; 1 split/bonus adjustment(s) applied (0.499)"
INE454M01024,NAGAFERT,EXIT_AFTER_COLLAPSE,2018-01-31,2026-03-30,72,27,3.44,4.23,-0.1867612293144209,-0.33203883495145636,22.55,-0.847450110864745,"27 month(s) absent then trading again — suspension, not exit"
INE290A01027,NAHARSPING,EXIT_AMBIGUOUS,2018-01-31,2026-03-30,88,11,199.99,207.7,-0.03712084737602302,-0.01864664605721568,511.05,-0.6086684277467957,"11 month(s) absent then trading again — suspension, not exit"
INE395U01014,NINSYS,EXIT_AMBIGUOUS,2023-02-28,2026-03-30,34,4,397.45,450.1,-0.11697400577649418,-0.09608824198317034,606.0,-0.34414191419141915,"4 month(s) absent then trading again — suspension, not exit"
INE591A01010,OILCOUNTUB,EXIT_AMBIGUOUS,2018-01-31,2026-03-30,55,44,36.96,73.91,-0.4999323501555946,-0.47943661971830986,91.37,-0.5954908613330415,"44 month(s) absent then trading again — suspension, not exit"
INE218G01033,PALREDTEC,EXIT_AFTER_COLLAPSE,2018-01-31,2026-03-30,68,31,27.49,,,-0.4330789853578058,207.05,-0.8672301376479111,"31 month(s) absent then trading again — suspension, not exit"
INE561H01026,PARSVNATH,EXIT_AFTER_COLLAPSE,2018-01-31,2026-03-30,72,27,5.96,21.96,-0.7285974499089253,,23.95,-0.7511482254697286,"27 month(s) absent then trading again — suspension, not exit"
INE124Y01010,PASHUPATI,INSTRUMENT_CHANGED,2025-07-31,2026-03-30,9,0,977.05,,,0.38069667208365715,999.55,-0.022510129558301235,"issuer still trades under a different ISIN — face-value change, split or rename, not an exit"
INE844A01013,PEARLPOLY,EXIT_AMBIGUOUS,2018-05-31,2026-03-30,79,16,13.01,26.44,-0.5079425113464449,-0.5476356050069542,38.71,-0.6639111340738828,"16 month(s) absent then trading again — suspension, not exit"
INE138A01028,PENINLAND,EXIT_AFTER_COLLAPSE,2018-01-31,2026-03-30,77,22,13.99,,,-0.5942575406032482,70.7,-0.8021216407355021,"22 month(s) absent then trading again — suspension, not exit"
INE546Y01022,PRAXIS,EXIT_AFTER_COLLAPSE,2018-02-28,2026-03-30,54,44,5.27,8.84,-0.4038461538461539,,285.2,-0.9815217391304348,"44 month(s) absent then trading again — suspension, not exit"
INE165B01029,RSSOFTWARE,EXIT_AFTER_COLLAPSE,2018-01-31,2026-03-30,70,29,21.93,,,,75.5,-0.7095364238410596,"29 month(s) absent then trading again — suspension, not exit"
INE888C01040,SADHNANIQ,EXIT_AFTER_COLLAPSE,2023-05-31,2026-03-30,25,10,1.37,,,,134.45,-0.9898103384157679,"10 month(s) absent then trading again — suspension, not exit"
INE999B01013,SANGHIIND,EXIT_AMBIGUOUS,2018-01-31,2026-03-30,93,6,48.04,59.43,-0.1916540467777217,-0.2539214163690014,127.25,-0.622475442043222,"6 month(s) absent then trading again — suspension, not exit"
INE955I01044,SEJALLTD,EXIT_AMBIGUOUS,2025-01-31,2026-03-30,9,6,422.15,361.75,0.1669661368348306,-0.44993159163463425,767.45,-0.44993159163463425,"6 month(s) absent then trading again — suspension, not exit"
INE878E01021,SETCO,EXIT_AMBIGUOUS,2018-01-31,2026-03-30,72,27,19.89,,,0.1895933014354068,64.9,-0.6935285053929122,"27 month(s) absent then trading again — suspension, not exit"
INE637H01024,SHIVAMAUTO,EXIT_AFTER_COLLAPSE,2018-01-31,2026-03-30,86,13,13.34,25.72,-0.4813374805598756,-0.5781151170145478,82.75,-0.8387915407854984,"13 month(s) absent then trading again — suspension, not exit"
INE635A01023,SHYAMTEL,EXIT_AMBIGUOUS,2018-03-28,2026-03-30,41,56,8.2,,,-0.40922190201729114,20.5,-0.6000000000000001,"56 month(s) absent then trading again — suspension, not exit"
INE0D0K01022,SIGACHI,EXIT_AFTER_COLLAPSE,2023-10-31,2026-03-30,30,0,16.92,35.19,-0.5191815856777493,-0.5627906976744186,83.35,-0.7970005998800239,
INE728Z01015,SOFTTECH,EXIT_AMBIGUOUS,2022-02-28,2026-03-30,37,13,218.65,,,-0.3954935029029582,397.95,-0.45055911546676713,"13 month(s) absent then trading again — suspension, not exit"
INE748Z01013,SUMIT,EXIT_AMBIGUOUS,2019-07-31,2026-03-30,42,39,46.47,94.7,-0.5092925026399155,-0.4939562234563868,103.67,-0.551750747564387,"39 month(s) absent then trading again — suspension, not exit"
INE932C01012,TOKYOPLAST,EXIT_AMBIGUOUS,2018-01-31,2026-03-30,97,2,58.56,126.7,-0.5378058405682715,-0.5288817377312952,151.28,-0.6129032258064516,"2 month(s) absent then trading again — suspension, not exit"
INE481Z01011,UNIINFO,EXIT_AFTER_COLLAPSE,2022-01-31,2026-03-30,36,15,9.96,,,-0.4285714285714285,44.15,-0.77440543601359,"15 month(s) absent then trading again — suspension, not exit"
INE0JWS01017,VALIANTLAB,EXIT_AFTER_COLLAPSE,2023-10-31,2026-03-30,28,2,51.62,76.58,-0.32593366414207364,-0.36647029945999027,202.25,-0.7447713226205191,"2 month(s) absent then trading again — suspension, not exit"
INE505Y01010,VINEETLAB,EXIT_AFTER_COLLAPSE,2021-06-30,2026-03-30,50,8,29.06,31.2,-0.06858974358974361,-0.2598064187468161,111.8,-0.740071556350626,"8 month(s) absent then trading again — suspension, not exit"
INE0L4K01016,VITAL,EXIT_UNKNOWN_PATH,2026-03-30,2026-03-30,1,0,42.95,,,,42.95,0.0,only one observation; path unknown
INE526G01021,VIVIMEDLAB,EXIT_AFTER_COLLAPSE,2018-01-31,2026-03-30,58,41,5.28,,,,42.99932088285229,-0.877207363009642,"41 month(s) absent then trading again — suspension, not exit; 1 split/bonus adjustment(s) applied (0.500)"
INE03HW01020,VLEGOV,EXIT_AFTER_COLLAPSE,2023-08-31,2026-03-30,18,14,8.61,,,-0.6820531757754801,183.46,-0.9530687888368038,"14 month(s) absent then trading again — suspension, not exit"
INE761Y01019,ZODIAC,EXIT_AMBIGUOUS,2021-12-31,2026-03-30,23,29,213.5,391.65,-0.4548704200178731,,523.85,-0.5924405841366803,"29 month(s) absent then trading again — suspension, not exit"
INE365O01028,ABANSENT,EXIT_UNKNOWN_PATH,2026-04-30,2026-04-30,1,0,43.6,,,,43.6,0.0,only one observation; path unknown
INE218C01016,AUSOMENT,EXIT_FLAT_OR_UP,2018-01-31,2026-04-30,77,23,147.79,84.26,0.7539757892238308,0.39661689661689664,147.79,0.0,"23 month(s) absent then trading again — suspension, not exit"
INE718H01014,AUTOIND,EXIT_AMBIGUOUS,2018-02-28,2026-04-30,84,15,64.08,75.72,-0.15372424722662442,-0.110617626648161,148.38,-0.5681358673675697,"15 month(s) absent then trading again — suspension, not exit"
INE652Z01017,AVROIND,INSTRUMENT_CHANGED,2022-04-29,2026-04-30,40,9,125.69,152.3,-0.17472094550229816,-0.04773088870368976,186.26,-0.3251905937936218,"9 month(s) absent then trading again — suspension, not exit; issuer still trades under a different ISIN — face-value change, split or rename, not an exit"
INE474E01029,BHANDARI,EXIT_AFTER_COLLAPSE,2018-02-28,2026-04-30,90,9,3.14,4.81,-0.3471933471933471,-0.32473118279569896,10.6,-0.7037735849056603,"9 month(s) absent then trading again — suspension, not exit"
INE00HZ01011,BNAGROCHEM,EXIT_UNKNOWN_PATH,2026-04-30,2026-04-30,1,0,240.1,,,,240.1,0.0,only one observation; path unknown
INE338D01028,BODALCHEM,EXIT_AMBIGUOUS,2018-01-31,2026-04-30,100,0,68.06,64.77,0.05079512119808563,0.10973422468612432,159.1,-0.5722187303582652,
INE032Z01020,BSHSL,EXIT_AFTER_COLLAPSE,2022-09-30,2026-04-30,34,10,98.45,130.43,-0.24518899026297633,-0.19468302658486705,547.75,-0.8202647193062529,"10 month(s) absent then trading again — suspension, not exit"
INE526B01014,CALSOFT,EXIT_AFTER_COLLAPSE,2018-02-28,2026-04-30,64,35,14.35,,,-0.2443391258557135,59.85,-0.7602339181286549,"35 month(s) absent then trading again — suspension, not exit"
INE995D01025,CHEMBOND,EXIT_AFTER_COLLAPSE,2019-11-29,2026-04-30,74,4,152.36,520.6,-0.7073376872839032,-0.11434052200197632,661.5,-0.7696749811035525,"4 month(s) absent then trading again — suspension, not exit"
INE0TGX01019,CHEMBONDCH,EXIT_FLAT_OR_UP,2025-08-29,2026-04-30,9,0,152.09,,,-0.04585947302383941,186.23,-0.18332169897438644,
INE783X01023,CHEMFAB,EXIT_AMBIGUOUS,2018-07-31,2026-04-30,92,2,408.7,805.5,-0.4926132836747362,-0.3287344994662068,1082.3,-0.6223782685022636,"2 month(s) absent then trading again — suspension, not exit"
INE675C01017,CIGNITITEC,EXIT_AMBIGUOUS,2018-06-29,2026-04-30,95,0,1182.2,1346.6,-0.1220852517451358,-0.31179415531493765,1857.3,-0.36348462822376565,
INE521J01018,CPCAP,EXIT_AFTER_COLLAPSE,2018-01-31,2026-04-30,91,9,94.83,388.2,-0.7557187017001545,-0.23561180074157667,527.5,-0.8202274881516588,"9 month(s) absent then trading again — suspension, not exit"
INE278G01037,CYBERMEDIA,EXIT_AMBIGUOUS,2018-05-31,2026-04-30,48,48,16.53,,,,42.0,-0.6064285714285714,"48 month(s) absent then trading again — suspension, not exit"
INE879I01012,DBREALTY,EXIT_AMBIGUOUS,2018-01-31,2026-04-30,81,19,103.57,174.14,-0.40524865051108305,-0.30433906501880714,268.15,-0.6137609546895394,"19 month(s) absent then trading again — suspension, not exit"
INE08KP01019,DCMNVL,EXIT_AMBIGUOUS,2019-07-31,2026-04-30,75,7,142.6,167.9,-0.1506849315068494,-0.06669284639047057,290.8,-0.5096286107290234,"7 month(s) absent then trading again — suspension, not exit"
INE841L01016,DEEDEV,EXIT_FLAT_OR_UP,2024-06-28,2026-04-30,23,0,417.0,223.83,0.8630210427556627,0.6169057774331137,417.0,0.0,
INE506Z01015,DHRUV,EXIT_AFTER_COLLAPSE,2021-11-30,2026-04-30,40,14,35.48,,,-0.3386766076421249,160.32,-0.7786926147704591,"14 month(s) absent then trading again — suspension, not exit"
INE360C01024,DPSCLTD,EXIT_AMBIGUOUS,2018-01-31,2026-04-30,100,0,10.05,12.76,-0.21238244514106577,-0.15046491969568887,30.2,-0.6672185430463576,
INE418N01035,ESSENTIA,EXIT_AFTER_COLLAPSE,2022-06-30,2026-04-30,27,20,1.3,2.24,-0.41964285714285715,-0.32291666666666663,7.1,-0.8169014084507042,"20 month(s) absent then trading again — suspension, not exit"
INE360L01017,FMNL,EXIT_AFTER_COLLAPSE,2018-01-31,2026-04-30,76,24,9.6,,,,128.05,-0.9250292854353769,"24 month(s) absent then trading again — suspension, not exit"
INE0TQE01026,GLOTTIS,EXIT_FLAT_OR_UP,2025-10-31,2026-04-30,7,0,58.91,,,-0.2085180706704287,74.43,-0.2085180706704287,
INE246F01010,GSPL,EXIT_AMBIGUOUS,2018-01-31,2026-04-30,100,0,285.19,325.0,-0.1224923076923077,-0.07899241078637165,442.6,-0.3556484410302757,
INE788H01017,HILTON,EXIT_AFTER_COLLAPSE,2018-01-31,2026-04-30,73,27,23.08,62.8,-0.632484076433121,-0.4856251392912859,165.4,-0.860459492140266,"27 month(s) absent then trading again — suspension, not exit"
INE126M01010,IBULLSLTD,EXIT_AFTER_COLLAPSE,2018-02-28,2026-04-30,63,36,19.73,,,,429.5,-0.9540628637951105,"36 month(s) absent then trading again — suspension, not exit"
INE349Y01013,IDEAFORGE,EXIT_AMBIGUOUS,2023-07-31,2026-04-30,34,0,609.2,377.4,0.6142024377318497,0.2620675367723225,1141.65,-0.46638637060395044,
INE076C01018,IFBAGRO,EXIT_AMBIGUOUS,2018-02-28,2026-04-30,91,8,866.35,470.25,0.8423179160021266,-0.34575592810753664,1357.9,-0.3619927829737094,"8 month(s) absent then trading again — suspension, not exit"
INE332H01014,INDOTECH,EXIT_FLAT_OR_UP,2018-01-31,2026-04-30,78,22,2702.3,2274.6,0.18803306075793558,0.6067903436793913,2702.3,0.0,"22 month(s) absent then trading again — suspension, not exit"
INE227G01018,INDOWIND,EXIT_AMBIGUOUS,2018-05-31,2026-04-30,61,35,11.03,19.09,-0.42221058145625984,-0.29789942711648637,25.59,-0.5689722547870262,"35 month(s) absent then trading again — suspension, not exit"
INE091G01026,JAIBALAJI,EXIT_AMBIGUOUS,2025-01-31,2026-04-30,16,0,78.29,119.2,-0.34320469798657716,-0.17153439153439146,137.9,-0.43226976069615664,
INE138C01024,KANORICHEM,EXIT_AMBIGUOUS,2018-01-31,2026-04-30,97,3,87.92,87.58,0.0038821648778260267,0.11361621279290689,197.3,-0.5543841865179929,"3 month(s) absent then trading again — suspension, not exit"
INE087A01019,KESORAMIND,EXIT_AFTER_COLLAPSE,2018-01-31,2026-04-30,88,12,10.06,,,0.9496124031007752,223.99,-0.9550872806821733,"12 month(s) absent then trading again — suspension, not exit; 1 split/bonus adjustment(s) applied (0.504)"
INE479D01038,KRITI,EXIT_AMBIGUOUS,2021-11-30,2026-04-30,48,6,82.15,97.19,-0.1547484309085296,-0.2810886496893322,243.84,-0.6630987532808399,"6 month(s) absent then trading again — suspension, not exit"
INE0Q3J01015,KRN,EXIT_FLAT_OR_UP,2024-10-31,2026-04-30,19,0,1295.35,726.5,0.7830006882312456,0.6455157520325201,1295.35,0.0,
INE262Z01023,LATTEYS,EXIT_AMBIGUOUS,2023-05-31,2026-04-30,13,23,20.93,,,,46.6,-0.5508583690987124,"23 month(s) absent then trading again — suspension, not exit"
INE06WU01026,LAXMIINDIA,EXIT_AMBIGUOUS,2025-08-29,2026-04-30,9,0,112.23,,,-0.26067193675889333,151.8,-0.26067193675889333,
INE0G1L01017,LEMERITE,INSTRUMENT_CHANGED,2025-12-31,2026-04-30,5,0,439.9,,,,471.15,-0.06632707205773108,"issuer still trades under a different ISIN — face-value change, split or rename, not an exit"
INE370D01013,MANORG,EXIT_AMBIGUOUS,2021-11-30,2026-04-30,44,10,456.45,397.3,0.1488799395922476,-0.11066731612274722,1078.55,-0.5767929164155579,"10 month(s) absent then trading again — suspension, not exit"
INE882A01013,MARALOVER,EXIT_AMBIGUOUS,2018-01-31,2026-04-30,96,4,44.82,68.47,-0.3454067474806484,-0.05899643082091124,118.65,-0.6222503160556259,"4 month(s) absent then trading again — suspension, not exit"
INE636A01039,MAWANASUG,EXIT_AMBIGUOUS,2018-01-31,2026-04-30,88,12,113.03,88.89,0.2715716053549331,0.2933974138917496,152.3,-0.25784635587655946,"12 month(s) absent then trading again — suspension, not exit"
INE831A01028,MIRCELECTR,EXIT_AMBIGUOUS,2018-01-31,2026-04-30,74,26,33.09,,,,53.0,-0.3756603773584905,"26 month(s) absent then trading again — suspension, not exit"
INE200D01020,MMWL,EXIT_UNKNOWN_PATH,2026-04-30,2026-04-30,1,0,10.55,,,,10.55,0.0,only one observation; path unknown
INE537F01012,MODINATUR,EXIT_FLAT_OR_UP,2025-12-31,2026-04-30,5,0,375.8,,,,375.8,0.0,
INE023H01027,NECLIFE,EXIT_AMBIGUOUS,2018-01-31,2026-04-30,89,11,12.41,22.06,-0.43744333635539434,,40.3,-0.6920595533498759,"11 month(s) absent then trading again — suspension, not exit"
INE236Y01012,NGIL,EXIT_AFTER_COLLAPSE,2021-08-31,2026-04-30,46,11,37.49,32.05,0.16973478939157582,0.28302532511978107,214.1,-0.8248949089210649,"11 month(s) absent then trading again — suspension, not exit"
INE875B01015,NIMBSPROJ,EXIT_UNKNOWN_PATH,2026-04-30,2026-04-30,1,0,178.01,,,,178.01,0.0,only one observation; path unknown
INE368I01016,NIRAJ,EXIT_AMBIGUOUS,2021-02-26,2026-04-30,54,9,29.08,57.52,-0.49443671766342145,-0.08582206853190823,60.1,-0.5161397670549085,"9 month(s) absent then trading again — suspension, not exit"
INE781B01015,NOIDATOLL,EXIT_AFTER_COLLAPSE,2018-01-31,2026-04-30,68,32,3.78,,,-0.16923076923076924,14.0,-0.7300000000000001,"32 month(s) absent then trading again — suspension, not exit"
INE090B01011,OMAXAUTO,EXIT_AMBIGUOUS,2018-01-31,2026-04-30,79,21,130.09,83.53,0.5574045253202442,,191.4,-0.3203239289446186,"21 month(s) absent then trading again — suspension, not exit"
INE912L01015,ONELIFECAP,EXIT_AMBIGUOUS,2018-02-28,2026-04-30,62,37,17.8,,,0.2759856630824374,30.25,-0.41157024793388425,"37 month(s) absent then trading again — suspension, not exit"
INE06IR01021,OSIAHYPER,EXIT_AFTER_COLLAPSE,2023-03-31,2026-04-30,15,23,6.21,23.11,-0.7312851579402856,,53.2,-0.8832706766917293,"23 month(s) absent then trading again — suspension, not exit"
INE600A01035,PILITA,EXIT_AMBIGUOUS,2018-05-31,2026-04-30,81,15,8.07,16.0,-0.495625,-0.33195364238410596,18.58,-0.5656620021528525,"15 month(s) absent then trading again — suspension, not exit"
INE0INJ01017,PLAZACABLE,EXIT_AFTER_COLLAPSE,2023-10-31,2026-04-30,28,3,40.91,55.74,-0.2660566917832796,-0.16459056565244032,165.25,-0.7524357034795764,"3 month(s) absent then trading again — suspension, not exit"
INE0SII01026,QPOWER,EXIT_FLAT_OR_UP,2025-02-28,2026-04-30,15,0,1380.0,340.2,3.056437389770723,0.35480070685254267,1380.0,0.0,
INE0MHO01029,REGAAL,EXIT_AMBIGUOUS,2025-08-29,2026-04-30,9,0,82.84,,,-0.08413488114980651,114.01,-0.27339707043241823,
INE927A01040,ROLLT,EXIT_AMBIGUOUS,2018-02-28,2026-04-30,50,49,1.92,,,0.6,5.65,-0.6601769911504425,"49 month(s) absent then trading again — suspension, not exit"
INE658G01014,SALSTEEL,EXIT_FLAT_OR_UP,2018-02-28,2026-04-30,68,31,58.92,19.19,2.070349140177176,,58.92,0.0,"31 month(s) absent then trading again — suspension, not exit"
INE617A01013,SEMAC,EXIT_AFTER_COLLAPSE,2018-01-31,2026-04-30,77,23,284.32,,,-0.2964988246938018,3381.35,-0.9159152409540567,"23 month(s) absent then trading again — suspension, not exit"
INE644Y01017,SHIVAMILLS,EXIT_AMBIGUOUS,2018-03-28,2026-04-30,92,6,60.25,71.93,-0.16238009175587384,-0.11161899144795037,169.2,-0.6439125295508275,"6 month(s) absent then trading again — suspension, not exit"
INE178C01020,SMARTLINK,EXIT_AMBIGUOUS,2018-01-31,2026-04-30,87,13,132.0,152.34,-0.13351713272942106,0.0022018070002277124,290.55,-0.5456892101187404,"13 month(s) absent then trading again — suspension, not exit"
INE1VXE01018,STLNETWORK,EXIT_FLAT_OR_UP,2025-09-30,2026-04-30,8,0,27.76,,,0.057926829268292804,29.6,-0.06216216216216215,
INE089C01029,STLTECH,EXIT_FLAT_OR_UP,2018-01-31,2026-04-30,99,1,294.8,,,1.509576913254448,381.25,-0.22675409836065571,"1 month(s) absent then trading again — suspension, not exit"
INE01FR01028,STYLEBAAZA,EXIT_FLAT_OR_UP,2024-09-30,2026-04-30,20,0,388.65,317.87,0.22266964482335538,0.22757422615287412,388.65,0.0,
INE754A01055,SUBEXLTD,EXIT_AFTER_COLLAPSE,2020-11-27,2026-04-30,63,3,9.34,12.07,-0.22618061309030657,-0.27484472049689446,62.2,-0.8498392282958199,"3 month(s) absent then trading again — suspension, not exit"
INE308E01029,SVPGLOB,EXIT_AFTER_COLLAPSE,2021-07-30,2026-04-30,39,19,3.62,,,0.002770083102493139,135.7,-0.9733235077376565,"19 month(s) absent then trading again — suspension, not exit"
INE906O01029,TIGERLOGS,EXIT_AMBIGUOUS,2025-09-30,2026-04-30,8,0,35.03,,,-0.18268782081194584,47.05,-0.2554729011689691,
INE368U01029,UNITEDPOLY,EXIT_FLAT_OR_UP,2025-05-30,2026-04-30,5,7,30.44,,,,30.44,0.0,"7 month(s) absent then trading again — suspension, not exit"
INE893I01013,VASCONEQ,EXIT_AMBIGUOUS,2018-01-31,2026-04-30,98,2,41.26,39.87,0.03486330574366693,-0.38066646652656866,85.5,-0.5174269005847953,"2 month(s) absent then trading again — suspension, not exit"
INE188Y01031,VERTOZ,EXIT_AMBIGUOUS,2025-07-31,2026-04-30,10,0,49.53,,,-0.2734340619040634,86.18,-0.4252726850777443,
INE450G01024,VIPCLOTHNG,EXIT_AFTER_COLLAPSE,2018-01-31,2026-04-30,79,21,21.48,,,-0.36166419019316487,77.4,-0.7224806201550388,"21 month(s) absent then trading again — suspension, not exit"
INE286H01012,VISASTEEL,EXIT_FLAT_OR_UP,2018-02-28,2026-04-30,50,49,40.5,,,,41.07,-0.013878743608473345,"49 month(s) absent then trading again — suspension, not exit"
INE0SJA01013,VMSTMT,EXIT_AMBIGUOUS,2025-10-31,2026-04-30,7,0,49.64,,,-0.3095966620305981,71.9,-0.3095966620305981,
INE0AE001013,VPRPL,EXIT_AFTER_COLLAPSE,2023-09-29,2026-04-30,32,0,43.9,172.64,-0.7457136237256718,-0.5205853445451567,297.15,-0.8522631667507993,
INE389K01018,WELINV,EXIT_FLAT_OR_UP,2018-02-28,2026-04-30,84,15,1490.6,792.0,0.882070707070707,,1490.6,0.0,"15 month(s) absent then trading again — suspension, not exit"
INE082W01014,WEWIN,EXIT_AMBIGUOUS,2022-06-30,2026-04-30,25,22,54.32,,,,89.37,-0.39218977285442547,"22 month(s) absent then trading again — suspension, not exit"
INE518E01015,ZIMLAB,EXIT_AFTER_COLLAPSE,2022-11-30,2026-04-30,42,0,87.94,87.55,0.004454597372929761,0.2007099945385036,315.75,-0.7214885193982581,
INE449G01018,AGRITECH,EXIT_AMBIGUOUS,2018-01-31,2026-05-29,81,20,106.88,162.98,-0.34421401398944657,-0.21515641063298582,243.76,-0.5615359369872005,"20 month(s) absent then trading again — suspension, not exit"
INE773I01017,ALKALI,EXIT_AMBIGUOUS,2018-01-31,2026-05-29,94,7,86.81,102.87,-0.156119373967143,0.05058695389083876,150.65,-0.4237636906737471,"7 month(s) absent then trading again — suspension, not exit"
INE084K01015,AMANTA,EXIT_FLAT_OR_UP,2025-09-30,2026-05-29,9,0,125.51,,,0.18138177710843384,136.36,-0.07956878850102675,
INE266F01018,APTECHT,EXIT_AFTER_COLLAPSE,2018-01-31,2026-05-29,98,3,102.77,161.55,-0.36385020117610656,-0.01627261414760221,568.15,-0.8191146704215436,"3 month(s) absent then trading again — suspension, not exit"
INE570D01018,ARROWGREEN,EXIT_AMBIGUOUS,2018-01-31,2026-05-29,75,26,530.55,,,-0.04851147776183656,838.0,-0.36688544152744634,"26 month(s) absent then trading again — suspension, not exit"
INE855F01042,ASMS,EXIT_AFTER_COLLAPSE,2023-03-31,2026-05-29,26,13,7.42,14.96,-0.5040106951871658,,25.6,-0.7101562499999999,"13 month(s) absent then trading again — suspension, not exit"
INE325G01010,AVAILFC,EXIT_FLAT_OR_UP,2026-04-30,2026-05-29,2,0,159.92,,,,159.92,0.0,
INE878I01022,BAFNAPH,EXIT_FLAT_OR_UP,2020-03-31,2026-05-29,21,54,131.9,,,,154.0,-0.14350649350649347,"54 month(s) absent then trading again — suspension, not exit"
INE354C01027,BHAGERIA,EXIT_AMBIGUOUS,2018-01-31,2026-05-29,98,3,158.59,185.86,-0.14672334014849892,-0.1259851198677321,321.3,-0.506411453470277,"3 month(s) absent then trading again — suspension, not exit"
INE761G01016,BLACKROSE,EXIT_FLAT_OR_UP,2026-04-30,2026-05-29,2,0,97.11,,,,97.11,0.0,
INE657B01025,BLUECHIP,EXIT_UNKNOWN_PATH,2026-05-29,2026-05-29,1,0,2.29,,,,2.29,0.0,only one observation; path unknown
INE319B01014,BYKE,EXIT_AFTER_COLLAPSE,2018-01-31,2026-05-29,80,21,35.0,98.72,-0.6454619124797407,-0.3819530284301607,190.85,-0.8166099030652345,"21 month(s) absent then trading again — suspension, not exit"
INE03YM01018,CHEMCON,EXIT_AMBIGUOUS,2020-10-30,2026-05-29,68,0,186.46,196.75,-0.05229987293519691,-0.15406950367480257,500.7,-0.6276013580986619,
INE335K01011,COFFEEDAY,EXIT_AFTER_COLLAPSE,2018-01-31,2026-05-29,71,30,34.78,,,,345.2,-0.8992468134414832,"30 month(s) absent then trading again — suspension, not exit"
INE792I01017,CORDSCABLE,EXIT_FLAT_OR_UP,2018-02-28,2026-05-29,91,9,239.9,197.23,0.21634639760685503,0.1575950588689442,239.9,0.0,"9 month(s) absent then trading again — suspension, not exit"
INE214A01019,CYBERTECH,EXIT_AMBIGUOUS,2018-01-31,2026-05-29,88,13,140.3,,,,253.32,-0.44615506079267325,"13 month(s) absent then trading again — suspension, not exit"
INE928C01010,DAICHI,EXIT_FLAT_OR_UP,2026-04-30,2026-05-29,2,0,237.05,,,,263.05,-0.09884052461509218,
INE0OPA01019,DBEIL,EXIT_AMBIGUOUS,2024-10-31,2026-05-29,20,0,82.27,156.27,-0.47353938695846937,-0.38138205880141374,192.82,-0.5733326418421326,
INE498A01018,DCM,EXIT_AMBIGUOUS,2018-01-31,2026-05-29,86,15,87.04,101.52,-0.14263199369582338,-0.08475289169295466,116.85,-0.25511339323919546,"15 month(s) absent then trading again — suspension, not exit"
INE0OFM01015,DSFCL,EXIT_FLAT_OR_UP,2026-03-30,2026-05-29,3,0,25.08,,,,26.11,-0.03944848716966684,
INE255Z01019,E2E,INSTRUMENT_CHANGED,2022-04-29,2026-05-29,24,26,3922.4,2868.2,0.3675475908235131,0.7341940047749579,3922.4,0.0,"26 month(s) absent then trading again — suspension, not exit; issuer still trades under a different ISIN — face-value change, split or rename, not an exit"
INE06HJ01020,ECOSMOBLTY,EXIT_AMBIGUOUS,2024-09-30,2026-05-29,21,0,137.89,285.46,-0.5169550900301269,-0.4347612215617955,452.65,-0.695371699988954,
INE546V01010,EIFFL,EXIT_FLAT_OR_UP,2021-10-29,2026-05-29,50,6,233.55,219.74,0.06284700100118322,0.10107962849464898,269.0,-0.13178438661710032,"6 month(s) absent then trading again — suspension, not exit"
INE022C01012,EUROTEXIND,EXIT_AMBIGUOUS,2018-01-31,2026-05-29,52,49,15.6,15.75,-0.009523809523809547,,36.65,-0.5743519781718963,"49 month(s) absent then trading again — suspension, not exit"
INE060J01017,FLEXITUFF,EXIT_AFTER_COLLAPSE,2018-02-28,2026-05-29,55,45,6.89,,,-0.5869304556354915,51.55,-0.8663433559650824,"45 month(s) absent then trading again — suspension, not exit; 2 split/bonus adjustment(s) applied (0.500, 0.505)"
INE586X01012,GTECJAINX,EXIT_AMBIGUOUS,2020-11-27,2026-05-29,32,35,16.69,26.19,-0.36273386788850703,-0.2945900253592561,32.25,-0.48248062015503873,"35 month(s) absent then trading again — suspension, not exit"
INE586G01017,GULFPETRO,EXIT_AMBIGUOUS,2018-01-31,2026-05-29,98,3,36.45,50.43,-0.27721594289113616,-0.03366914103923638,94.8,-0.615506329113924,"3 month(s) absent then trading again — suspension, not exit"
INE506D01020,HALDYNGL,EXIT_FLAT_OR_UP,2026-04-30,2026-05-29,2,0,112.65,,,,112.65,0.0,
INE120D01012,HITECHCORP,EXIT_FLAT_OR_UP,2018-01-31,2026-05-29,95,6,242.18,185.48,0.3056933362087558,0.29716122121049826,299.1,-0.19030424607154803,"6 month(s) absent then trading again — suspension, not exit"
INE965B01022,HYBRIDFIN,EXIT_FLAT_OR_UP,2023-02-28,2026-05-29,17,23,17.46,12.47,0.40016038492381717,,23.0,-0.24086956521739128,"23 month(s) absent then trading again — suspension, not exit"
INE760F01028,INDOAMIN,EXIT_AMBIGUOUS,2022-04-29,2026-05-29,50,0,133.71,142.96,-0.06470341354224958,0.07900258231116855,236.69,-0.43508386497105916,
INE839G01010,JOCIL,EXIT_AMBIGUOUS,2018-01-31,2026-05-29,101,0,147.5,163.64,-0.09863114153018815,-0.03512788643945839,273.35,-0.4603987561734041,
INE390H01020,KAMDHENU,EXIT_AMBIGUOUS,2025-01-31,2026-05-29,17,0,24.04,33.99,-0.2927331568108268,-0.07892720306513418,41.05,-0.41437271619975635,
INE834I01025,KHADIM,EXIT_AFTER_COLLAPSE,2018-01-31,2026-05-29,97,4,101.73,297.25,-0.657762825904121,-0.5062848823101189,840.1,-0.8789072729436972,"4 month(s) absent then trading again — suspension, not exit"
INE082A01010,KOPRAN,EXIT_AMBIGUOUS,2018-01-31,2026-05-29,94,7,206.27,183.13,0.12635832468738065,0.5337199791806082,331.3,-0.37739209175973437,"7 month(s) absent then trading again — suspension, not exit"
INE0J0B01017,KOTYARK,EXIT_FLAT_OR_UP,2026-03-30,2026-05-29,3,0,417.9,,,,427.1,-0.021540622804963813,
INE524L01026,KRIDHANINF,EXIT_AFTER_COLLAPSE,2018-01-31,2026-05-29,63,38,3.09,,,-0.18037135278514593,116.15,-0.9733964700817908,"38 month(s) absent then trading again — suspension, not exit"
INE378D01032,MADHUCON,EXIT_AFTER_COLLAPSE,2018-01-31,2026-05-29,59,42,5.36,8.66,-0.38106235565819857,-0.1155115511551154,31.8,-0.8314465408805032,"42 month(s) absent then trading again — suspension, not exit"
INE263W01010,MAHESHWARI,EXIT_AFTER_COLLAPSE,2019-04-30,2026-05-29,79,7,55.45,57.95,-0.04314063848144952,0.11659283125251725,270.5,-0.7950092421441775,"7 month(s) absent then trading again — suspension, not exit"
INE867A01022,MANUGRAPH,EXIT_AMBIGUOUS,2018-01-31,2026-05-29,83,18,15.3,22.48,-0.3193950177935943,,50.15,-0.6949152542372881,"18 month(s) absent then trading again — suspension, not exit"
INE912H01013,MBLINFRA,EXIT_AMBIGUOUS,2018-02-28,2026-05-29,78,22,26.29,43.27,-0.39241969031661667,-0.27774725274725276,67.22,-0.6088961618565903,"22 month(s) absent then trading again — suspension, not exit; 1 split/bonus adjustment(s) applied (0.496)"
INE071D01033,MENONBE,EXIT_FLAT_OR_UP,2018-01-31,2026-05-29,98,3,145.17,121.81,0.19177407437812974,0.33452840595697725,157.2,-0.07652671755725192,"3 month(s) absent then trading again — suspension, not exit"
INE0APB01032,MGEL,EXIT_FLAT_OR_UP,2025-03-28,2026-05-29,15,0,15.0,13.11,0.14416475972540052,-0.015101772816808957,17.48,-0.14187643020594967,
INE828O01033,MITCON,EXIT_AMBIGUOUS,2022-03-31,2026-05-29,45,6,83.88,84.21,-0.003918774492340557,0.19130805283340435,142.76,-0.4124404595124685,"6 month(s) absent then trading again — suspension, not exit"
INE737D01021,MODISONLTD,EXIT_FLAT_OR_UP,2021-05-31,2026-05-29,52,9,284.6,165.71,0.717458210126124,1.0093194012990685,284.6,0.0,"9 month(s) absent then trading again — suspension, not exit"
INE861B01023,MOTOGENFIN,EXIT_AMBIGUOUS,2020-08-31,2026-05-29,54,16,27.27,27.6,-0.011956521739130501,-0.05607476635514022,41.07,-0.3360116873630387,"16 month(s) absent then trading again — suspension, not exit"
INE864I01014,MTARTECH,EXIT_FLAT_OR_UP,2021-03-31,2026-05-29,63,0,7879.5,1640.8,3.8022306192101416,2.111475280366451,7879.5,0.0,
INE374B01019,MUKTAARTS,EXIT_AMBIGUOUS,2018-01-31,2026-05-29,88,13,64.87,78.2,-0.17046035805626597,0.0009257830581700705,103.63,-0.37402296632249343,"13 month(s) absent then trading again — suspension, not exit"
INE268H01044,NAVKARURB,EXIT_AMBIGUOUS,2025-05-30,2026-05-29,7,6,0.97,2.42,-0.5991735537190083,-0.39375000000000004,2.42,-0.5991735537190083,"6 month(s) absent then trading again — suspension, not exit"
INE02H701025,NOVAAGRI,EXIT_AMBIGUOUS,2024-02-29,2026-05-29,25,3,28.11,48.43,-0.41957464381581666,-0.34673483616081807,83.36,-0.6627879078694817,"3 month(s) absent then trading again — suspension, not exit"
INE0JM501013,NRL,EXIT_AMBIGUOUS,2023-01-31,2026-05-29,35,6,66.66,82.3,-0.19003645200486027,0.07637655417406744,123.9,-0.4619854721549637,"6 month(s) absent then trading again — suspension, not exit"
INE0PK601023,OCCLLTD,EXIT_FLAT_OR_UP,2024-11-29,2026-05-29,16,3,114.73,94.41,0.21523143734773867,0.12546596036884447,122.95,-0.06685644570963806,"3 month(s) absent then trading again — suspension, not exit"
INE054301028,ODIGMA,EXIT_AMBIGUOUS,2024-12-31,2026-05-29,6,12,23.49,,,,68.69,-0.6580288251565003,"12 month(s) absent then trading again — suspension, not exit"
INE231G01010,ORBTEXP,EXIT_FLAT_OR_UP,2018-01-31,2026-05-29,92,9,175.04,171.79,0.018918446941032657,-0.14397496087636932,220.08,-0.20465285350781542,"9 month(s) absent then trading again — suspension, not exit"
INE749B01020,ORTINGLOBE,EXIT_AMBIGUOUS,2021-04-30,2026-05-29,47,15,15.51,,,0.2968227424749163,38.1,-0.5929133858267717,"15 month(s) absent then trading again — suspension, not exit"
INE818B01023,PASUPTAC,EXIT_FLAT_OR_UP,2021-10-29,2026-05-29,48,8,59.85,,,-0.005318264916071136,60.17,-0.005318264916071136,"8 month(s) absent then trading again — suspension, not exit"
INE529D01014,PATINTLOG,EXIT_AFTER_COLLAPSE,2018-01-31,2026-05-29,98,3,13.98,15.77,-0.1135066582117945,-0.012711864406779641,78.15,-0.8211132437619961,"3 month(s) absent then trading again — suspension, not exit"
INE974Z01015,PRITI,EXIT_AFTER_COLLAPSE,2022-03-31,2026-05-29,44,7,43.51,96.21,-0.5477601080968714,-0.37904952190666474,229.8,-0.8106614447345518,"7 month(s) absent then trading again — suspension, not exit"
INE583R01029,PRITIKAUTO,EXIT_AMBIGUOUS,2021-08-31,2026-05-29,51,7,13.67,18.24,-0.25054824561403505,-0.059834938101788124,32.4,-0.5780864197530864,"7 month(s) absent then trading again — suspension, not exit"
INE024D01016,PRUDMOULI,EXIT_AMBIGUOUS,2024-06-28,2026-05-29,16,8,15.21,36.43,-0.5824869612956355,-0.3549618320610686,42.5,-0.6421176470588235,"8 month(s) absent then trading again — suspension, not exit"
INE306L01010,QUICKHEAL,EXIT_AFTER_COLLAPSE,2018-01-31,2026-05-29,101,0,186.02,285.65,-0.3487834762821634,-0.3949585298422507,708.5,-0.7374453069865914,
INE230R01035,RAMASTEEL,EXIT_AFTER_COLLAPSE,2022-08-30,2026-05-29,46,0,5.5,11.66,-0.5283018867924528,-0.44500504540867813,166.25,-0.9669172932330827,
INE364Z01019,REPL,EXIT_AFTER_COLLAPSE,2020-12-31,2026-05-29,61,5,72.29,195.32,-0.6298894122465697,-0.4347486120885135,248.0,-0.7085080645161289,"5 month(s) absent then trading again — suspension, not exit"
INE611A01016,RSWM,EXIT_AMBIGUOUS,2018-01-31,2026-05-29,96,5,176.3,175.79,0.002901188918596162,0.11922295581513459,505.3,-0.6510983574114387,"5 month(s) absent then trading again — suspension, not exit"
INE301D01026,RUBYMILLS,EXIT_AMBIGUOUS,2018-01-31,2026-05-29,98,3,256.38,204.91,0.2511834463910985,0.14922228696938453,598.0,-0.5712709030100335,"3 month(s) absent then trading again — suspension, not exit"
INE764L01010,SADBHIN,EXIT_AFTER_COLLAPSE,2018-01-31,2026-05-29,83,18,2.78,4.55,-0.389010989010989,,144.9,-0.9808143547273982,"18 month(s) absent then trading again — suspension, not exit"
INE363M01019,SHEMAROO,EXIT_AFTER_COLLAPSE,2018-01-31,2026-05-29,84,17,103.82,,,-0.08737693389592134,524.5,-0.8020591039084843,"17 month(s) absent then trading again — suspension, not exit"
INE788J01021,SHIVALIK,EXIT_AFTER_COLLAPSE,2021-12-31,2026-05-29,54,0,294.15,589.95,-0.50139842359522,-0.2745992601726264,1048.9,-0.7195633520831347,
INE933B01012,SIGMAADV,EXIT_FLAT_OR_UP,2018-02-28,2026-05-29,58,42,424.8,,,,424.8,0.0,"42 month(s) absent then trading again — suspension, not exit"
INE334A01023,STERTOOLS,EXIT_AMBIGUOUS,2018-01-31,2026-05-29,101,0,235.23,322.95,-0.27162099396191364,-0.16318036286019222,694.7,-0.6613934072261408,
INE073D01013,SUNDRMBRAK,EXIT_AMBIGUOUS,2018-01-31,2026-05-29,91,10,738.75,849.1,-0.12996113531975034,-0.0018915084780111832,1130.8,-0.34670145030067206,"10 month(s) absent then trading again — suspension, not exit"
INE662A01027,SUPERSPIN,EXIT_AMBIGUOUS,2018-02-28,2026-05-29,66,34,5.26,9.93,-0.4702920443101712,-0.42576419213973804,14.05,-0.6256227758007118,"34 month(s) absent then trading again — suspension, not exit"
INE00CE01017,SVLL,EXIT_FLAT_OR_UP,2023-04-28,2026-05-29,20,18,615.3,,,-0.11892317605785074,746.3,-0.17553262762963956,"18 month(s) absent then trading again — suspension, not exit"
INE356B01024,SYSTMTXC,EXIT_AMBIGUOUS,2025-10-31,2026-05-29,8,0,67.12,,,-0.5885994483604046,164.81,-0.5927431587889084,
INE911B01018,TCIFINANCE,EXIT_AMBIGUOUS,2018-01-31,2026-05-29,53,48,13.16,12.67,0.03867403314917129,0.1750000000000001,32.45,-0.5944530046224962,"48 month(s) absent then trading again — suspension, not exit"
INE077P01034,THACKER,EXIT_FLAT_OR_UP,2026-04-30,2026-05-29,2,0,1201.6,,,,1201.6,0.0,
INE757B01015,TRANSWORLD,EXIT_AFTER_COLLAPSE,2018-01-31,2026-05-29,98,3,161.53,296.2,-0.45465901417960836,-0.2265740962413215,584.1,-0.7234548878616676,"3 month(s) absent then trading again — suspension, not exit"
INE0GIU01018,UMAEXPORTS,EXIT_AFTER_COLLAPSE,2022-04-29,2026-05-29,35,15,25.93,67.15,-0.613849590469099,-0.35737298636926895,133.4,-0.8056221889055472,"15 month(s) absent then trading again — suspension, not exit"
INE961D01019,UNIDT,EXIT_AMBIGUOUS,2020-09-30,2026-05-29,69,0,237.31,200.15,0.18566075443417435,0.20480276184190488,547.35,-0.5664382935964192,
INE565V01010,VALIANTORG,EXIT_AFTER_COLLAPSE,2020-10-30,2026-05-29,63,5,297.2,455.8,-0.3479596314172883,0.17842981760507534,3320.2,-0.9104873200409614,"5 month(s) absent then trading again — suspension, not exit"
INE411B01019,VENUSREM,EXIT_FLAT_OR_UP,2018-01-31,2026-05-29,84,17,1280.05,435.2,1.9412913602941175,0.8520581639296824,1280.05,0.0,"17 month(s) absent then trading again — suspension, not exit"
INE918N01018,VETO,EXIT_AMBIGUOUS,2018-01-31,2026-05-29,96,5,124.0,133.0,-0.06766917293233082,0.10261426284901304,227.85,-0.4557823129251701,"5 month(s) absent then trading again — suspension, not exit"
INE015B01018,WIMPLAST,EXIT_FLAT_OR_UP,2026-04-30,2026-05-29,2,0,334.4,,,,377.14,-0.11332661611072814,
INE565L01011,ZEELEARN,EXIT_AFTER_COLLAPSE,2018-01-31,2026-05-29,82,19,7.01,,,-0.07519788918205808,44.3,-0.8417607223476299,"19 month(s) absent then trading again — suspension, not exit"
INE01C001026,AARTECH,EXIT_AMBIGUOUS,2024-08-30,2026-06-30,20,3,47.66,69.42,-0.3134543359262461,-0.0064623723160309,80.98,-0.41145961965917516,"3 month(s) absent then trading again — suspension, not exit"
INE648Z01023,ACCURACY,EXIT_AMBIGUOUS,2023-02-28,2026-06-30,26,15,5.31,8.65,-0.3861271676300579,-0.07972270363951472,16.05,-0.669158878504673,"15 month(s) absent then trading again — suspension, not exit"
INE542B01011,AKSHARCHEM,EXIT_AMBIGUOUS,2018-01-31,2026-06-30,101,1,242.43,276.0,-0.12163043478260867,0.005933609958506252,725.35,-0.6657751430343972,"1 month(s) absent then trading again — suspension, not exit"
INE228I01012,ASAHISONG,EXIT_AMBIGUOUS,2018-01-31,2026-06-30,95,7,251.44,,,-0.05651031894934335,552.5,-0.5449049773755656,"7 month(s) absent then trading again — suspension, not exit"
INE925Y01036,AURIGROW,EXIT_AFTER_COLLAPSE,2022-06-30,2026-06-30,23,26,0.29,0.57,-0.49122807017543857,,8.4,-0.9654761904761906,"26 month(s) absent then trading again — suspension, not exit"
INE680Z01018,AVG,EXIT_AMBIGUOUS,2023-05-31,2026-06-30,34,4,202.68,304.2,-0.3337278106508875,0.1391636690647483,634.25,-0.6804414662987781,"4 month(s) absent then trading again — suspension, not exit"
INE186H01022,BASML,EXIT_AFTER_COLLAPSE,2021-02-26,2026-06-30,61,4,28.05,34.84,-0.1948909299655569,0.0830115830115831,104.65,-0.7319636884854277,"4 month(s) absent then trading again — suspension, not exit"
INE561C01019,BHARATGEAR,EXIT_AMBIGUOUS,2018-01-31,2026-06-30,94,8,132.29,89.1,0.4847362514029181,,197.1,-0.3288178589548453,"8 month(s) absent then trading again — suspension, not exit"
INE416D01022,BLISSGVS,EXIT_FLAT_OR_UP,2018-01-31,2026-06-30,102,0,539.6,157.95,2.4162709718265276,2.3025276944733464,539.6,0.0,
INE489D01011,BNALTD,EXIT_FLAT_OR_UP,2026-04-30,2026-06-30,3,0,335.05,,,,399.85,-0.1620607727897962,
INE274K01012,BTTL,EXIT_FLAT_OR_UP,2026-04-30,2026-06-30,3,0,45.93,,,,45.93,0.0,
INE025A01027,CONSOFINVT,EXIT_AMBIGUOUS,2018-01-31,2026-06-30,96,6,223.1,208.11,0.07202921531882168,0.3297174871856001,327.8,-0.3194020744356315,"6 month(s) absent then trading again — suspension, not exit"
INE497D01022,DAMODARIND,EXIT_AMBIGUOUS,2018-10-31,2026-06-30,90,3,29.89,36.0,-0.16972222222222222,0.009115462525320715,70.0,-0.573,"3 month(s) absent then trading again — suspension, not exit"
INE921B01025,DBSTOCKBRO,EXIT_AMBIGUOUS,2018-01-31,2026-06-30,78,24,33.64,32.14,0.04667081518357187,0.3456,61.5,-0.4530081300813008,"24 month(s) absent then trading again — suspension, not exit"
INE726L01027,DELPHIFX,EXIT_AMBIGUOUS,2026-02-27,2026-06-30,5,0,8.16,,,,13.29,-0.3860045146726862,
INE864X01013,DPWIRES,EXIT_AFTER_COLLAPSE,2020-01-31,2026-06-30,75,3,199.27,238.2,-0.16343408900083956,-0.022131710668367804,709.95,-0.719318261849426,"3 month(s) absent then trading again — suspension, not exit"
INE830C01026,EMAMIPAP,EXIT_AMBIGUOUS,2019-05-31,2026-06-30,86,0,87.22,100.28,-0.1302353410450738,-0.0019453026662089679,184.45,-0.527134724857685,
INE753K01015,EMMBI,EXIT_AMBIGUOUS,2018-01-31,2026-06-30,102,0,97.55,109.58,-0.10978280708158425,0.008268733850129169,192.1,-0.49219156689224364,
INE295A01018,EVERESTIND,EXIT_AMBIGUOUS,2018-01-31,2026-06-30,95,7,512.85,,,-0.015359508495728137,1375.8,-0.6272350632359355,"7 month(s) absent then trading again — suspension, not exit"
INE0DNW01011,FAIRCHEMOR,EXIT_AMBIGUOUS,2021-01-29,2026-06-30,66,0,670.25,1003.45,-0.33205441227764215,-0.07353652636671511,2061.35,-0.6748490067188978,
INE593W01028,FOCUS,EXIT_AMBIGUOUS,2023-10-31,2026-06-30,26,7,89.63,,,0.21203515889114255,194.65,-0.5395324942203956,"7 month(s) absent then trading again — suspension, not exit"
INE388A01029,GANESHBE,EXIT_AMBIGUOUS,2021-09-30,2026-06-30,58,0,103.25,98.92,0.043772745653052954,0.2698315090394785,199.25,-0.48180677540777916,
INE691Z01023,GANGAFORGE,EXIT_AFTER_COLLAPSE,2021-09-30,2026-06-30,43,15,2.45,3.91,-0.3734015345268542,-0.3194444444444444,20.95,-0.883054892601432,"15 month(s) absent then trading again — suspension, not exit"
INE916G01016,GEECEE,EXIT_FLAT_OR_UP,2018-01-31,2026-06-30,102,0,345.65,387.9,-0.10891982469708689,0.08917598865605783,437.5,-0.20994285714285718,
INE424C01010,GINNIFILA,EXIT_FLAT_OR_UP,2018-01-31,2026-06-30,90,12,50.13,,,0.20970077220077232,53.55,-0.06386554621848729,"12 month(s) absent then trading again — suspension, not exit"
INE805A01014,GOLDTECH,EXIT_AMBIGUOUS,2018-02-28,2026-06-30,76,25,55.01,73.68,-0.2533930510314876,0.08415451320457225,141.25,-0.6105486725663718,"25 month(s) absent then trading again — suspension, not exit"
INE361K01017,GRADIENTE,EXIT_AMBIGUOUS,2026-05-29,2026-06-30,2,0,2.76,,,,3.75,-0.26400000000000007,
INE0JUI01012,HEXAGON,EXIT_UNKNOWN_PATH,2026-06-30,2026-06-30,1,0,63.41,,,,63.41,0.0,only one observation; path unknown
INE510W01014,INOXGREEN,EXIT_AMBIGUOUS,2022-11-30,2026-06-30,38,6,198.6,,,-0.05585928214879962,266.53,-0.2548681199114546,"6 month(s) absent then trading again — suspension, not exit"
INE155E01016,INVPRECQ,EXIT_FLAT_OR_UP,2026-04-30,2026-06-30,3,0,847.45,,,,847.45,0.0,
INE043C01018,IVP,EXIT_AMBIGUOUS,2018-01-31,2026-06-30,84,18,158.63,191.98,-0.17371601208459211,0.09672289823008856,240.18,-0.33953701390623703,"18 month(s) absent then trading again — suspension, not exit"
INE572A01036,JBCHEPHARM,EXIT_FLAT_OR_UP,2023-09-29,2026-06-30,34,0,2295.9,1679.3,0.3671767998570834,0.26169148760784744,2295.9,0.0,
INE682M01012,JLHL,INSTRUMENT_CHANGED,2023-09-29,2026-06-30,34,0,1420.9,1497.3,-0.05102517865491209,0.019735897803932825,1629.1,-0.1278006261125774,"issuer still trades under a different ISIN — face-value change, split or rename, not an exit"
INE234I01028,KAUSHALYA,EXIT_FLAT_OR_UP,2024-03-28,2026-06-30,22,6,883.0,899.4,-0.018234378474538557,0.029257489217857587,1169.45,-0.24494420454059604,"6 month(s) absent then trading again — suspension, not exit"
INE729D01010,KILITCH,EXIT_AMBIGUOUS,2018-01-31,2026-06-30,80,22,194.73,,,-0.4439463163906339,435.25,-0.5526019529006319,"22 month(s) absent then trading again — suspension, not exit"
INE506W01012,KRISHANA,INSTRUMENT_CHANGED,2019-09-30,2026-06-30,68,14,688.0,499.05,0.37861937681595026,0.29274708756106715,688.0,0.0,"14 month(s) absent then trading again — suspension, not exit; 1 split/bonus adjustment(s) applied (0.504); issuer still trades under a different ISIN — face-value change, split or rename, not an exit"
INE933A01014,LYKALABS,EXIT_AMBIGUOUS,2018-01-31,2026-06-30,92,10,73.95,114.9,-0.3563968668407311,-0.025563315324812198,222.3,-0.6673414304993253,"10 month(s) absent then trading again — suspension, not exit"
INE885E01042,MAZDA,EXIT_FLAT_OR_UP,2025-05-30,2026-06-30,14,0,233.48,239.5,-0.025135699373695242,0.053372434017595234,292.89,-0.20284065690190856,
INE900L01010,MBAPL,INSTRUMENT_CHANGED,2019-08-30,2026-06-30,57,26,562.0,416.55,0.3491777697755371,0.33206921071343926,628.55,-0.105878609498051,"26 month(s) absent then trading again — suspension, not exit; issuer still trades under a different ISIN — face-value change, split or rename, not an exit"
INE287C01037,MICEL,EXIT_AMBIGUOUS,2022-03-31,2026-06-30,32,20,40.15,53.83,-0.2541333828720045,-0.08604598224447987,92.53,-0.5660866745920242,"20 month(s) absent then trading again — suspension, not exit"
INE0JYY01011,MWL,INSTRUMENT_CHANGED,2025-09-30,2026-06-30,10,0,375.75,,,0.3574783236994219,378.55,-0.007396645093118508,"issuer still trades under a different ISIN — face-value change, split or rename, not an exit"
INE117Z01011,NARMADA,INSTRUMENT_CHANGED,2022-10-31,2026-06-30,31,14,40.09,17.91,1.2384142936906757,,40.09,0.0,"14 month(s) absent then trading again — suspension, not exit; issuer still trades under a different ISIN — face-value change, split or rename, not an exit"
INE553C01016,NECCLTD,EXIT_AMBIGUOUS,2018-01-31,2026-06-30,95,7,17.18,24.6,-0.30162601626016267,-0.05030403537866225,35.36,-0.5141402714932126,"7 month(s) absent then trading again — suspension, not exit"
INE1BZC01019,OMFREIGHT,EXIT_FLAT_OR_UP,2025-10-31,2026-06-30,9,0,95.28,,,-0.0016764459346185728,95.44,-0.0016764459346185728,
INE809I01019,ONMOBILE,EXIT_AMBIGUOUS,2018-01-31,2026-06-30,102,0,61.45,54.5,0.12752293577981658,0.07637064284463127,164.15,-0.6256472738349071,
INE609C01024,ORIENTLTD,EXIT_AFTER_COLLAPSE,2018-02-28,2026-06-30,93,8,68.67,93.61,-0.2664245272940925,-0.10899182561307892,380.95,-0.8197401233757711,"8 month(s) absent then trading again — suspension, not exit"
INE895W01019,PANACHE,EXIT_FLAT_OR_UP,2020-01-31,2026-06-30,42,36,432.25,,,,432.25,0.0,"36 month(s) absent then trading again — suspension, not exit"
INE746D01014,PIONRINV,EXIT_AMBIGUOUS,2026-04-30,2026-06-30,3,0,89.48,,,,131.3,-0.31850723533891856,
INE063E01053,POCL,INSTRUMENT_CHANGED,2024-10-31,2026-06-30,21,0,1374.9,871.0,0.5785304247990816,-0.05446668042087877,1454.1,-0.05446668042087877,"issuer still trades under a different ISIN — face-value change, split or rename, not an exit"
INE095I01015,PPAP,EXIT_AMBIGUOUS,2018-01-31,2026-06-30,96,6,236.7,,,0.11262574034032141,582.6,-0.5937178166838312,"6 month(s) absent then trading again — suspension, not exit"
INE050001010,PPL,EXIT_AMBIGUOUS,2019-08-30,2026-06-30,83,0,323.58,400.45,-0.19195904607316772,0.33970935287541915,622.8,-0.4804431599229287,
INE770A01010,PRADPME,EXIT_FLAT_OR_UP,2026-04-30,2026-06-30,3,0,553.7,,,,553.7,0.0,
INE535F01024,RAJOOENG,EXIT_AMBIGUOUS,2025-05-30,2026-06-30,14,0,52.61,109.18,-0.518135189595164,-0.18065721850179092,131.76,-0.6007134183363692,
INE219Y01026,RMDRIP,EXIT_AFTER_COLLAPSE,2025-09-30,2026-06-30,10,0,20.42,,,-0.7549501980079203,105.33,-0.8061331054780214,
INE037B01020,SHARDUL,EXIT_FLAT_OR_UP,2026-04-30,2026-06-30,3,0,27.57,,,,28.25,-0.024070796460176982,
INE979R01011,SHYAMCENT,EXIT_AFTER_COLLAPSE,2018-02-28,2026-06-30,81,20,5.94,,,,29.75,-0.8003361344537815,"20 month(s) absent then trading again — suspension, not exit"
INE645H01027,SUTLEJTEX,EXIT_AMBIGUOUS,2018-01-31,2026-06-30,98,4,38.26,,,0.18893722809198255,98.05,-0.6097909229984702,"4 month(s) absent then trading again — suspension, not exit"
INE864J01012,TAMBOLIIN,EXIT_FLAT_OR_UP,2026-04-30,2026-06-30,3,0,222.43,,,,222.43,0.0,
INE388G01026,TICL,EXIT_AFTER_COLLAPSE,2023-10-31,2026-06-30,17,16,14.6,,,,51.56,-0.7168347556245152,"16 month(s) absent then trading again — suspension, not exit"
INE319Y01024,TIRUPATIFL,EXIT_FLAT_OR_UP,2022-01-31,2026-06-30,27,27,64.07,,,0.8877430760164996,64.07,0.0,"27 month(s) absent then trading again — suspension, not exit"
INE256C01024,TRIVENI,EXIT_FLAT_OR_UP,2018-01-31,2026-06-30,102,0,422.55,379.45,0.11358545262880491,0.08262874711760185,476.85,-0.11387228688266753,
INE562X01013,UNIVASTU,EXIT_AMBIGUOUS,2020-06-30,2026-06-30,63,10,91.88,249.92,-0.6323623559539052,0.3315942028985507,286.45,-0.6792459417001222,"10 month(s) absent then trading again — suspension, not exit"
INE568Z01015,URAVIDEF,EXIT_AFTER_COLLAPSE,2023-07-31,2026-06-30,24,12,118.32,,,-0.3694980283491421,585.85,-0.7980370401980029,"12 month(s) absent then trading again — suspension, not exit"
INE116G01013,VARDHACRLC,EXIT_AMBIGUOUS,2018-01-31,2026-06-30,102,0,43.68,48.71,-0.10326421679326629,0.08764940239043834,66.95,-0.3475728155339806,
INE232E01013,VELJAN,EXIT_FLAT_OR_UP,2026-04-30,2026-06-30,3,0,1431.6,,,,1431.6,0.0,
INE946H01037,VIPULLTD,EXIT_AFTER_COLLAPSE,2018-01-31,2026-06-30,73,29,14.28,,,0.14514835605453077,73.6,-0.8059782608695651,"29 month(s) absent then trading again — suspension, not exit"
INE144J01027,20MICRONS,ACTIVE,2018-01-31,2026-07-31,95,8,192.46,234.47,-0.1791700430758732,0.09801460520310365,316.5,-0.391911532385466,"8 month(s) absent then trading again — suspension, not exit"
INE253B01015,21STCENMGM,ACTIVE,2018-04-30,2026-07-31,84,16,40.17,58.98,-0.3189216683621566,0.057105263157894784,73.42,-0.45287387632797604,"16 month(s) absent then trading again — suspension, not exit"
INE466L01038,360ONE,ACTIVE,2023-03-31,2026-07-31,41,0,1135.3,1052.7,0.07846489978151411,0.0008816009873931059,1254.8,-0.09523430028689832,
INE994E01018,3BBLACKBIO,ACTIVE,2026-04-30,2026-07-31,4,0,1247.1,,,,1247.1,0.0,
INE748C01038,3IINFOLTD,ACTIVE,2021-11-30,2026-07-31,57,0,23.21,24.06,-0.035328345802161175,0.5504342017368069,97.95,-0.7630423685553854,
INE470A01017,3MINDIA,ACTIVE,2018-01-31,2026-07-31,103,0,34615.0,30755.0,0.1255080474719558,0.006542599592904914,39285.8,-0.1188928315065495,
INE105C01023,3PLAND,ACTIVE,2018-01-31,2026-07-31,72,31,31.7,47.34,-0.3303760033798057,-0.1037602487984167,61.81,-0.48713800355929465,"31 month(s) absent then trading again — suspension, not exit"
INE618L01018,5PAISA,ACTIVE,2018-01-31,2026-07-31,98,5,348.6,385.25,-0.09513303049967547,0.0057703404500865545,601.7,-0.42064151570550107,"5 month(s) absent then trading again — suspension, not exit"
INE111B01023,63MOONS,ACTIVE,2018-01-31,2026-07-31,88,15,931.4,1010.8,-0.0785516422635536,0.4362374710871241,1010.8,-0.0785516422635536,"15 month(s) absent then trading again — suspension, not exit"
INE619I01012,A2ZINFRA,ACTIVE,2018-01-31,2026-07-31,71,32,15.55,,,0.10049539985845718,37.95,-0.5902503293807642,"32 month(s) absent then trading again — suspension, not exit"
INE0D0U01013,AAATECH,ACTIVE,2022-11-30,2026-07-31,36,9,89.38,85.74,0.04245393048752042,,132.95,-0.32771718691237306,"9 month(s) absent then trading again — suspension, not exit"
INE883F01010,AADHARHFC,ACTIVE,2024-05-31,2026-07-31,27,0,496.7,507.05,-0.020412188147125573,0.01099124771015668,515.6,-0.036656322730799135,
INE087Z01024,AAKASH,ACTIVE,2022-03-31,2026-07-31,36,17,8.95,,,0.145966709346991,29.55,-0.6971235194585449,"17 month(s) absent then trading again — suspension, not exit"
INE750R01016,AARNAV,ACTIVE,2026-02-27,2026-07-31,6,0,31.36,,,,31.36,0.0,
INE721Z01010,AARON,ACTIVE,2020-11-27,2026-07-31,61,8,135.81,448.0,-0.6968526785714285,-0.11101656084309751,448.0,-0.6968526785714285,"8 month(s) absent then trading again — suspension, not exit"
INE767A01016,AARTIDRUGS,ACTIVE,2018-01-31,2026-07-31,103,0,422.75,506.75,-0.16576221016280218,0.10943445742028601,2712.15,-0.8441273528381542,
INE769A01020,AARTIIND,ACTIVE,2018-01-31,2026-07-31,103,0,489.1,420.05,0.16438519223901918,0.3149616883989785,1677.4,-0.7084177894360321,1 split/bonus adjustment(s) applied (0.503)
INE0LRU01027,AARTIPHARM,ACTIVE,2023-02-28,2026-07-31,42,0,667.15,911.2,-0.2678336259877086,-0.11424588422729695,911.2,-0.2678336259877086,
INE09EO01013,AARTISURF,ACTIVE,2020-11-27,2026-07-31,63,6,400.85,,,-0.028242424242424187,1486.65,-0.7303669323647127,"6 month(s) absent then trading again — suspension, not exit"
INE754X01016,AARVI,ACTIVE,2020-06-30,2026-07-31,74,0,156.7,104.05,0.506006727534839,0.21964508094645083,184.2,-0.1492942453854506,
INE2FMX01012,AASTHA,ACTIVE,2026-07-31,2026-07-31,1,0,76.25,,,,76.25,0.0,
INE216P01012,AAVAS,ACTIVE,2018-10-31,2026-07-31,94,0,1359.8,1724.4,-0.21143586174901421,-0.06945870115650449,2874.1,-0.5268779791934867,
INE117A01022,ABB,ACTIVE,2018-01-31,2026-07-31,102,1,7284.5,5510.0,0.3220508166969147,0.30581697588957607,8490.9,-0.14208152257122328,"1 month(s) absent then trading again — suspension, not exit"
INE358A01014,ABBOTINDIA,ACTIVE,2018-01-31,2026-07-31,103,0,27800.0,34405.0,-0.19197791018747276,0.00852530382731725,35670.0,-0.22063358564620128,
INE674K01013,ABCAPITAL,ACTIVE,2018-01-31,2026-07-31,103,0,404.3,256.65,0.575297097214105,0.1898175397292525,404.3,0.0,
INE08PH01015,ABCOTS,ACTIVE,2025-09-30,2026-07-31,11,0,198.85,,,-0.5287356321839081,431.8,-0.5394858730893932,
INE552Z01027,ABDL,ACTIVE,2024-07-31,2026-07-31,25,0,619.5,515.05,0.20279584506358617,0.2742980561555076,667.9,-0.07246593801467283,
INE647O01011,ABFRL,ACTIVE,2018-01-31,2026-07-31,103,0,60.24,72.87,-0.17332235487855085,-0.0929076946243035,353.9,-0.8297824244136761,
INE00YB01025,ABINFRA,ACTIVE,2025-10-31,2026-07-31,10,0,10.05,,,-0.48302469135802467,19.44,-0.48302469135802467,
INE14LE01019,ABLBL,ACTIVE,2025-07-31,2026-07-31,13,0,94.67,143.5,-0.3402787456445993,-0.09863848424259734,143.5,-0.3402787456445993,
INE251C01025,ABMINTLLTD,ACTIVE,2021-09-30,2026-07-31,25,34,43.71,,,0.2428205857264714,119.5,-0.634225941422594,"34 month(s) absent then trading again — suspension, not exit"
INE850B01026,ABMKNO,ACTIVE,2026-04-30,2026-07-31,4,0,190.05,,,,227.95,-0.16626453169554717,
INE055A01016,ABREL,ACTIVE,2018-01-31,2026-07-31,103,0,1418.1,1884.7,-0.24757255796678523,0.11978837650031571,2850.05,-0.5024297819336504,
INE404A01024,ABSLAMC,ACTIVE,2021-10-29,2026-07-31,58,0,1011.8,858.2,0.17897925891400596,0.3322799394298504,1154.7,-0.12375508790161954,
INE012A01025,ACC,ACTIVE,2018-01-31,2026-07-31,103,0,1357.4,1788.4,-0.24099753970029075,-0.170749587635164,2629.3,-0.48374091963640514,
INE793A01012,ACCELYA,ACTIVE,2018-01-31,2026-07-31,103,0,1142.6,1385.7,-0.17543479829688974,-0.11378267276816881,1872.3,-0.38973455108689853,
INE731H01025,ACE,ACTIVE,2018-01-31,2026-07-31,103,0,1070.3,1132.5,-0.05492273730684331,0.2599175985874043,1518.8,-0.295298920200158,
INE543V01017,ACEINTEG,ACTIVE,2022-11-30,2026-07-31,37,8,19.04,24.51,-0.22317421460628323,-0.0047046523784631394,55.4,-0.6563176895306859,"8 month(s) absent then trading again — suspension, not exit"
INE128X01021,ACI,ACTIVE,2022-11-30,2026-07-31,45,0,525.65,664.8,-0.20931107099879662,-0.07137178694461617,771.65,-0.3187973822328776,
INE666E01020,ACL,ACTIVE,2023-05-31,2026-07-31,34,5,47.63,68.2,-0.3016129032258064,-0.16701643931444557,137.05,-0.6524626048887268,"5 month(s) absent then trading again — suspension, not exit"
INE622W01025,ACMESOLAR,ACTIVE,2024-11-29,2026-07-31,21,0,362.6,278.25,0.3031446540880504,0.6059881300380903,380.55,-0.04716857180396791,
INE366C01021,ACSTECH,ACTIVE,2026-04-30,2026-07-31,4,0,39.97,,,,43.71,-0.08556394417753378,
INE00FF01025,ACUTAAS,ACTIVE,2025-04-30,2026-07-31,16,0,3104.9,1327.4,1.3390839234593943,0.6234771241830066,3526.2,-0.11947705745561787,
INE931S01010,ADANIENSOL,ACTIVE,2018-01-31,2026-07-31,95,8,1645.4,808.4,1.0353785254824346,0.8388466696468486,3960.7,-0.584568384376499,"8 month(s) absent then trading again — suspension, not exit"
INE423A01024,ADANIENT,ACTIVE,2018-01-31,2026-07-31,103,0,3009.5,2430.7,0.2381207059694739,0.4895565234607008,3917.9,-0.23185890400469641,
INE364U01010,ADANIGREEN,ACTIVE,2018-07-31,2026-07-31,94,3,1383.0,984.7,0.40448867675434136,0.6226680746216122,2882.8,-0.5202580824198696,"3 month(s) absent then trading again — suspension, not exit"
INE742F01042,ADANIPORTS,ACTIVE,2018-01-31,2026-07-31,103,0,1696.5,1373.1,0.23552545335372524,0.19488660374700667,1810.2,-0.0628107391448459,
INE814H01029,ADANIPOWER,ACTIVE,2025-09-30,2026-07-31,11,0,211.31,,,0.5608657113310682,243.37,-0.1317335743928997,
INE982B01027,ADFFOODS,ACTIVE,2023-09-29,2026-07-31,35,0,270.95,245.6,0.10321661237785014,0.5402762776419759,332.65,-0.18548023448068537,
INE0CHO01012,ADL,ACTIVE,2024-03-28,2026-07-31,23,6,71.33,,,-0.0360810810810811,101.96,-0.3004119262455865,"6 month(s) absent then trading again — suspension, not exit"
INE045A01017,ADOR,ACTIVE,2018-01-31,2026-07-31,103,0,1444.7,999.2,0.4458566853482786,0.3839448223009866,1602.6,-0.09852739298639702,
INE737B01033,ADROITINFO,ACTIVE,2018-01-31,2026-07-31,59,44,10.01,10.82,-0.07486136783733831,0.08216216216216214,40.75,-0.7543558282208589,"44 month(s) absent then trading again — suspension, not exit"
INE102I01027,ADSL,ACTIVE,2018-02-28,2026-07-31,99,3,114.64,158.62,-0.27726642289749087,-0.0818516738747397,274.95,-0.5830514639025277,"3 month(s) absent then trading again — suspension, not exit"
INE0ALI01010,ADVAIT,ACTIVE,2026-01-30,2026-07-31,7,0,2310.6,,,0.5359968091471116,2310.6,0.0,
INE1B0W01010,ADVANCE,ACTIVE,2025-10-31,2026-07-31,10,0,125.01,,,-0.06141602222389063,135.69,-0.07870882157859822,
INE199C01026,ADVANIHOTR,ACTIVE,2018-01-31,2026-07-31,101,2,51.06,59.8,-0.14615384615384608,-0.09883515707730312,166.95,-0.6941599281221923,"2 month(s) absent then trading again — suspension, not exit"
INE28GN01010,ADVENTHTL,ACTIVE,2025-11-28,2026-07-31,9,0,147.67,,,-0.2605778378649042,235.45,-0.3728180080696539,
INE837H01020,ADVENZYMES,ACTIVE,2018-01-31,2026-07-31,103,0,315.1,350.7,-0.1015112631879098,0.06165768194070084,502.9,-0.3734340823225293,
INE208C01025,AEGISLOG,ACTIVE,2018-01-31,2026-07-31,103,0,1280.8,719.7,0.7796304015562038,0.7533196440793977,1280.8,0.0,
INE0INX01018,AEGISVOPAK,ACTIVE,2025-06-30,2026-07-31,14,0,290.16,239.76,0.21021021021021036,0.2793086724571228,290.16,0.0,
INE757T01025,AEPL,ACTIVE,2026-03-30,2026-07-31,4,1,14.38,,,,16.91,-0.1496156120638675,"1 month(s) absent then trading again — suspension, not exit"
INE947N01017,AEQUS,ACTIVE,2025-12-31,2026-07-31,8,0,229.16,,,0.6927167971635397,234.65,-0.0233965480502877,
INE065D01027,AEROENTER,ACTIVE,2022-11-30,2026-07-31,45,0,119.43,102.38,0.16653643289705033,0.4964290189199349,141.25,-0.15447787610619465,
INE024001021,AEROFLEX,ACTIVE,2023-08-31,2026-07-31,36,0,435.45,189.03,1.3036026027614664,1.4438769783365135,471.6,-0.0766539440203563,
INE035801013,AERONEU,ACTIVE,2023-01-31,2026-07-31,37,6,86.0,,,0.24981834035750614,127.0,-0.3228346456692913,"6 month(s) absent then trading again — suspension, not exit"
INE05TO01019,AEROPLANE,ACTIVE,2026-04-30,2026-07-31,4,0,200.34,,,,200.34,0.0,
INE0BWX01014,AETHER,ACTIVE,2022-06-30,2026-07-31,50,0,1539.6,766.95,1.0074320359867004,0.5365269461077843,1539.6,0.0,
INE101I01011,AFCONS,ACTIVE,2024-11-29,2026-07-31,21,0,271.15,399.25,-0.32085159674389485,-0.1822979493365502,545.3,-0.5027507793874931,
INE00WC01027,AFFLE,ACTIVE,2021-10-29,2026-07-31,58,0,1586.0,1958.0,-0.18998978549540346,0.025077559462254366,1998.3,-0.20632537657008457,
INE916Y01027,AFIL,ACTIVE,2025-04-30,2026-07-31,12,4,9.3,7.0,0.3285714285714287,0.8979591836734694,9.3,0.0,"4 month(s) absent then trading again — suspension, not exit"
INE00ZE01026,AFSL,ACTIVE,2022-12-30,2026-07-31,40,4,201.04,220.39,-0.08779890194654928,0.00019900497512433853,568.8,-0.6465541490857947,"4 month(s) absent then trading again — suspension, not exit"
INE204E01012,AGARIND,ACTIVE,2018-05-31,2026-07-31,97,2,499.8,984.85,-0.4925115499822308,-0.3151079136690647,1284.65,-0.6109446152648582,"2 month(s) absent then trading again — suspension, not exit"
INE943P01029,AGARWALEYE,ACTIVE,2025-02-28,2026-07-31,18,0,478.0,456.85,0.04629528291561776,0.10456383593298671,533.75,-0.10444964871194379,
INE415A01038,AGI,ACTIVE,2018-01-31,2026-07-31,102,1,709.25,962.8,-0.26334648940589944,0.13489079126330097,1120.55,-0.36705189415911826,"1 month(s) absent then trading again — suspension, not exit"
INE976R01033,AGIIL,ACTIVE,2025-10-31,2026-07-31,10,0,312.1,,,0.2172386895475821,395.55,-0.210972064214385,
INE1YPB01014,AGL,ACTIVE,2026-07-31,2026-07-31,1,0,12.23,,,,12.23,0.0,
INE740V01019,AGROPHOS,ACTIVE,2019-03-29,2026-07-31,81,8,29.25,44.17,-0.33778582748471814,-0.20038272279934385,133.25,-0.7804878048780488,"8 month(s) absent then trading again — suspension, not exit"
INE0Y8W01025,AHCL,ACTIVE,2026-04-30,2026-07-31,4,0,14.61,,,,15.99,-0.0863039399624766,
INE00PV01013,AHLADA,ACTIVE,2021-01-29,2026-07-31,60,7,36.96,62.97,-0.41305383515959976,-0.26927639383155394,215.8,-0.8287303058387395,"7 month(s) absent then trading again — suspension, not exit"
INE926K01017,AHLEAST,ACTIVE,2018-01-31,2026-07-31,97,6,145.1,159.88,-0.09244433324993746,0.07601038190582128,352.4,-0.5882519863791146,"6 month(s) absent then trading again — suspension, not exit"
INE758C01029,AHLUCONT,ACTIVE,2018-01-31,2026-07-31,103,0,821.4,1022.7,-0.1968319155177472,-0.049250535331905855,1414.6,-0.4193411565106744,
INE212H01026,AIAENG,ACTIVE,2018-01-31,2026-07-31,103,0,4591.0,3132.6,0.465555768371321,0.15091501629481072,5081.4,-0.09650883614751833,
INE206F01022,AIIL,ACTIVE,2024-04-30,2026-07-31,28,0,539.3,2776.2,-0.8057416612635977,0.06749802058590651,3232.9,-0.8331838287605556,
INE645W01026,AIRAN,ACTIVE,2019-05-31,2026-07-31,72,15,15.13,27.1,-0.44169741697416975,0.01748486886348363,33.03,-0.5419315773539206,"15 month(s) absent then trading again — suspension, not exit"
INE801L01010,AIROLAM,ACTIVE,2021-10-29,2026-07-31,55,3,86.03,107.98,-0.20327838488609004,-0.07365134058361153,175.85,-0.5107762297412567,"3 month(s) absent then trading again — suspension, not exit"
INE031B01049,AJANTPHARM,ACTIVE,2018-01-31,2026-07-31,103,0,3465.2,2751.4,0.25943156211383284,0.24562349473381492,3465.2,0.0,
INE274Y01021,AJAXENGG,ACTIVE,2025-02-28,2026-07-31,18,0,580.15,695.75,-0.16615163492633853,0.11846925004819728,719.3,-0.1934519671903239,
INE298G01035,AJMERA,ACTIVE,2026-01-30,2026-07-31,7,0,126.34,,,-0.1655217965653897,151.4,-0.1655217965653897,
INE820Y01021,AJOONI,ACTIVE,2022-10-31,2026-07-31,37,9,4.0,5.43,-0.2633517495395948,0.028277634961439556,8.95,-0.5530726256983239,"9 month(s) absent then trading again — suspension, not exit"
INE737W01013,AKASH,ACTIVE,2019-10-31,2026-07-31,62,20,26.69,27.21,-0.019110621095185576,0.08495934959349592,234.0,-0.885940170940171,"20 month(s) absent then trading again — suspension, not exit"
INE701G01012,AKCAPIT,ACTIVE,2026-04-30,2026-07-31,4,0,1693.3,,,,1774.1,-0.04554421960430639,
INE00Y801016,AKG,ACTIVE,2021-02-26,2026-07-31,60,6,9.86,12.91,-0.2362509682416732,-0.2792397660818714,91.5,-0.8922404371584699,"6 month(s) absent then trading again — suspension, not exit"
INE642Z01026,AKI,ACTIVE,2024-04-30,2026-07-31,19,9,4.14,,,-0.315702479338843,25.11,-0.8351254480286738,"9 month(s) absent then trading again — suspension, not exit"
INE256Z01025,AKSHAR,ACTIVE,2023-10-31,2026-07-31,15,19,0.39,,,-0.18749999999999994,7.2,-0.9458333333333334,"19 month(s) absent then trading again — suspension, not exit"
INE09XN01023,AKUMS,ACTIVE,2024-08-30,2026-07-31,24,0,658.35,519.25,0.26788637457871933,0.49778182231828005,864.05,-0.23806492679821764,
INE914E01040,ALANKIT,ACTIVE,2018-01-31,2026-07-31,98,5,7.78,15.12,-0.4854497354497354,-0.16523605150214593,63.15,-0.8768012668250198,"5 month(s) absent then trading again — suspension, not exit"
INE155C01010,ALBERTDAVD,ACTIVE,2018-05-31,2026-07-31,96,3,689.3,891.05,-0.22641827057965322,0.002764038405586234,1625.5,-0.5759458628114427,"3 month(s) absent then trading again — suspension, not exit"
INE426A01027,ALEMBICLTD,ACTIVE,2018-01-31,2026-07-31,102,1,91.13,112.12,-0.1872101320014271,-0.01936941784138611,158.36,-0.4245390250063148,"1 month(s) absent then trading again — suspension, not exit"
INE598D01035,ALGOQUANT,ACTIVE,2026-01-30,2026-07-31,7,0,68.41,,,0.12757540794461833,68.41,0.0,
INE062D01024,ALICON,ACTIVE,2018-01-31,2026-07-31,103,0,672.35,912.3,-0.26301655157294745,-0.010740822482159868,1423.25,-0.5275952924644299,
INE03Q201024,ALIVUS,ACTIVE,2021-08-31,2026-07-31,60,0,1160.0,1031.1,0.12501212297546319,0.20701316268664488,1200.25,-0.03353468027494272,
INE540L01014,ALKEM,ACTIVE,2018-01-31,2026-07-31,103,0,5751.5,5031.1,0.1431893621673192,0.013033905768383971,6170.35,-0.06788107643812755,
INE150B01039,ALKYLAMINE,ACTIVE,2021-05-31,2026-07-31,63,0,1785.6,2348.2,-0.2395877693552508,0.13689036037183244,4386.45,-0.5929282221386315,
INE418H01029,ALLCARGO,ACTIVE,2018-01-31,2026-07-31,102,1,8.03,34.97,-0.7703746068058336,-0.22714148219441782,444.6,-0.9819388214125057,"1 month(s) absent then trading again — suspension, not exit"
INE835G01018,ALLDIGI,ACTIVE,2018-01-31,2026-07-31,101,2,812.7,995.25,-0.18342125094197434,-0.0947368421052631,1154.05,-0.29578441142064893,"2 month(s) absent then trading again — suspension, not exit"
INE0GV601021,ALLTIME,ACTIVE,2025-08-29,2026-07-31,12,0,221.01,,,-0.026602070028628143,302.75,-0.2699917423616846,
INE326B01035,ALMONDZ,ACTIVE,2024-07-31,2026-07-31,19,6,14.76,21.37,-0.30931211979410395,0.010266940451745405,35.5,-0.5842253521126761,"6 month(s) absent then trading again — suspension, not exit"
INE270A01029,ALOKINDS,ACTIVE,2020-03-31,2026-07-31,64,13,11.92,19.0,-0.3726315789473684,-0.2105960264900662,50.6,-0.7644268774703558,"13 month(s) absent then trading again — suspension, not exit"
INE385I01010,ALPA,ACTIVE,2018-01-31,2026-07-31,94,9,66.84,101.01,-0.3382833382833383,-0.01907836806574695,139.2,-0.5198275862068965,"9 month(s) absent then trading again — suspension, not exit"
INE137C01018,ALPHAGEO,ACTIVE,2018-01-31,2026-07-31,95,8,220.13,260.5,-0.15497120921305185,0.03129538533614433,908.45,-0.757686168748968,"8 month(s) absent then trading again — suspension, not exit"
INE121R01077,AMAGI,ACTIVE,2026-01-30,2026-07-31,7,0,650.7,,,0.7744750477229344,650.7,0.0,
INE432A01017,AMBALALSA,ACTIVE,2026-04-30,2026-07-31,4,0,34.84,,,,35.29,-0.012751487673561795,
INE371P01015,AMBER,ACTIVE,2018-01-31,2026-07-31,103,0,7440.5,7963.5,-0.06567464054749796,0.30169699090272917,8089.0,-0.08017060205216961,
INE792B01012,AMBICAAGAR,ACTIVE,2021-04-30,2026-07-31,54,10,25.0,27.0,-0.07407407407407407,0.05842506350550376,36.0,-0.3055555555555556,"10 month(s) absent then trading again — suspension, not exit"
INE540G01014,AMBIKCO,ACTIVE,2018-01-31,2026-07-31,103,0,1711.8,1558.2,0.09857527916827102,0.3289340889682479,2512.5,-0.31868656716417915,
INE079A01024,AMBUJACEM,ACTIVE,2018-01-31,2026-07-31,103,0,432.2,592.7,-0.27079466846634054,-0.15279819660884053,679.95,-0.3643650268402089,
INE005I01014,AMDIND,ACTIVE,2018-01-31,2026-07-31,91,12,46.43,50.64,-0.08313586097946289,0.05739011614666371,83.9,-0.44660309892729444,"12 month(s) absent then trading again — suspension, not exit"
INE606A01024,AMJLAND,ACTIVE,2018-01-31,2026-07-31,100,3,39.34,60.21,-0.3466201627636605,-0.06266380748153433,66.7,-0.4101949025487256,"3 month(s) absent then trading again — suspension, not exit"
INE275D01022,AMNPLST,ACTIVE,2023-11-30,2026-07-31,33,0,198.81,226.23,-0.12120408433894704,0.1667938259287518,330.0,-0.39754545454545454,
INE098F01031,AMRUTANJAN,ACTIVE,2018-04-30,2026-07-31,100,0,515.0,660.2,-0.21993335352923363,-0.11777301927194861,936.5,-0.45008008542445277,
INE463V01026,ANANDRATHI,ACTIVE,2021-12-31,2026-07-31,56,0,2073.7,2645.6,-0.21617024493498643,-0.28131281624731413,4195.4,-0.505720551079754,
INE242C01024,ANANTRAJ,ACTIVE,2018-01-31,2026-07-31,99,4,624.5,564.6,0.10609280906836695,0.23835018837993255,855.35,-0.2698895189103876,"4 month(s) absent then trading again — suspension, not exit"
INE435A01051,ANDHRAPAP,ACTIVE,2024-09-30,2026-07-31,23,0,61.03,77.0,-0.2074025974025974,-0.059775073178246735,105.8,-0.42315689981096405,
INE715B01021,ANDHRSUGAR,ACTIVE,2021-12-31,2026-07-31,56,0,82.13,77.75,0.056334405144694476,0.17211360068502932,161.9,-0.4927115503397159,
INE732I01021,ANGELONE,ACTIVE,2026-02-27,2026-07-31,6,0,297.95,,,,337.3,-0.11666172546694344,
INE087B01017,ANIKINDS,ACTIVE,2018-01-31,2026-07-31,76,27,41.33,97.45,-0.5758850692662905,-0.14306448268712418,122.02,-0.6612850352401246,"27 month(s) absent then trading again — suspension, not exit"
INE02AR01019,ANMOL,ACTIVE,2021-06-30,2026-07-31,55,7,10.12,15.39,-0.3424301494476934,-0.15806988352745427,246.85,-0.9590034433866721,"7 month(s) absent then trading again — suspension, not exit"
INE818A01017,ANTELOPUS,ACTIVE,2018-02-28,2026-07-31,102,0,821.5,598.35,0.37294225787582513,0.49160236041761235,979.3,-0.16113550495251708,
INE414B01021,ANTGRAPHIC,ACTIVE,2022-08-30,2026-07-31,36,12,0.75,1.24,-0.3951612903225806,-0.15730337078651688,2.34,-0.6794871794871795,"12 month(s) absent then trading again — suspension, not exit"
INE0CZ201020,ANTHEM,ACTIVE,2025-07-31,2026-07-31,13,0,809.2,759.15,0.06592899953895813,0.3502419489404307,818.05,-0.01081840963266293,
INE489G01022,ANUHPHR,ACTIVE,2024-12-31,2026-07-31,20,0,79.48,97.03,-0.18087189529011644,0.09416299559471371,226.0,-0.6483185840707963,
INE294Z01018,ANUP,ACTIVE,2019-03-29,2026-07-31,89,0,2172.9,2645.3,-0.17858087929535404,0.22679539295392956,3655.15,-0.4055237131171087,
INE930P01018,ANURAS,ACTIVE,2021-03-31,2026-07-31,65,0,1207.8,1133.4,0.06564319745897287,-0.030113225728740065,1343.8,-0.10120553653817532,
INE372A01015,APARINDS,ACTIVE,2018-01-31,2026-07-31,103,0,14348.0,8907.5,0.6107774347460005,0.7948461346009507,15695.0,-0.08582351067218859,
INE071F01012,APCL,ACTIVE,2018-01-31,2026-07-31,100,3,100.6,,,-0.2675646159446669,484.85,-0.7925131483964112,"3 month(s) absent then trading again — suspension, not exit"
INE116A01032,APCOTEXIND,ACTIVE,2019-07-31,2026-07-31,85,0,611.35,427.5,0.4300584795321638,0.6429723192690137,611.35,0.0,
INE346W01013,APEX,ACTIVE,2018-01-31,2026-07-31,103,0,371.5,242.84,0.5298138692142974,0.2722602739726027,713.9,-0.4796189942568987,
INE702C01027,APLAPOLLO,ACTIVE,2020-12-31,2026-07-31,68,0,1819.5,1601.2,0.1363352485635773,-0.11057339785892362,2234.6,-0.18576031504519822,1 split/bonus adjustment(s) applied (0.495)
INE901L01018,APLLTD,ACTIVE,2018-01-31,2026-07-31,103,0,797.05,977.9,-0.18493711013396055,0.01768386108273737,1205.5,-0.3388220655329739,
INE713T01028,APOLLO,ACTIVE,2023-05-31,2026-07-31,35,4,389.9,173.66,1.245191754002073,0.4953020134228187,424.75,-0.08204826368452035,"4 month(s) absent then trading again — suspension, not exit"
INE437A01024,APOLLOHOSP,ACTIVE,2018-01-31,2026-07-31,103,0,8957.0,7498.0,0.19458522272606027,0.2868328424682135,8957.0,0.0,
INE126J01016,APOLLOPIPE,ACTIVE,2019-11-29,2026-07-31,81,0,515.6,404.2,0.2756061355764474,0.9220876048462257,1744.75,-0.7044848832210919,
INE438A01022,APOLLOTYRE,ACTIVE,2018-01-31,2026-07-31,103,0,428.15,449.7,-0.04792083611296422,-0.1300416539672864,555.7,-0.22953032211624988,
INE451F01024,APOLSINHOT,ACTIVE,2018-10-31,2026-07-31,87,7,1200.0,1383.6,-0.13269731136166515,-0.08452853219407992,2095.6,-0.42737163580836035,"7 month(s) absent then trading again — suspension, not exit"
INE852O01025,APTUS,ACTIVE,2021-08-31,2026-07-31,60,0,261.2,327.65,-0.2028078742560659,-0.05156136528685545,374.65,-0.3028159615641265,
INE416A01051,AQYLON,ACTIVE,2026-03-30,2026-07-31,5,0,25.49,,,,64.42,-0.6043154299906862,
INE877I01016,ARCHIDPLY,ACTIVE,2018-01-31,2026-07-31,87,16,81.14,111.0,-0.269009009009009,-0.06639051892762624,134.3,-0.39583023082650787,"16 month(s) absent then trading again — suspension, not exit"
INE731A01020,ARCHIES,ACTIVE,2018-01-31,2026-07-31,80,23,13.77,,,-0.12460267005721556,43.0,-0.6797674418604651,"23 month(s) absent then trading again — suspension, not exit"
INE885A01032,ARE&M,ACTIVE,2018-01-31,2026-07-31,103,0,910.45,963.6,-0.05515774180157739,0.08464379318560886,1663.15,-0.4525749331088597,
INE610C01014,ARENTERP,ACTIVE,2018-02-28,2026-07-31,66,36,41.46,,,0.04908906882591087,59.25,-0.300253164556962,"36 month(s) absent then trading again — suspension, not exit"
INE784R01023,ARFIN,ACTIVE,2025-07-31,2026-07-31,10,3,89.77,34.24,1.6217873831775698,0.19279829922933817,94.49,-0.04995237591279499,"3 month(s) absent then trading again — suspension, not exit"
INE298I01015,ARIES,ACTIVE,2018-02-28,2026-07-31,99,3,337.45,390.75,-0.13640435060780554,0.018102277869965305,403.5,-0.1636926889714994,"3 month(s) absent then trading again — suspension, not exit"
INE413D01011,ARIHANT,ACTIVE,2018-06-29,2026-07-31,45,53,1142.75,,,,1142.75,0.0,"53 month(s) absent then trading again — suspension, not exit"
INE420B01036,ARIHANTCAP,ACTIVE,2022-04-29,2026-07-31,52,0,78.34,98.96,-0.2083670169765561,-0.025500684164697068,111.32,-0.2962630255120373,
INE643K01018,ARIHANTSUP,ACTIVE,2018-01-31,2026-07-31,92,11,261.85,420.6,-0.3774369947693771,-0.03483228897899,509.85,-0.48641757379621453,"11 month(s) absent then trading again — suspension, not exit"
INE0H9P01028,ARIS,ACTIVE,2025-06-30,2026-07-31,14,0,128.65,142.9,-0.09972008397480756,0.17231638418079107,173.29,-0.25760286225402496,
INE0QRL01017,ARKADE,ACTIVE,2024-09-30,2026-07-31,23,0,141.19,190.17,-0.2575590261345112,0.23601505734045342,194.44,-0.27386340259205927,
INE109C01017,ARMANFIN,ACTIVE,2018-02-28,2026-07-31,100,2,1941.0,1636.2,0.18628529519618625,0.19925857275254866,2437.7,-0.20375764039873645,"2 month(s) absent then trading again — suspension, not exit"
INE210C01013,AROGRANITE,ACTIVE,2018-01-31,2026-07-31,100,3,25.44,37.01,-0.3126182112942447,-0.06983546617915905,81.45,-0.6876611418047882,"3 month(s) absent then trading again — suspension, not exit"
INE549H01021,ARSSBL,ACTIVE,2025-09-30,2026-07-31,11,0,510.8,,,-0.11809392265193375,694.0,-0.26397694524495674,
INE025R01021,ARTEMISMED,ACTIVE,2021-09-30,2026-07-31,59,0,298.5,239.05,0.24869274210416226,0.20387174833635818,328.8,-0.09215328467153287,
INE738V01013,ARTNIRMAN,ACTIVE,2021-10-29,2026-07-31,35,23,37.07,,,-0.11717075494165281,108.5,-0.6583410138248849,"23 month(s) absent then trading again — suspension, not exit"
INE006Z01016,ARVEE,ACTIVE,2021-03-31,2026-07-31,37,28,156.72,173.07,-0.09447044548448602,,184.01,-0.1483071572197163,"28 month(s) absent then trading again — suspension, not exit"
INE034A01011,ARVIND,ACTIVE,2018-01-31,2026-07-31,103,0,513.2,316.05,0.6237937035279228,0.6430286537538018,587.1,-0.12587293476409467,
INE955V01021,ARVINDFASN,ACTIVE,2019-03-29,2026-07-31,89,0,450.0,557.25,-0.19246298788694483,-0.044078597981943704,1043.2,-0.5686349693251533,
INE034S01021,ARVSMART,ACTIVE,2018-01-31,2026-07-31,100,3,592.55,622.9,-0.04872371167121532,0.11402519270539571,997.75,-0.40611375595088955,"3 month(s) absent then trading again — suspension, not exit"
INE439A01020,ASAHIINDIA,ACTIVE,2018-01-31,2026-07-31,103,0,876.55,840.05,0.04344979465508006,-0.12502495508085446,1020.7,-0.1412266091897718,
INE900C01027,ASAL,ACTIVE,2018-01-31,2026-07-31,89,14,500.2,489.75,0.021337417049515035,0.10139821644831006,1025.95,-0.5124518738729957,"14 month(s) absent then trading again — suspension, not exit"
INE073G01016,ASALCBR,ACTIVE,2020-02-28,2026-07-31,78,0,763.25,1032.9,-0.2610610901345726,-0.0920716112531969,1392.25,-0.4517866762434907,
INE348A01023,ASHAPURMIN,ACTIVE,2018-01-31,2026-07-31,91,12,702.55,554.5,0.2669972948602344,0.07300496372661314,878.65,-0.2004211005519832,"12 month(s) absent then trading again — suspension, not exit"
INE365D01021,ASHIANA,ACTIVE,2018-01-31,2026-07-31,103,0,390.65,316.4,0.23467130214917828,0.32199661590524525,420.05,-0.06999166765861214,
INE094B01013,ASHIKAG,ACTIVE,2026-04-30,2026-07-31,4,0,498.55,,,,498.55,0.0,
INE440A01010,ASHIMASYN,ACTIVE,2018-01-31,2026-07-31,84,19,18.08,,,0.10581039755351662,44.86,-0.5969683459652252,"19 month(s) absent then trading again — suspension, not exit"
INE442H01029,ASHOKA,ACTIVE,2018-01-31,2026-07-31,103,0,121.09,201.31,-0.39848989121255773,-0.1871517755252735,311.17,-0.6108558022945657,
INE760Y01011,ASHOKAMET,ACTIVE,2023-06-30,2026-07-31,28,10,14.18,17.51,-0.19017704169046268,0.02828136330674406,34.5,-0.5889855072463768,"10 month(s) absent then trading again — suspension, not exit"
INE208A01029,ASHOKLEY,ACTIVE,2018-01-31,2026-07-31,103,0,166.18,121.05,0.3728211482858324,-0.15511718948599315,257.09,-0.35361157571278534,
INE276G01015,ASIANENE,ACTIVE,2021-12-31,2026-07-31,52,4,398.55,351.85,0.1327270143527071,0.5556206088992975,408.75,-0.024954128440366943,"4 month(s) absent then trading again — suspension, not exit"
INE363A01022,ASIANHOTNR,ACTIVE,2018-01-31,2026-07-31,80,23,300.1,333.05,-0.09893409397988286,-0.011853803095159585,333.05,-0.09893409397988286,"23 month(s) absent then trading again — suspension, not exit"
INE021A01026,ASIANPAINT,ACTIVE,2018-01-31,2026-07-31,103,0,2747.3,2396.1,0.1465715120403991,0.13136762344026684,3402.4,-0.19254055960498467,
INE022I01019,ASIANTILES,ACTIVE,2018-01-31,2026-07-31,100,3,54.68,,,-0.21323741007194244,549.9,-0.9005637388616112,"3 month(s) absent then trading again — suspension, not exit"
INE491J01022,ASKAUTOLTD,ACTIVE,2023-11-30,2026-07-31,33,0,528.05,507.05,0.041416033921703864,0.1841013566543334,534.5,-0.012067352666043116,
INE991I01015,ASPINWALL,ACTIVE,2018-01-31,2026-07-31,102,1,233.57,286.35,-0.18431988824864684,0.10591856060606063,495.9,-0.528997781810849,"1 month(s) absent then trading again — suspension, not exit"
INE194D01017,ASTAR,ACTIVE,2026-04-30,2026-07-31,4,0,594.95,,,,650.0,-0.08469230769230762,
INE563J01010,ASTEC,ACTIVE,2018-01-31,2026-07-31,103,0,655.35,906.3,-0.276895067858325,0.13973913043478264,2167.85,-0.6976958737920059,
INE914M01019,ASTERDM,ACTIVE,2018-02-28,2026-07-31,102,0,822.15,604.9,0.35915027277235906,0.48899755501222497,822.15,0.0,
INE006I01046,ASTRAL,ACTIVE,2018-01-31,2026-07-31,103,0,1448.6,1401.2,0.033828147302312206,-0.018962481376134363,2380.8,-0.39154905913978505,
INE386C01029,ASTRAMICRO,ACTIVE,2018-01-31,2026-07-31,103,0,1861.6,959.6,0.9399749895789911,0.8945654386322002,1861.6,0.0,
INE203A01020,ASTRAZEN,ACTIVE,2018-01-31,2026-07-31,103,0,8100.0,9186.0,-0.11822338340953625,-0.05263157894736842,9555.0,-0.152276295133438,
INE0ALR01029,ATALREAL,ACTIVE,2024-01-31,2026-07-31,19,12,33.17,,,0.2285185185185186,33.17,0.0,"12 month(s) absent then trading again — suspension, not exit"
INE09KD01013,ATAM,ACTIVE,2023-08-31,2026-07-31,33,3,64.44,98.81,-0.34783928752150595,-0.13106796116504854,213.6,-0.6983146067415731,"3 month(s) absent then trading again — suspension, not exit"
INE399L01023,ATGL,ACTIVE,2018-11-30,2026-07-31,85,8,651.45,604.1,0.07838106273795732,0.23626530031312268,3744.95,-0.8260457415986863,"8 month(s) absent then trading again — suspension, not exit"
INE0LEZ01016,ATHERENERG,ACTIVE,2025-05-30,2026-07-31,15,0,1260.3,350.35,2.597259882974168,1.0286519114688129,1260.3,0.0,
INE0NN701020,ATL,ACTIVE,2023-08-31,2026-07-31,36,0,23.24,30.41,-0.2357777047024006,-0.05643524157531468,72.15,-0.677893277893278,
INE285H01022,ATLANTAA,ACTIVE,2018-01-31,2026-07-31,66,37,35.1,33.45,0.04932735426008964,-0.22172949002217293,108.8,-0.6773897058823528,"37 month(s) absent then trading again — suspension, not exit"
INE0Z4F01028,ATLANTAELE,ACTIVE,2025-09-30,2026-07-31,10,1,1539.0,,,1.0354450469514613,1971.9,-0.21953445915107261,"1 month(s) absent then trading again — suspension, not exit"
INE446A01025,ATLASCYCLE,ACTIVE,2025-09-30,2026-07-31,11,0,98.35,,,0.05007473841554557,117.23,-0.1610509255310075,
INE100A01010,ATUL,ACTIVE,2018-01-31,2026-07-31,103,0,6736.5,6629.0,0.01621662392517725,0.08434607645875251,10292.55,-0.34549747147208415,
INE951D01028,ATULAUTO,ACTIVE,2018-01-31,2026-07-31,100,3,515.45,444.3,0.16013954535223954,0.28493082388134133,626.9,-0.17777955016749072,"3 month(s) absent then trading again — suspension, not exit"
INE949L01017,AUBANK,ACTIVE,2018-01-31,2026-07-31,103,0,1047.3,741.5,0.41240728253540115,0.06611696442204909,1390.05,-0.24657386424948743,
INE132H01018,AURIONPRO,ACTIVE,2018-01-31,2026-07-31,89,14,733.4,1362.9,-0.4618827500183433,-0.1876384581302614,2191.4,-0.6653281007575066,"14 month(s) absent then trading again — suspension, not exit"
INE406A01037,AUROPHARMA,ACTIVE,2018-01-31,2026-07-31,103,0,1580.2,1139.8,0.38638357606597656,0.30843752587563134,1580.2,0.0,
INE898S01029,AURUM,ACTIVE,2018-01-31,2026-07-31,89,14,219.92,193.87,0.13436839118997257,0.23835801565403447,952.5,-0.7691128608923885,"14 month(s) absent then trading again — suspension, not exit"
INE142K01011,AURUS,ACTIVE,2018-01-31,2026-07-31,81,22,4.54,,,-0.03609341825902334,36.3,-0.874931129476584,"22 month(s) absent then trading again — suspension, not exit"
INE449A01011,AUTOAXLES,ACTIVE,2018-01-31,2026-07-31,103,0,1801.2,1878.7,-0.04125192952573588,-0.038693494155948124,2546.3,-0.29262066527903235,
INE349W01017,AVADHSUGAR,ACTIVE,2018-01-31,2026-07-31,100,3,504.0,462.2,0.09043704024231937,0.519445281881218,817.65,-0.38359933957072095,"3 month(s) absent then trading again — suspension, not exit"
INE0LCL01028,AVALON,ACTIVE,2023-04-28,2026-07-31,40,0,1807.9,845.85,1.1373766034166815,1.1064957762889602,1807.9,0.0,
INE005B01027,AVANTEL,ACTIVE,2024-07-31,2026-07-31,25,0,161.89,127.44,0.2703232893910859,0.041629133959593355,204.36,-0.20781953415541213,
INE871C01038,AVANTIFEED,ACTIVE,2018-06-29,2026-07-31,98,0,899.6,681.1,0.3208045808251358,0.12859114289298706,1380.7,-0.3484464402114869,
INE679V01027,AVL,ACTIVE,2024-11-29,2026-07-31,21,0,638.05,394.7,0.6165442107930073,0.2760999999999999,658.15,-0.03054015042163644,
INE323B01024,AVONMORE,ACTIVE,2024-11-29,2026-07-31,15,6,11.17,18.73,-0.403630539241858,-0.2607544672402382,19.21,-0.41853201457574185,"6 month(s) absent then trading again — suspension, not exit"
INE652Z01025,AVROIND,ACTIVE,2026-05-29,2026-07-31,3,0,8.71,,,,10.84,-0.19649446494464937,
INE488D01021,AVTNPL,ACTIVE,2018-01-31,2026-07-31,103,0,71.47,75.15,-0.04896872920825025,0.07007036981584058,130.45,-0.4521272518206209,
INE108V01019,AWFIS,ACTIVE,2024-05-31,2026-07-31,27,0,278.1,595.4,-0.5329190460194826,-0.28398558187435624,749.65,-0.6290268792102981,
INE01BK01022,AWHCL,ACTIVE,2021-01-29,2026-07-31,67,0,426.8,613.6,-0.30443285528031294,-0.24326241134751772,818.0,-0.478239608801956,
INE699H01024,AWL,ACTIVE,2022-02-28,2026-07-31,51,3,189.44,262.2,-0.27749809305873374,-0.11464223956629435,780.4,-0.7572526909277294,"3 month(s) absent then trading again — suspension, not exit"
INE238A01034,AXISBANK,ACTIVE,2018-01-31,2026-07-31,103,0,1229.5,1068.4,0.15078622238861839,-0.10281669585522481,1383.9,-0.11156875496784456,
INE555B01013,AXISCADES,ACTIVE,2018-01-31,2026-07-31,83,20,1553.5,,,0.26940676581140716,2008.5,-0.22653721682847897,"20 month(s) absent then trading again — suspension, not exit"
INE02EZ01022,AXITA,ACTIVE,2022-10-31,2026-07-31,39,7,7.32,8.81,-0.16912599318955734,,65.0,-0.8873846153846153,"7 month(s) absent then trading again — suspension, not exit"
INE501X01029,AYE,ACTIVE,2026-02-27,2026-07-31,6,0,166.52,,,,173.7,-0.04133563615428888,
INE193B01039,AYMSYNTEX,ACTIVE,2018-01-31,2026-07-31,97,6,251.81,209.28,0.20322056574923547,0.5697899133470482,251.81,0.0,"6 month(s) absent then trading again — suspension, not exit"
INE02IJ01035,AZAD,ACTIVE,2023-12-29,2026-07-31,32,0,2292.5,1473.8,0.5555027819242774,0.5553972454033516,2292.5,0.0,
INE116D01028,BAGFILMS,ACTIVE,2018-02-28,2026-07-31,61,41,4.42,6.95,-0.3640287769784173,-0.20788530465949823,11.19,-0.6050044682752458,"41 month(s) absent then trading again — suspension, not exit"
INE020D01022,BAIDFIN,ACTIVE,2023-02-28,2026-07-31,36,6,9.81,11.92,-0.1770134228187919,-0.13108945969884842,44.2,-0.778054298642534,"6 month(s) absent then trading again — suspension, not exit"
INE917I01010,BAJAJ-AUTO,ACTIVE,2018-01-31,2026-07-31,103,0,11520.5,8008.0,0.4386238761238761,0.20036467830164106,12345.95,-0.06685998242338587,
INE933K01021,BAJAJCON,ACTIVE,2018-01-31,2026-07-31,103,0,524.1,223.18,1.3483287032888251,0.544195639363583,599.0,-0.12504173622704504,
INE193E01025,BAJAJELEC,ACTIVE,2018-01-31,2026-07-31,103,0,332.9,618.1,-0.4614140106778839,-0.19696055964298645,1305.65,-0.745031210508176,
INE918I01026,BAJAJFINSV,ACTIVE,2022-09-30,2026-07-31,47,0,2029.1,1948.0,0.04163244353182747,0.03917853118918366,2094.0,-0.030993314231136625,
INE411U01027,BAJAJHCARE,ACTIVE,2021-11-30,2026-07-31,57,0,336.45,486.55,-0.3084986126811222,-0.027741655830082423,670.25,-0.4980231256993659,
INE377Y01014,BAJAJHFL,ACTIVE,2024-09-30,2026-07-31,23,0,86.02,113.87,-0.244577149380873,-0.05295607178245076,154.06,-0.44164611190445285,
INE306A01021,BAJAJHIND,ACTIVE,2018-01-31,2026-07-31,100,3,16.75,23.34,-0.2823479005998286,0.02071907373552711,44.29,-0.6218107925039512,"3 month(s) absent then trading again — suspension, not exit"
INE118A01012,BAJAJHLDNG,ACTIVE,2018-01-31,2026-07-31,103,0,11343.0,13963.0,-0.18763875957888707,0.050277777777777775,14379.0,-0.21114124765282705,
INE0O9T01021,BAJAJINDEF,ACTIVE,2025-03-28,2026-07-31,17,0,234.7,428.05,-0.45169956780749915,-0.20305602716468596,506.12,-0.536275981980558,
INE704G01024,BAJAJST,ACTIVE,2026-04-30,2026-07-31,4,0,396.4,,,,453.45,-0.12581320983570407,
INE0KQN01018,BAJEL,ACTIVE,2024-01-31,2026-07-31,28,3,176.8,,,0.1427832719281236,297.28,-0.40527448869752414,"3 month(s) absent then trading again — suspension, not exit"
INE296A01032,BAJFINANCE,ACTIVE,2025-06-30,2026-07-31,14,0,1141.2,881.2,0.29505220154334993,0.22729472495563802,1141.2,0.0,
INE0S2G01011,BALAJEE,ACTIVE,2024-09-30,2026-07-31,23,0,27.33,53.16,-0.48589164785553046,-0.15829996920234066,80.58,-0.6608339538346985,
INE794B01026,BALAJITELE,ACTIVE,2018-01-31,2026-07-31,94,9,83.61,,,-0.0013139034878165245,150.15,-0.44315684315684317,"9 month(s) absent then trading again — suspension, not exit"
INE050E01027,BALAMINES,ACTIVE,2018-01-31,2026-07-31,103,0,2133.3,1768.4,0.2063447183895047,0.9098478066248883,4517.4,-0.5277593305883915,
INE618N01022,BALAXI,ACTIVE,2024-05-31,2026-07-31,24,3,23.9,47.88,-0.5008354218880535,-0.019688269073010682,120.85,-0.8022341745966073,"3 month(s) absent then trading again — suspension, not exit"
INE875R01011,BALKRISHNA,ACTIVE,2018-02-28,2026-07-31,78,24,17.24,20.62,-0.1639185257032009,0.02497027348394757,48.4,-0.643801652892562,"24 month(s) absent then trading again — suspension, not exit; 1 split/bonus adjustment(s) applied (0.502)"
INE787D01026,BALKRISIND,ACTIVE,2018-01-31,2026-07-31,103,0,2473.5,2676.2,-0.07574172333906279,0.07272963830340871,3323.3,-0.2557096861553276,
INE164A01016,BALMLAWRIE,ACTIVE,2018-01-31,2026-07-31,103,0,172.2,210.36,-0.18140330861380502,0.00040666937779581234,294.1,-0.4144848690921456,
INE083D01012,BALPHARMA,ACTIVE,2018-01-31,2026-07-31,92,11,88.09,100.05,-0.11954022988505741,0.31950269622528454,146.31,-0.3979222199439546,"11 month(s) absent then trading again — suspension, not exit"
INE119A01028,BALRAMCHIN,ACTIVE,2018-01-31,2026-07-31,103,0,586.2,587.05,-0.0014479175538708953,0.39455215891518974,648.9,-0.09662505779010623,
INE011E01029,BALUFORGE,ACTIVE,2024-04-30,2026-07-31,25,3,440.35,,,0.04323619995261786,791.2,-0.4434403437815976,"3 month(s) absent then trading again — suspension, not exit"
INE655B01011,BANARBEADS,ACTIVE,2018-02-28,2026-07-31,99,3,115.29,117.1,-0.015456874466268046,0.02289060420548321,142.57,-0.19134460265132908,"3 month(s) absent then trading again — suspension, not exit"
INE459A01010,BANARISUG,ACTIVE,2018-01-31,2026-07-31,103,0,3475.3,3758.2,-0.07527539779681754,-0.03378002669039146,4189.1,-0.17039459549783967,
INE213C01025,BANCOINDIA,ACTIVE,2018-01-31,2026-07-31,103,0,637.25,591.8,0.0767995944575871,0.07353436657681936,1157.0,-0.44922212618841834,
INE545U01014,BANDHANBNK,ACTIVE,2018-03-28,2026-07-31,101,0,174.13,168.08,0.03599476439790566,0.125961849337213,701.35,-0.7517216796178798,
INE863I01016,BANG,ACTIVE,2018-01-31,2026-07-31,92,11,29.57,53.0,-0.4420754716981132,-0.3312980551786522,61.24,-0.5171456564337035,"11 month(s) absent then trading again — suspension, not exit"
INE028A01039,BANKBARODA,ACTIVE,2018-01-31,2026-07-31,103,0,242.6,237.87,0.019884811031235506,-0.18971275885103536,321.95,-0.24646684267743438,
INE084A01016,BANKINDIA,ACTIVE,2018-01-31,2026-07-31,103,0,137.95,111.38,0.23855270246004665,-0.1593540524070689,176.05,-0.216415790968475,
INE0B9K01025,BANSALWIRE,ACTIVE,2024-07-31,2026-07-31,25,0,314.65,396.7,-0.20683135870935218,0.1443898890707401,455.05,-0.3085375233490826,
INE629D01020,BANSWRAS,ACTIVE,2022-09-30,2026-07-31,47,0,123.66,143.32,-0.1371755512140664,0.17592240395587677,169.33,-0.26971003366208,
INE373A01013,BASF,ACTIVE,2018-01-31,2026-07-31,103,0,3633.8,4994.0,-0.27236684020824986,-0.003482791718085786,7658.2,-0.525502076205897,
INE176A01028,BATAINDIA,ACTIVE,2018-01-31,2026-07-31,103,0,696.15,1191.3,-0.41563837824225636,-0.19061737007324733,2064.05,-0.6627261936484097,
INE177C01022,BATLIBOI,ACTIVE,2026-04-30,2026-07-31,4,0,81.88,,,,82.84,-0.011588604538870206,
INE462A01022,BAYERCROP,ACTIVE,2018-01-31,2026-07-31,103,0,4234.4,6322.5,-0.3302649268485568,-0.051900944874837714,6956.5,-0.39130309782218076,
INE464A01036,BBL,ACTIVE,2024-04-30,2026-07-31,28,0,2524.4,2979.6,-0.1527721841857967,-0.10157306569862626,5384.2,-0.531146688458824,
INE676A01027,BBOX,ACTIVE,2022-05-31,2026-07-31,43,8,755.5,,,0.466420807453416,1037.15,-0.2715614906233429,"8 month(s) absent then trading again — suspension, not exit"
INE050A01025,BBTC,ACTIVE,2018-01-31,2026-07-31,103,0,1497.1,1896.8,-0.2107233234921974,-0.12923864363403714,2867.55,-0.47791668846227625,
INE01EE01011,BBTCL,ACTIVE,2022-11-30,2026-07-31,45,0,241.22,206.07,0.17057310622603972,0.2796816976127321,290.75,-0.1703525365434222,
INE425B01027,BCG,ACTIVE,2018-07-31,2026-07-31,62,35,9.33,13.58,-0.312960235640648,0.014130434782608782,72.65,-0.8715760495526498,"35 month(s) absent then trading again — suspension, not exit"
INE412G01024,BCLIND,ACTIVE,2023-10-31,2026-07-31,34,0,36.74,43.98,-0.16462028194633915,0.32158273381294966,76.2,-0.5178477690288714,
INE977Y01011,BCONCEPTS,ACTIVE,2022-01-31,2026-07-31,35,20,188.55,332.95,-0.43369875356660154,-0.33315649867374003,888.05,-0.7876808738246721,"20 month(s) absent then trading again — suspension, not exit"
INE00SW01015,BCPL,ACTIVE,2026-03-30,2026-07-31,5,0,69.07,,,,85.37,-0.19093358322595771,
INE171Z01026,BDL,ACTIVE,2024-05-31,2026-07-31,27,0,1253.1,1619.0,-0.22600370599135275,-0.1853465089065142,2015.5,-0.37826841974696107,
INE520H01022,BEARDSELL,ACTIVE,2018-01-31,2026-07-31,85,18,26.85,33.73,-0.2039727245775273,0.015122873345935808,60.2,-0.5539867109634552,"18 month(s) absent then trading again — suspension, not exit"
INE495P01020,BECTORFOOD,ACTIVE,2025-12-31,2026-07-31,8,0,206.46,,,-0.07325612712092644,230.4,-0.10390624999999999,
INE844K01012,BEDMUTHA,ACTIVE,2018-01-31,2026-07-31,81,22,108.91,141.98,-0.23292012959571767,-0.14720851930154255,257.45,-0.5769664012429598,"22 month(s) absent then trading again — suspension, not exit"
INE213D01015,BEEKAY,ACTIVE,2026-04-30,2026-07-31,4,0,394.4,,,,435.25,-0.09385410683515226,
INE263A01024,BEL,ACTIVE,2018-01-31,2026-07-31,103,0,387.85,383.1,0.012398851474810754,-0.13619153674832957,449.0,-0.13619153674832957,
INE344T01014,BELLACASA,ACTIVE,2025-07-31,2026-07-31,13,0,237.4,406.3,-0.4157026827467389,-0.24873417721518987,425.8,-0.4424612494128699,
INE894V01022,BELRISE,ACTIVE,2025-05-30,2026-07-31,15,0,236.73,138.13,0.7138203141967712,0.38560140474100085,238.57,-0.007712621033658899,
INE258A01024,BEML,ACTIVE,2025-11-28,2026-07-31,9,0,1750.4,,,-0.024792467546938545,1859.9,-0.05887413301790419,
INE083K01017,BENGALASM,ACTIVE,2026-04-30,2026-07-31,4,0,6218.5,,,,6978.5,-0.10890592534212223,
INE922A01025,BEPL,ACTIVE,2018-01-31,2026-07-31,103,0,116.02,115.51,0.004415202147000181,0.40528100775193787,191.05,-0.3927244176917038,
INE463A01038,BERGEPAINT,ACTIVE,2018-01-31,2026-07-31,103,0,520.45,564.9,-0.07868649318463433,0.12432490818751366,843.55,-0.38302412423685606,
INE052T01021,BESTAGRO,ACTIVE,2026-04-30,2026-07-31,4,0,19.12,,,,19.12,0.0,
INE351Y01019,BETA,ACTIVE,2025-11-28,2026-07-31,9,0,2231.9,,,0.523065374641736,2231.9,0.0,
INE878K01010,BFINVEST,ACTIVE,2018-01-31,2026-07-31,103,0,454.85,484.7,-0.06158448524860732,0.1949297254695916,732.8,-0.37929858078602613,
INE243D01012,BFUTILITIE,ACTIVE,2018-01-31,2026-07-31,94,9,570.35,749.15,-0.2386704932256557,,945.35,-0.3966784788702597,"9 month(s) absent then trading again — suspension, not exit"
INE414D01027,BHAGCHEM,ACTIVE,2024-05-31,2026-07-31,27,0,290.75,301.45,-0.03549510698291587,0.37353552532123957,404.75,-0.2816553428042001,
INE05XR01022,BHARATCOAL,ACTIVE,2026-01-30,2026-07-31,7,0,33.97,,,-0.14691109994977403,41.34,-0.17827769714562178,
INE465A01025,BHARATFORG,ACTIVE,2018-01-31,2026-07-31,103,0,2199.8,1169.1,0.881618338893166,0.5261551269599001,2199.8,0.0,
INE838B01021,BHARATRAS,ACTIVE,2025-12-31,2026-07-31,8,0,1280.3,,,-0.3140637556924726,2231.0,-0.4261317794710892,
INE415D01024,BHARATSE,ACTIVE,2025-03-28,2026-07-31,14,3,221.65,,,0.540948275862069,221.65,0.0,"3 month(s) absent then trading again — suspension, not exit"
INE316L01019,BHARATWIRE,ACTIVE,2018-01-31,2026-07-31,95,8,196.99,186.83,0.054380988064015395,0.14369484440315838,309.0,-0.3624919093851132,"8 month(s) absent then trading again — suspension, not exit"
INE397D01024,BHARTIARTL,ACTIVE,2018-01-31,2026-07-31,103,0,1972.0,1914.3,0.03014156610771564,0.001676233047188477,2105.6,-0.06344984802431607,
INE343G01021,BHARTIHEXA,ACTIVE,2024-04-30,2026-07-31,28,0,1607.5,1847.7,-0.12999945878659958,0.04058777835318491,1952.7,-0.17678086751677166,
INE257A01026,BHEL,ACTIVE,2018-01-31,2026-07-31,103,0,407.0,238.45,0.7068567833927449,0.5492957746478874,416.75,-0.023395320935812838,
INE986A01012,BI,ACTIVE,2026-04-30,2026-07-31,4,0,58.89,,,,62.31,-0.05488685604236883,
INE412U01025,BIGBLOC,ACTIVE,2021-11-30,2026-07-31,51,6,45.45,58.35,-0.22107969151670948,-0.20444600035007876,133.9923356350701,-0.6608014944691786,"6 month(s) absent then trading again — suspension, not exit; 1 split/bonus adjustment(s) applied (0.504)"
INE00E101023,BIKAJI,ACTIVE,2022-11-30,2026-07-31,45,0,641.65,750.0,-0.1444666666666667,-0.024625674545869187,921.7,-0.30384072908755566,
INE828A01016,BIL,ACTIVE,2018-01-31,2026-07-31,74,29,740.6,946.75,-0.21774491682070238,-0.050391075778945964,946.75,-0.21774491682070238,"29 month(s) absent then trading again — suspension, not exit"
INE469A01019,BIMETAL,ACTIVE,2026-04-30,2026-07-31,4,0,669.7,,,,669.7,0.0,
INE376G01013,BIOCON,ACTIVE,2018-01-31,2026-07-31,103,0,425.7,391.4,0.08763413387838531,0.16057797164667387,691.35,-0.3842482100238664,
INE829A01014,BIOFILCHEM,ACTIVE,2019-11-29,2026-07-31,65,16,31.94,,,0.09159261790840736,86.15,-0.6292513058618688,"16 month(s) absent then trading again — suspension, not exit"
INE340A01012,BIRLACORPN,ACTIVE,2018-01-31,2026-07-31,103,0,890.5,1351.5,-0.34110247872734,-0.15656374313316912,1641.65,-0.45755794475070816,
INE865C01022,BIRLAMONEY,ACTIVE,2018-01-31,2026-07-31,85,18,134.84,170.99,-0.21141587227323239,0.08340028924955817,194.13,-0.30541389790346674,"18 month(s) absent then trading again — suspension, not exit"
INE557A01011,BIRLANU,ACTIVE,2018-01-31,2026-07-31,103,0,1334.7,2303.3,-0.4205270698562932,-0.15929705215419493,6395.3,-0.7912998608353009,
INE372E01025,BIRLAPREC,ACTIVE,2026-04-30,2026-07-31,4,0,34.07,,,,46.22,-0.26287321505841627,
INE0UIZ01018,BLACKBUCK,ACTIVE,2024-11-29,2026-07-31,21,0,542.5,466.05,0.16403819332689623,-0.03133648781358799,684.4,-0.20733489187609583,
INE0N7W01012,BLAL,ACTIVE,2023-05-31,2026-07-31,39,0,172.75,208.78,-0.17257400134112463,-0.09045437792871061,331.05,-0.47817550219000154,
INE791A01024,BLBLIMITED,ACTIVE,2018-02-28,2026-07-31,79,23,15.5,15.46,0.0025873221216040844,0.14391143911439108,33.8,-0.5414201183431953,"23 month(s) absent then trading again — suspension, not exit"
INE525F01025,BLIL,ACTIVE,2026-04-30,2026-07-31,4,0,70.37,,,,73.25,-0.03931740614334465,
INE350H01032,BLKASHYAP,ACTIVE,2018-01-31,2026-07-31,96,7,54.46,79.01,-0.31072016200480956,0.14700926705981476,113.32,-0.5194140487116131,"7 month(s) absent then trading again — suspension, not exit"
INE153T01027,BLS,ACTIVE,2018-01-31,2026-07-31,100,3,239.4,380.05,-0.37008288383107485,-0.07011070110701101,483.0,-0.5043478260869565,"3 month(s) absent then trading again — suspension, not exit"
INE0NLT01010,BLSE,ACTIVE,2024-02-29,2026-07-31,27,3,300.66,,,0.8583348785462639,369.55,-0.1864159112434041,"3 month(s) absent then trading again — suspension, not exit"
INE233B01017,BLUEDART,ACTIVE,2018-01-31,2026-07-31,103,0,5160.3,5994.0,-0.13908908908908907,-0.06039694100509829,8851.35,-0.41700418580216575,
INE0KBH01020,BLUEJET,ACTIVE,2023-11-30,2026-07-31,33,0,626.25,805.95,-0.22296668527824312,0.4991023339317774,904.8,-0.30785809018567634,
INE472A01039,BLUESTARCO,ACTIVE,2018-01-31,2026-07-31,103,0,1681.2,1738.1,-0.032736896611242086,-0.07468765479663164,2139.15,-0.21408035902110653,
INE304W01038,BLUESTONE,ACTIVE,2025-08-29,2026-07-31,12,0,816.2,,,0.8545785048852533,816.2,0.0,
INE0U4101014,BLUSPRING,ACTIVE,2025-06-30,2026-07-31,14,0,115.85,87.58,0.3227905914592372,0.9421626152556579,115.85,0.0,
INE965W01036,BMWVENTLTD,ACTIVE,2025-10-31,2026-07-31,10,0,56.85,,,0.05984340044742731,66.02,-0.1388973038473189,
INE802W01023,BOHRAIND,ACTIVE,2023-02-28,2026-07-31,14,28,14.67,33.89,-0.5671289465919149,-0.19039735099337754,110.0,-0.8666363636363636,"28 month(s) absent then trading again — suspension, not exit"
INE032A01023,BOMDYEING,ACTIVE,2018-01-31,2026-07-31,100,3,121.53,170.78,-0.28838271460358356,0.052845880620289304,310.2,-0.608220502901354,"3 month(s) absent then trading again — suspension, not exit"
INE0B9A01018,BONLON,ACTIVE,2026-04-30,2026-07-31,4,0,40.34,,,,51.02,-0.20932967463739707,
INE16SF01016,BORANA,ACTIVE,2025-06-30,2026-07-31,9,5,324.65,219.96,0.47595017275868323,,324.65,0.0,"5 month(s) absent then trading again — suspension, not exit"
INE02PY01013,BOROLTD,ACTIVE,2020-11-27,2026-07-31,67,2,236.44,330.3,-0.2841659097789888,-0.0568807339449541,464.25,-0.49070543887991386,"2 month(s) absent then trading again — suspension, not exit"
INE666D01022,BORORENEW,ACTIVE,2018-05-31,2026-07-31,93,6,555.7,613.5,-0.09421352893235527,0.12501265310254087,1207.9,-0.5399453597152082,"6 month(s) absent then trading again — suspension, not exit"
INE02L001032,BOROSCI,ACTIVE,2024-06-28,2026-07-31,26,0,157.65,164.03,-0.03889532402609276,0.44156912948061455,213.95,-0.263145594765132,
INE782A01015,BOSCH-HCIL,ACTIVE,2018-01-31,2026-07-31,103,0,1391.3,1743.2,-0.20187012391005052,0.014732696375173254,2836.25,-0.5094579109739974,
INE323A01026,BOSCHLTD,ACTIVE,2018-01-31,2026-07-31,103,0,41085.0,40385.0,0.017333168255540425,0.12469203394470299,41085.0,0.0,
INE029A01011,BPCL,ACTIVE,2018-01-31,2026-07-31,103,0,319.75,329.3,-0.029000911023382966,-0.12277091906721536,627.8,-0.49068174577891044,
INE110A01019,BPL,ACTIVE,2018-01-31,2026-07-31,91,12,53.33,81.53,-0.34588495032503375,-0.0828890799656062,128.5,-0.5849805447470817,"12 month(s) absent then trading again — suspension, not exit"
INE791I01019,BRIGADE,ACTIVE,2018-01-31,2026-07-31,103,0,580.2,1007.8,-0.4242905338360785,-0.22871385842472577,1417.05,-0.5905578490526092,
INE03NU01014,BRIGHOTEL,ACTIVE,2025-07-31,2026-07-31,13,0,59.45,85.32,-0.3032114392873886,-0.022846811308349778,87.1,-0.31745120551090694,
INE216A01030,BRITANNIA,ACTIVE,2018-11-30,2026-07-31,93,0,5416.5,5771.0,-0.061427828799168256,-0.07576145380087024,6338.15,-0.1454130937260872,
INE727S01012,BRNL,ACTIVE,2018-01-31,2026-07-31,93,10,17.51,20.6,-0.15,-0.19678899082568801,193.2,-0.909368530020704,"10 month(s) absent then trading again — suspension, not exit"
INE118H01025,BSE,ACTIVE,2018-01-31,2026-07-31,103,0,3646.2,2427.4,0.5021010134300072,0.3036110117983553,6359.0,-0.42660795722597894,
INE594B01012,BSL,ACTIVE,2018-01-31,2026-07-31,87,16,124.8,,,-0.10850775055361105,273.59,-0.5438429767169852,"16 month(s) absent then trading again — suspension, not exit"
INE836A01035,BSOFT,ACTIVE,2018-01-31,2026-07-31,103,0,302.4,391.5,-0.2275862068965518,-0.2766415500538214,848.45,-0.6435853615416348,
INE0EEJ01023,BTML,ACTIVE,2024-04-30,2026-07-31,22,6,7.09,7.96,-0.10929648241206032,-0.14578313253012057,17.25,-0.5889855072463768,"6 month(s) absent then trading again — suspension, not exit"
INE24OJ01011,BUILDPRO,ACTIVE,2026-01-30,2026-07-31,7,0,1242.2,,,0.6537309458829795,1242.2,0.0,
INE295F01017,BUTTERFLY,ACTIVE,2018-02-28,2026-07-31,92,10,719.65,715.3,0.006081364462463335,0.1836348684210526,1687.2,-0.5734649122807017,"10 month(s) absent then trading again — suspension, not exit"
INE139I01011,BVCL,ACTIVE,2022-12-30,2026-07-31,30,14,41.2,42.45,-0.029446407538280327,-0.10434782608695646,69.85,-0.41016463851109514,"14 month(s) absent then trading again — suspension, not exit"
INE052I01032,CAMLINFINE,ACTIVE,2018-01-31,2026-07-31,100,3,127.74,,,-0.12067185241274878,232.4,-0.4503442340791739,"3 month(s) absent then trading again — suspension, not exit"
INE278Y01022,CAMPUS,ACTIVE,2022-05-31,2026-07-31,51,0,222.35,267.35,-0.16831868337385458,-0.12166699585226155,578.05,-0.6153446933656257,
INE596I01020,CAMS,ACTIVE,2025-12-31,2026-07-31,8,0,796.15,,,0.1454571613552982,796.85,-0.000878458932044984,
INE476A01022,CANBK,ACTIVE,2024-05-31,2026-07-31,27,0,124.98,107.25,0.16531468531468535,-0.15221815221815213,157.37,-0.20582067738450785,
INE477A01020,CANFINHOME,ACTIVE,2018-01-31,2026-07-31,103,0,820.6,751.95,0.0912959638273821,-0.11995281248324309,932.45,-0.11995281248324309,
INE01TY01017,CANHLIFE,ACTIVE,2025-10-31,2026-07-31,10,0,146.45,,,-0.005972985814158853,148.17,-0.011608287777552804,
INE068L01024,CANTABIL,ACTIVE,2023-11-30,2026-07-31,33,0,245.55,266.1,-0.07722660653889518,-0.16294528719959095,293.35,-0.16294528719959095,
INE264T01014,CAPACITE,ACTIVE,2018-01-31,2026-07-31,103,0,214.7,306.65,-0.299853252894179,-0.03397075365579308,435.0,-0.5064367816091955,
INE0ILV01024,CAPILLARY,ACTIVE,2025-11-28,2026-07-31,9,0,497.35,,,-0.20747350808700493,673.15,-0.26116021689073754,
INE646H01017,CAPITALSFB,ACTIVE,2024-02-29,2026-07-31,30,0,291.7,304.45,-0.041878797832156346,0.13501945525291825,383.3,-0.23897730237411954,
INE475E01026,CAPLIPOINT,ACTIVE,2018-01-31,2026-07-31,103,0,2516.8,2066.4,0.21796360820751068,0.4187947460397993,2626.0,-0.04158415841584152,
INE707C01018,CAPTRUST,ACTIVE,2018-01-31,2026-07-31,81,22,18.17,,,0.24708304735758416,493.05,-0.9631477537775073,"22 month(s) absent then trading again — suspension, not exit"
INE120A01034,CARBORUNIV,ACTIVE,2018-01-31,2026-07-31,103,0,1063.8,930.6,0.14313346228239837,0.34957183634633676,1718.8,-0.38107982313241795,
INE752H01013,CARERATING,ACTIVE,2018-01-31,2026-07-31,103,0,1709.5,1696.7,0.007544056108917283,0.06683724413379924,1796.0,-0.048162583518930956,
INE0V7W01012,CARRARO,ACTIVE,2024-12-31,2026-07-31,20,0,536.4,480.95,0.11529264996361366,0.02562141491395789,637.65,-0.1587861679604799,
INE290S01011,CARTRADE,ACTIVE,2021-08-31,2026-07-31,60,0,2719.6,2186.5,0.24381431511548132,0.026535311214282913,3087.7,-0.11921494963888976,
INE482D01024,CARYSIL,ACTIVE,2021-01-29,2026-07-31,67,0,1175.3,886.65,0.32555123216601817,0.4795744948700194,1198.2,-0.01911200133533641,
INE172A01027,CASTROLIND,ACTIVE,2018-01-31,2026-07-31,103,0,185.21,218.11,-0.15084131860070607,0.0057561770295954506,264.75,-0.3004343720491029,
INE483S01020,CCAVENUE,ACTIVE,2018-01-31,2026-07-31,103,0,15.85,15.67,0.011486917677089963,-0.026412776412776503,113.07733674775929,-0.8598304447569679,1 split/bonus adjustment(s) applied (0.496)
INE429I01024,CCCL,ACTIVE,2018-02-28,2026-07-31,25,77,15.49,16.83,-0.0796197266785501,,25.97,-0.4035425490951097,"77 month(s) absent then trading again — suspension, not exit"
INE652F01027,CCHHL,ACTIVE,2018-02-28,2026-07-31,68,34,13.08,17.93,-0.2704963747908533,-0.003808073115003862,18.65,-0.2986595174262734,"34 month(s) absent then trading again — suspension, not exit"
INE421D01022,CCL,ACTIVE,2018-01-31,2026-07-31,103,0,1155.3,852.85,0.3546344609251333,0.19041731066460582,1181.2,-0.021926854046732214,
INE736A01011,CDSL,ACTIVE,2018-01-31,2026-07-31,100,3,1333.0,1480.8,-0.09981091301998916,0.009695500681714857,2501.5,-0.46711972816310215,"3 month(s) absent then trading again — suspension, not exit"
INE482A01020,CEATLTD,ACTIVE,2018-01-31,2026-07-31,103,0,3429.9,3313.3,0.03519150092053237,-0.08822903928970176,4032.7,-0.1494780172093138,
INE0AG901020,CEIGALL,ACTIVE,2024-08-30,2026-07-31,24,0,342.75,249.7,0.37264717661193436,0.26873958911715723,394.05,-0.13018652455272176,
INE016Q01014,CEINSYS,ACTIVE,2026-02-27,2026-07-31,6,0,839.35,,,,1073.55,-0.21815472032043215,
INE185H01016,CELEBRITY,ACTIVE,2018-01-31,2026-07-31,94,9,6.95,13.33,-0.47861965491372843,-0.10438144329896902,22.25,-0.6876404494382022,"9 month(s) absent then trading again — suspension, not exit"
INE0LMW01024,CELLO,ACTIVE,2023-11-30,2026-07-31,33,0,343.3,594.85,-0.42287971757585946,-0.3118171795128796,952.95,-0.6397502492260875,
INE686A01026,CEMPRO,ACTIVE,2018-01-31,2026-07-31,103,0,1367.8,777.7,0.7587758775877587,1.1390257252326215,1367.8,0.0,
INE485A01015,CENTENKA,ACTIVE,2018-01-31,2026-07-31,103,0,610.45,517.7,0.17915781340544715,0.41095573789437206,734.65,-0.16906009664466062,
INE281A01026,CENTEXT,ACTIVE,2018-01-31,2026-07-31,84,19,19.87,23.64,-0.15947546531302875,-0.11135957066189618,28.11,-0.2931341159729633,"19 month(s) absent then trading again — suspension, not exit"
INE483A01010,CENTRALBK,ACTIVE,2018-01-31,2026-07-31,103,0,30.97,36.41,-0.14940950288382307,-0.17258883248730966,73.55,-0.5789259007477906,
INE660C01027,CENTRUM,ACTIVE,2018-04-30,2026-07-31,97,3,23.73,,,-0.033007334963325134,59.8,-0.6031772575250836,"3 month(s) absent then trading again — suspension, not exit"
INE320B01020,CENTUM,ACTIVE,2018-01-31,2026-07-31,99,4,3543.1,2211.7,0.6019803770854999,0.5243073481328514,3784.0,-0.06366279069767444,"4 month(s) absent then trading again — suspension, not exit"
INE348B01021,CENTURYPLY,ACTIVE,2018-01-31,2026-07-31,103,0,799.5,731.5,0.09295967190704033,-0.005349589450111912,889.05,-0.1007254935043023,
INE739E01017,CERA,ACTIVE,2018-01-31,2026-07-31,103,0,6126.0,6545.0,-0.0640183346065699,0.2252,9507.2,-0.35564624705486375,
INE486A01021,CESC,ACTIVE,2021-09-30,2026-07-31,59,0,165.57,169.51,-0.023243466462155613,0.10262386787426743,201.42,-0.17798629728924634,
INE037Z01029,CEWATER,ACTIVE,2024-12-31,2026-07-31,20,0,287.8,623.35,-0.5383011149434507,-0.3198629327661585,745.4,-0.6138985779447277,
INE180C01042,CGCL,ACTIVE,2024-03-28,2026-07-31,29,0,232.38,186.29,0.24740995222502551,0.32229429839535667,232.38,0.0,
INE067A01029,CGPOWER,ACTIVE,2018-01-31,2026-07-31,94,9,863.4,661.7,0.30482091582288035,0.47829809091687364,952.15,-0.09321010345008665,"9 month(s) absent then trading again — suspension, not exit"
INE427F01016,CHALET,ACTIVE,2019-02-28,2026-07-31,90,0,811.4,909.85,-0.10820464911798652,-0.06864095500459144,1010.3,-0.19687221617341383,
INE085A01013,CHAMBLFERT,ACTIVE,2018-01-31,2026-07-31,103,0,438.9,514.9,-0.14760147601476015,-0.005438477226376691,692.65,-0.3663466397170288,
INE488A01050,CHEMPLASTS,ACTIVE,2021-08-31,2026-07-31,60,0,194.18,416.85,-0.5341729638958859,-0.2538712776176753,665.15,-0.7080658498083139,
INE178A01016,CHENNPETRO,ACTIVE,2018-01-31,2026-07-31,103,0,1260.6,682.65,0.8466271149197978,0.4555741585358813,1260.6,0.0,
INE974B01016,CHEVIOT,ACTIVE,2022-06-30,2026-07-31,50,0,1106.6,1186.6,-0.06741951795044666,0.10054699154649419,1558.95,-0.29016325090605866,
INE102B01014,CHOICEIN,ACTIVE,2022-04-29,2026-07-31,52,0,822.95,762.2,0.07970348989766465,0.07497877343086683,836.6,-0.016316041118814222,1 split/bonus adjustment(s) applied (0.507)
INE121A01024,CHOLAFIN,ACTIVE,2019-06-28,2026-07-31,86,0,1849.9,1443.2,0.28180432372505543,0.13379504780583487,1849.9,0.0,1 split/bonus adjustment(s) applied (0.499)
INE149A01033,CHOLAHLDNG,ACTIVE,2018-01-31,2026-07-31,103,0,1534.2,1887.7,-0.18726492557080043,-0.07259868222208785,2166.0,-0.29168975069252073,
INE536H01010,CIEINDIA,ACTIVE,2018-01-31,2026-07-31,103,0,408.6,402.15,0.01603879149571067,-0.022955523672883706,588.4,-0.30557443915703597,
INE345H01024,CIFL,ACTIVE,2025-04-30,2026-07-31,16,0,20.78,34.93,-0.4050959060979101,-0.37334137515078397,40.56,-0.48767258382643,
INE704H01022,CINELINE,ACTIVE,2018-01-31,2026-07-31,89,14,87.8,96.76,-0.09260024803637874,0.022475835565389454,161.3,-0.45567265964042164,"14 month(s) absent then trading again — suspension, not exit"
INE039B01026,CINEVISTA,ACTIVE,2018-02-28,2026-07-31,73,29,15.06,,,-0.04441624365482229,21.47,-0.2985561248253376,"29 month(s) absent then trading again — suspension, not exit"
INE059A01026,CIPLA,ACTIVE,2018-01-31,2026-07-31,103,0,1473.2,1554.6,-0.05236073588061229,0.1126888217522659,1654.9,-0.10979515378572725,
INE227W01023,CLEAN,ACTIVE,2021-07-30,2026-07-31,61,0,734.05,1222.3,-0.39945185306389597,-0.1474448315911731,2493.35,-0.7055968877213388,
INE647U01026,CLEANMAX,ACTIVE,2026-03-30,2026-07-31,5,0,1335.6,,,,1365.7,-0.02203997949769359,
INE419D01026,CLSEL,ACTIVE,2021-05-31,2026-07-31,63,0,285.5,319.25,-0.105716523101018,0.170321787251486,428.35,-0.33348896930080546,
INE11XY01018,CMLL,ACTIVE,2026-07-31,2026-07-31,1,0,556.1,,,,556.1,0.0,
INE05HV01027,CMPDI,ACTIVE,2026-03-30,2026-07-31,5,0,239.83,,,,247.91,-0.032592473074906154,
INE00WV01027,CMRGREEN,ACTIVE,2026-06-30,2026-07-31,2,0,216.7,,,,250.7,-0.135620263262864,
INE925R01014,CMSINFO,ACTIVE,2021-12-31,2026-07-31,56,0,263.7,458.3,-0.4246126991053895,-0.1637862692246711,598.2,-0.5591775325977935,
INE985W01018,CNL,ACTIVE,2019-08-30,2026-07-31,76,8,993.2,661.4,0.5016631387964924,0.4549183329671136,993.2,0.0,"8 month(s) absent then trading again — suspension, not exit"
INE522F01014,COALINDIA,ACTIVE,2018-01-31,2026-07-31,103,0,414.15,376.35,0.10043842168194488,-0.060351673284174755,524.95,-0.21106772073530825,
INE377E01024,COASTCORP,ACTIVE,2025-03-28,2026-07-31,14,3,48.84,35.33,0.3823945655250497,,60.25,-0.1893775933609958,"3 month(s) absent then trading again — suspension, not exit"
INE704P01025,COCHINSHIP,ACTIVE,2024-01-31,2026-07-31,28,3,1423.0,1770.8,-0.19640840298170317,-0.14271944093017655,2620.15,-0.45690132244337156,"3 month(s) absent then trading again — suspension, not exit"
INE515A01019,COCKERILL,ACTIVE,2026-04-30,2026-07-31,4,0,8645.5,,,,9209.0,-0.06119014008035617,
INE591G01025,COFORGE,ACTIVE,2025-06-30,2026-07-31,14,0,1721.0,1748.2,-0.015558860542272077,0.04063369210303546,1924.5,-0.10574175110418291,
INE03QK01018,COHANCE,ACTIVE,2020-03-31,2026-07-31,77,0,425.05,998.45,-0.5742901497320848,0.11473905061631261,1313.4,-0.6763742957210295,
INE259A01022,COLPAL,ACTIVE,2018-01-31,2026-07-31,103,0,2076.1,2245.3,-0.07535741326326115,-0.018021000851385825,3804.5,-0.45430411354974376,
INE819A01049,COMFINTE,ACTIVE,2026-04-30,2026-07-31,4,0,6.91,,,,7.3,-0.053424657534246536,
INE453B01029,COMPUSOFT,ACTIVE,2018-02-28,2026-07-31,90,12,13.43,20.58,-0.347424684159378,-0.05289139633286319,36.45,-0.6315500685871056,"12 month(s) absent then trading again — suspension, not exit"
INE073V01015,COMSYN,ACTIVE,2024-01-31,2026-07-31,23,8,214.81,134.07,0.6022227194749012,,214.81,0.0,"8 month(s) absent then trading again — suspension, not exit"
INE111A01025,CONCOR,ACTIVE,2018-06-29,2026-07-31,98,0,525.5,578.2,-0.09114493254929097,0.04629168740666999,1074.85,-0.5110945713355352,
INE338H01029,CONCORDBIO,ACTIVE,2023-08-31,2026-07-31,36,0,1420.8,1767.3,-0.19606178916992023,0.20898570456092572,2210.75,-0.3573221757322176,
INE552D01024,CONFIPET,ACTIVE,2019-06-28,2026-07-31,86,0,79.66,52.02,0.5313341022683582,1.4578833693304538,108.2,-0.2637707948243993,
INE663B01015,CONTROLPR,ACTIVE,2018-01-31,2026-07-31,103,0,572.5,758.4,-0.24512130801687762,-0.10588786506325154,1006.5,-0.431197218082464,
INE558D01021,CORALFINAC,ACTIVE,2018-01-31,2026-07-31,96,7,33.6,44.58,-0.24629878869448177,-0.038626609442060124,58.5,-0.4256410256410256,"7 month(s) absent then trading again — suspension, not exit"
INE0LZF01013,CORDELIA,ACTIVE,2026-07-31,2026-07-31,1,0,820.8,,,,820.8,0.0,
INE169A01031,COROMANDEL,ACTIVE,2018-01-31,2026-07-31,103,0,2073.6,2691.4,-0.22954596120977935,-0.09156225357048979,2691.4,-0.22954596120977935,
INE02ZQ01018,CORONA,ACTIVE,2025-12-31,2026-07-31,8,0,2098.8,,,0.4188750676041104,2098.8,0.0,
INE757A01017,COSMOFIRST,ACTIVE,2018-01-31,2026-07-31,103,0,892.3,1017.6,-0.12313286163522019,0.4984047019311502,1896.65,-0.5295389238921256,
INE695B01025,COUNCODOS,ACTIVE,2018-02-28,2026-07-31,80,22,5.95,,,0.14643545279383424,8.07,-0.2627013630731103,"22 month(s) absent then trading again — suspension, not exit; 1 split/bonus adjustment(s) applied (0.500)"
INE0P6P01016,CPEDU,ACTIVE,2025-09-30,2026-07-31,11,0,208.81,,,-0.04761687571265678,314.25,-0.3355290373906126,
INE536P01021,CPL,ACTIVE,2026-07-31,2026-07-31,1,0,71.04,,,,71.04,0.0,
INE819V01029,CPPLUS,ACTIVE,2025-08-29,2026-07-31,12,0,3391.0,,,1.4536903039073805,3647.0,-0.07019468055936386,
INE00LO01017,CRAFTSMAN,ACTIVE,2021-03-31,2026-07-31,65,0,9873.5,6752.0,0.4623074644549763,0.34939182725160584,9873.5,0.0,
INE218I01013,CRAMC,ACTIVE,2025-10-31,2026-07-31,10,0,261.27,,,0.04278587108361592,316.85,-0.1754142338646048,
INE230B01021,CREATIVEYE,ACTIVE,2018-01-31,2026-07-31,62,41,6.24,,,-0.07418397626112759,7.75,-0.19483870967741931,"41 month(s) absent then trading again — suspension, not exit"
INE741K01010,CREDITACC,ACTIVE,2018-08-31,2026-07-31,96,0,1592.8,1248.3,0.2759753264439638,0.2007538635506973,1697.45,-0.06165130048013202,
INE559D01011,CREST,ACTIVE,2018-01-31,2026-07-31,97,6,376.2,370.6,0.01511063140852662,0.04529035843289806,534.7,-0.29642790349728826,"6 month(s) absent then trading again — suspension, not exit"
INE007A01025,CRISIL,ACTIVE,2018-01-31,2026-07-31,103,0,4359.8,5304.0,-0.17801659125188535,-0.06524302652172984,6653.1,-0.34469645729058634,
INE0S4R01014,CRIZAC,ACTIVE,2025-07-31,2026-07-31,13,0,195.13,332.82,-0.41370710894777957,-0.22289924332935085,349.75,-0.44208720514653327,
INE299U01018,CROMPTON,ACTIVE,2018-01-31,2026-07-31,103,0,260.2,323.0,-0.19442724458204338,0.17498306615488823,487.1,-0.4658181071648533,
INE491V01019,CROWN,ACTIVE,2022-02-28,2026-07-31,34,20,114.59,156.69,-0.2686833875805731,0.00017456576765305257,215.83,-0.4690728814344623,"20 month(s) absent then trading again — suspension, not exit"
INE679A01013,CSBBANK,ACTIVE,2019-12-31,2026-07-31,80,0,329.9,420.2,-0.21489766777724897,-0.2468896244720923,459.1,-0.28142016989762586,
INE718F01018,CSLFINANCE,ACTIVE,2022-07-29,2026-07-31,49,0,212.96,305.25,-0.3023423423423423,-0.22192181220314205,499.3,-0.5734828760264371,
INE0ZK601013,CSM,ACTIVE,2026-07-31,2026-07-31,1,0,104.78,,,,104.78,0.0,
INE627H01017,CTE,ACTIVE,2018-01-31,2026-07-31,84,19,34.92,,,0.01541145681884272,126.44,-0.7238215754508067,"19 month(s) absent then trading again — suspension, not exit"
INE491A01021,CUB,ACTIVE,2018-01-31,2026-07-31,103,0,206.5,214.28,-0.036307634870263214,-0.3156586578293289,301.75,-0.3156586578293289,
INE144D01012,CUBEXTUB,ACTIVE,2018-08-31,2026-07-31,70,26,76.28,,,-0.4051314045075255,128.23,-0.4051314045075255,"26 month(s) absent then trading again — suspension, not exit"
INE298A01020,CUMMINSIND,ACTIVE,2018-01-31,2026-07-31,103,0,5519.0,3555.5,0.5522430037969344,0.34200607902735564,5881.0,-0.06155415745621493,
INE509F01029,CUPID,ACTIVE,2024-10-31,2026-07-31,22,0,230.62,150.89,0.5283981708529394,-0.4248877805486284,518.1,-0.5548735765296275,
INE117B01020,CURAA,ACTIVE,2026-06-30,2026-07-31,2,0,73.14,,,,82.97,-0.11847655779197298,
INE136B01020,CYIENT,ACTIVE,2018-01-31,2026-07-31,103,0,847.7,1205.6,-0.29686463171864624,-0.2551621122924171,2293.15,-0.6303338202908663,
INE055S01018,CYIENTDLM,ACTIVE,2023-07-31,2026-07-31,37,0,670.05,450.2,0.4883385162150155,0.7889467360832998,806.15,-0.16882714135086527,
INE016A01026,DABUR,ACTIVE,2018-01-31,2026-07-31,103,0,421.45,529.0,-0.20330812854442346,-0.16808132649032773,637.15,-0.3385388056187711,
INE00R701025,DALBHARAT,ACTIVE,2019-02-28,2026-07-31,90,0,1799.7,2235.5,-0.19494520241556695,-0.1286855482933914,2404.35,-0.2514816894378938,
INE495A01022,DALMIASUG,ACTIVE,2018-01-31,2026-07-31,102,1,350.9,369.15,-0.04943789787349316,0.27229876722262497,542.55,-0.3532393327803889,"1 month(s) absent then trading again — suspension, not exit"
INE284H01025,DAMCAPITAL,ACTIVE,2024-12-31,2026-07-31,20,0,152.86,221.1,-0.30863862505653544,-0.13589598643301296,381.5,-0.5993184796854522,
INE688Y01022,DANGEE,ACTIVE,2022-09-30,2026-07-31,40,7,2.94,,,-0.04234527687296414,22.75,-0.8707692307692307,"7 month(s) absent then trading again — suspension, not exit"
INE365B01017,DATAMATICS,ACTIVE,2018-01-31,2026-07-31,103,0,832.05,980.55,-0.15144561725562186,0.18787922050110628,1010.35,-0.17647349928242695,
INE0IX101010,DATAPATTNS,ACTIVE,2021-12-31,2026-07-31,56,0,4281.0,2640.9,0.6210382824037259,0.6022905906130698,4501.8,-0.0490470478475277,
INE179G01029,DAVANGERE,ACTIVE,2024-05-31,2026-07-31,27,0,3.19,3.29,-0.030395136778115527,-0.25641025641025644,10.6,-0.6990566037735849,
INE950I01011,DBCORP,ACTIVE,2018-01-31,2026-07-31,100,3,208.95,269.75,-0.22539388322520856,-0.1351407284768212,353.55,-0.40899448451421305,"3 month(s) absent then trading again — suspension, not exit"
INE917M01012,DBL,ACTIVE,2018-01-31,2026-07-31,103,0,429.2,481.1,-0.10787778008730001,-0.0633933442444081,1162.45,-0.6307798184868166,
INE0I3401014,DBOL,ACTIVE,2022-09-30,2026-07-31,40,7,97.88,79.01,0.23883052778129338,-0.05365947984143876,202.5,-0.516641975308642,"7 month(s) absent then trading again — suspension, not exit"
INE385W01011,DCAL,ACTIVE,2018-01-31,2026-07-31,100,3,186.94,,,-0.14432187485695977,375.8,-0.5025545502927089,"3 month(s) absent then trading again — suspension, not exit"
INE503A01015,DCBBANK,ACTIVE,2018-01-31,2026-07-31,103,0,186.09,134.57,0.3828490748309431,-0.06801222016326931,237.1,-0.21514129059468576,
INE0A1101019,DCI,ACTIVE,2022-10-31,2026-07-31,27,19,329.7,215.3,0.5313516024152344,0.4918552036199095,431.8,-0.23645206113941644,"19 month(s) absent then trading again — suspension, not exit"
INE891B01012,DCMFINSERV,ACTIVE,2018-06-29,2026-07-31,35,63,5.22,,,0.30499999999999994,5.76,-0.09375000000000001,"63 month(s) absent then trading again — suspension, not exit"
INE499A01024,DCMSHRIRAM,ACTIVE,2018-01-31,2026-07-31,103,0,1033.9,1429.6,-0.2767907106883043,-0.12217694005773465,1429.6,-0.2767907106883043,
INE843D01027,DCMSRIND,ACTIVE,2021-12-31,2026-07-31,55,1,39.26,168.52,-0.7670306195110373,0.03180026281208938,218.93,-0.8206732745626456,"1 month(s) absent then trading again — suspension, not exit"
INE500A01029,DCW,ACTIVE,2018-02-28,2026-07-31,99,3,46.19,76.8,-0.3985677083333333,0.006976237192064537,100.06,-0.5383769738157106,"3 month(s) absent then trading again — suspension, not exit"
INE0KL801015,DCXINDIA,ACTIVE,2022-11-30,2026-07-31,42,3,180.37,262.0,-0.31156488549618316,0.01852165565531651,361.25,-0.5007058823529411,"3 month(s) absent then trading again — suspension, not exit"
INE0HR601026,DDEVPLSTIK,ACTIVE,2025-01-31,2026-07-31,19,0,268.15,297.1,-0.09744193874116473,-0.06860020840569643,338.65,-0.20817953639450762,
INE583C01021,DECCANCE,ACTIVE,2018-01-31,2026-07-31,103,0,553.2,1055.85,-0.47606194061656476,-0.12301838934686099,1106.1,-0.49986438839164626,
INE945F01025,DECNGOLD,ACTIVE,2026-04-30,2026-07-31,4,0,197.73,,,,198.22,-0.002472000807183983,
INE501A01019,DEEPAKFERT,ACTIVE,2018-01-31,2026-07-31,100,3,1552.8,1598.8,-0.028771578684013012,0.47073309338889946,1707.4,-0.09054703057280082,"3 month(s) absent then trading again — suspension, not exit"
INE288B01029,DEEPAKNTR,ACTIVE,2018-01-31,2026-07-31,103,0,1662.2,1840.4,-0.09682677678765488,0.011993911719939144,3092.3,-0.46247129967984996,
INE0FHS01024,DEEPINDS,ACTIVE,2023-04-28,2026-07-31,40,0,596.9,477.65,0.24965979273526642,0.6052171574559633,596.9,0.0,
INE148O01028,DELHIVERY,ACTIVE,2022-05-31,2026-07-31,51,0,481.95,425.25,0.1333333333333333,0.13949639437285732,635.0,-0.24102362204724412,
INE124G01033,DELTACORP,ACTIVE,2018-01-31,2026-07-31,103,0,62.97,85.52,-0.26368101028999064,-0.024023558586484767,346.85,-0.8184517803084906,
INE393A01011,DELTAMAGNT,ACTIVE,2018-06-29,2026-07-31,81,17,56.86,,,-0.11058970749257001,108.37,-0.47531604687644186,"17 month(s) absent then trading again — suspension, not exit"
INE947J01015,DEN,ACTIVE,2018-01-31,2026-07-31,100,3,27.41,37.01,-0.25938935422858683,-0.025248933143670015,110.5,-0.7519457013574661,"3 month(s) absent then trading again — suspension, not exit"
INE244A01016,DENORA,ACTIVE,2018-01-31,2026-07-31,97,6,906.4,891.65,0.016542365277855662,0.4716674784867673,1931.2,-0.5306545153272577,"6 month(s) absent then trading again — suspension, not exit"
INE0R4L01018,DENTA,ACTIVE,2025-02-28,2026-07-31,18,0,354.25,319.5,0.10876369327073553,0.3235568839902859,442.25,-0.1989824759751272,
INE060X01034,DEVIT,ACTIVE,2025-08-29,2026-07-31,12,0,27.03,,,-0.11983067404754151,43.93,-0.3847029364898702,
INE0VOV01021,DEVX,ACTIVE,2025-10-31,2026-07-31,10,0,33.94,,,-0.11221553753596651,45.21,-0.2492811324928114,
INE872J01023,DEVYANI,ACTIVE,2021-08-31,2026-07-31,60,0,114.18,163.1,-0.29993868792152045,-0.01721466689619556,214.35,-0.4673198040587823,
INE03JI01017,DGCONTENT,ACTIVE,2019-07-31,2026-07-31,52,33,23.96,,,-0.07775211701308697,45.48,-0.47317502198768685,"33 month(s) absent then trading again — suspension, not exit"
INE041A01016,DHAMPURSUG,ACTIVE,2018-01-31,2026-07-31,103,0,135.48,139.62,-0.029651912333476683,0.15953440602533367,534.7,-0.7466242752945577,
INE680A01011,DHANBANK,ACTIVE,2018-01-31,2026-07-31,95,8,32.07,27.0,0.1877777777777778,0.3285004142502071,54.8,-0.4147810218978102,"8 month(s) absent then trading again — suspension, not exit"
INE435G01025,DHANUKA,ACTIVE,2018-01-31,2026-07-31,103,0,1021.9,1910.2,-0.46502983980735,-0.08652900688298924,1910.2,-0.46502983980735,
INE00OQ01016,DHARMAJ,ACTIVE,2022-12-30,2026-07-31,41,3,267.85,,,0.10027111403220516,374.95,-0.2856380850780103,"3 month(s) absent then trading again — suspension, not exit"
INE320L01011,DHUNINV,ACTIVE,2018-01-31,2026-07-31,103,0,846.55,1496.1,-0.4341621549361674,-0.15378848460615757,2355.65,-0.6406299747415788,
INE989C01038,DIACABS,ACTIVE,2025-03-28,2026-07-31,17,0,323.97,169.28,0.913811436672968,1.6437897829280235,323.97,0.0,
INE591D01014,DIAMINESQ,ACTIVE,2023-09-29,2026-07-31,35,0,243.05,402.2,-0.3956986573843858,-0.04592737978410202,611.85,-0.6027621148974421,
INE393P01035,DIAMONDYD,ACTIVE,2018-01-31,2026-07-31,103,0,1159.5,972.1,0.1927785207283201,0.036100437851845316,1378.45,-0.15883782509340202,
INE303A01010,DICIND,ACTIVE,2018-01-31,2026-07-31,100,3,514.65,618.4,-0.16777166882276845,-0.0766125414909842,690.8,-0.254994209612044,"3 month(s) absent then trading again — suspension, not exit"
INE184O01015,DIFFNKG,ACTIVE,2024-10-31,2026-07-31,19,3,383.65,332.2,0.1548765803732691,0.597210657785179,424.2,-0.09559170202734563,"3 month(s) absent then trading again — suspension, not exit"
INE0PSC01024,DIGIDRIVE,ACTIVE,2024-10-31,2026-07-31,22,0,17.76,32.58,-0.45488029465930013,-0.18606782768102653,44.87,-0.6041898818809894,
INE0U4701011,DIGITIDE,ACTIVE,2025-06-30,2026-07-31,14,0,101.33,232.59,-0.5643406853261103,-0.11664196669863129,232.59,-0.5643406853261103,
INE731U01028,DIGJAMLMTD,ACTIVE,2021-11-30,2026-07-31,12,45,48.95,,,0.015138946495230277,254.55,-0.8076998625024554,"45 month(s) absent then trading again — suspension, not exit"
INE131C01011,DISAQ,ACTIVE,2026-04-30,2026-07-31,4,0,12225.0,,,,12432.5,-0.016690126684094107,
INE753U01022,DIVGIITTS,ACTIVE,2023-03-31,2026-07-31,41,0,962.75,640.8,0.5024188514357055,0.5677414101937794,1044.0,-0.0778256704980843,
INE361B01024,DIVISLAB,ACTIVE,2018-01-31,2026-07-31,103,0,8056.0,6595.5,0.22143885982867106,0.3313501900512312,8056.0,0.0,
INE935N01020,DIXON,ACTIVE,2021-03-31,2026-07-31,65,0,14049.0,16841.0,-0.1657858796983552,0.3449167145318782,17936.3,-0.21672808773269847,
INE0B1K01014,DJML,ACTIVE,2022-12-30,2026-07-31,30,14,114.81,112.65,0.019174434087882792,0.5525354969574037,170.65,-0.3272194550249048,"14 month(s) absent then trading again — suspension, not exit"
INE271C01023,DLF,ACTIVE,2018-01-31,2026-07-31,103,0,659.3,784.25,-0.1593241950908512,0.037042862760519,901.2,-0.26841988459831345,
INE250K01012,DLINKINDIA,ACTIVE,2018-01-31,2026-07-31,100,3,451.8,513.0,-0.11929824561403507,0.09540550369741793,624.65,-0.2767149603778115,"3 month(s) absent then trading again — suspension, not exit"
INE192R01011,DMART,ACTIVE,2018-01-31,2026-07-31,101,2,3921.0,4267.4,-0.08117354829638648,0.06274562948909067,5096.3,-0.2306182917018229,"2 month(s) absent then trading again — suspension, not exit"
INE505A01010,DMCC,ACTIVE,2021-12-31,2026-07-31,52,4,282.75,313.8,-0.0989483747609943,0.2127385803131031,441.15,-0.3590615436926215,"4 month(s) absent then trading again — suspension, not exit"
INE016M01021,DNAMEDIA,ACTIVE,2018-01-31,2026-07-31,69,34,2.83,4.64,-0.39008620689655166,-0.1398176291793313,8.8,-0.678409090909091,"34 month(s) absent then trading again — suspension, not exit"
INE021O01019,DODLA,ACTIVE,2021-06-30,2026-07-31,62,0,1040.6,1271.9,-0.18185391933328104,-0.12207879861638408,1433.8,-0.2742362951597155,
INE966A01022,DOLATALGO,ACTIVE,2019-08-30,2026-07-31,84,0,68.17,90.49,-0.24665708918112492,-0.13839737108190095,160.73,-0.5758725813476016,
INE325C01035,DOLLAR,ACTIVE,2018-01-31,2026-07-31,103,0,264.0,380.65,-0.30644949428608953,-0.16003818008272355,622.2,-0.5756991321118612,
INE920A01037,DOLPHIN,ACTIVE,2025-01-31,2026-07-31,15,4,393.8,436.5,-0.09782359679266893,-0.13517074777643573,479.2,-0.17821368948247074,"4 month(s) absent then trading again — suspension, not exit"
INE321T01012,DOMS,ACTIVE,2023-12-29,2026-07-31,32,0,2260.0,2342.6,-0.0352599675574148,-0.051217464315701094,2995.85,-0.24562311197156064,
INE668D01028,DONEAR,ACTIVE,2018-02-28,2026-07-31,96,6,84.74,101.05,-0.16140524492825337,-0.027318640955004702,153.66,-0.44852271248210335,"6 month(s) absent then trading again — suspension, not exit"
INE266Y01019,DPABHUSHAN,ACTIVE,2020-11-27,2026-07-31,69,0,1317.95,1662.0,-0.2070096269554753,0.034660072224839134,1775.8,-0.25782745804707735,
INE934C01018,DRAGARWQ,ACTIVE,2026-04-30,2026-07-31,4,0,5022.5,,,,5094.2,-0.014074830199049865,
INE03RS01027,DRCSYSTEMS,ACTIVE,2022-08-30,2026-07-31,32,16,13.12,,,-0.1419228253760628,53.3,-0.7538461538461538,"16 month(s) absent then trading again — suspension, not exit"
INE0JS101016,DREAMFOLKS,ACTIVE,2022-09-30,2026-07-31,44,3,66.66,,,-0.2763000759960917,783.3,-0.9148985063194179,"3 month(s) absent then trading again — suspension, not exit"
INE506A01018,DREDGECORP,ACTIVE,2018-01-31,2026-07-31,97,6,1139.4,668.0,0.7056886227544912,0.012125249833444452,1161.05,-0.018646914430902946,"6 month(s) absent then trading again — suspension, not exit"
INE089A01031,DRREDDY,ACTIVE,2024-10-31,2026-07-31,22,0,1148.1,1270.3,-0.09619774856333153,-0.05746654626056975,1388.5,-0.17313647821389996,
INE417B01040,DSSL,ACTIVE,2018-01-31,2026-07-31,100,3,1233.1,999.6,0.23359343737494986,0.3475030051360506,1745.9,-0.29371670771521863,"3 month(s) absent then trading again — suspension, not exit"
INE341R01014,DTIL,ACTIVE,2018-02-28,2026-07-31,102,0,130.87,192.51,-0.32019115890083627,-0.09856729577076734,519.35,-0.7480119379994223,
INE741L01018,DUCON,ACTIVE,2018-01-31,2026-07-31,73,30,2.95,5.76,-0.48784722222222215,-0.078125,40.65,-0.9274292742927428,"30 month(s) absent then trading again — suspension, not exit"
INE477B01010,DVL,ACTIVE,2018-01-31,2026-07-31,100,3,240.64,350.25,-0.31294789436117065,-0.06656322730799079,537.1,-0.5519642524669522,"3 month(s) absent then trading again — suspension, not exit"
INE366A01041,DWARKESH,ACTIVE,2018-01-31,2026-07-31,100,3,37.04,42.46,-0.1276495525200189,0.05107832009080582,127.5,-0.7094901960784314,"3 month(s) absent then trading again — suspension, not exit"
INE600Y01019,DYCL,ACTIVE,2022-07-29,2026-07-31,46,3,395.2,399.8,-0.011505752876438275,0.3492659610788666,964.25,-0.5901477832512315,"3 month(s) absent then trading again — suspension, not exit"
INE221B01012,DYNAMATECH,ACTIVE,2018-01-31,2026-07-31,100,3,10339.0,6620.0,0.5617824773413898,0.1751534439645374,11568.0,-0.10624135546334716,"3 month(s) absent then trading again — suspension, not exit"
INE256H01015,DYNPRO,ACTIVE,2018-02-28,2026-07-31,97,5,263.12,365.75,-0.28060150375939846,0.18070450975992824,623.25,-0.5778259125551545,"5 month(s) absent then trading again — suspension, not exit"
INE255Z01027,E2E,ACTIVE,2026-06-30,2026-07-31,2,0,517.15,,,,517.15,0.0,
INE07O001026,EASEMYTRIP,ACTIVE,2022-11-30,2026-07-31,45,0,6.61,9.82,-0.32688391038696535,0.04754358161648189,62.8,-0.8947452229299363,
INE18JU01028,EBGNG,ACTIVE,2025-07-31,2026-07-31,13,0,528.65,331.09,0.5966957624815006,1.1078548644338115,625.45,-0.15476856663202504,
INE738I01010,ECLERX,ACTIVE,2018-01-31,2026-07-31,100,3,1845.5,3767.2,-0.5101136122318963,-0.6032206742346061,4727.6,-0.609632794652678,"3 month(s) absent then trading again — suspension, not exit"
INE532F01054,EDELWEISS,ACTIVE,2018-01-31,2026-07-31,103,0,115.47,103.35,0.11727140783744562,0.081281018821987,326.3,-0.6461231995096537,
INE886D01026,EFCIL,ACTIVE,2025-08-29,2026-07-31,12,0,194.86,,,-0.23942232630757213,338.15,-0.42374685790329725,
INE066A01021,EICHERMOT,ACTIVE,2020-08-31,2026-07-31,72,0,7833.5,5468.5,0.4324769132303191,0.09982449982449983,8010.5,-0.02209599900131078,
INE126A01031,EIDPARRY,ACTIVE,2018-01-31,2026-07-31,103,0,760.05,1233.5,-0.3838265099310904,-0.17663308417289575,1233.5,-0.3838265099310904,
INE0LLY01014,EIEL,ACTIVE,2024-11-29,2026-07-31,21,0,220.06,252.89,-0.129819289018941,0.21930407801418447,311.87,-0.294385481129958,
INE276C01014,EIHAHOTELS,ACTIVE,2018-01-31,2026-07-31,103,0,309.95,387.05,-0.19919906988761146,-0.06711813393528973,940.45,-0.6704237333191557,
INE230A01023,EIHOTEL,ACTIVE,2018-01-31,2026-07-31,103,0,327.0,375.5,-0.12916111850865514,0.039580352885073875,478.35,-0.3164001254311697,1 split/bonus adjustment(s) applied (0.499)
INE158B01016,EIMCOELECO,ACTIVE,2018-01-31,2026-07-31,93,10,1780.8,2255.4,-0.2104283054003725,0.01066969353007943,2951.5,-0.3966457733355921,"10 month(s) absent then trading again — suspension, not exit"
INE184H01027,EKC,ACTIVE,2018-01-31,2026-07-31,97,6,106.77,128.78,-0.17091163224103126,-0.021804855703160875,239.75,-0.5546611053180397,"6 month(s) absent then trading again — suspension, not exit"
INE280B01018,ELANTAS,ACTIVE,2026-04-30,2026-07-31,4,0,9370.0,,,,10724.0,-0.12625885863483774,
INE927X01018,ELCIDIN,ACTIVE,2026-04-30,2026-07-31,4,0,111000.0,,,,125000.5,-0.11200355198579205,
INE668G01021,ELDEHSG,ACTIVE,2022-04-29,2026-07-31,52,0,771.8,741.6,0.04072276159654791,-0.1064026861178651,1121.55,-0.3118452142124738,
INE205B01031,ELECON,ACTIVE,2024-07-31,2026-07-31,25,0,419.05,570.25,-0.2651468654099079,0.026831658907130577,700.05,-0.4013999000071423,
INE086A01029,ELECTCAST,ACTIVE,2018-01-31,2026-07-31,103,0,70.65,110.95,-0.3632266786840919,-0.00660854893138356,216.51,-0.6736871276153527,
INE822G01016,ELECTHERM,ACTIVE,2018-01-31,2026-07-31,79,24,1007.6,953.3,0.056960033567607336,0.2553416806827385,1172.7,-0.14078621983456982,"24 month(s) absent then trading again — suspension, not exit"
INE285A01027,ELGIEQUIP,ACTIVE,2018-01-31,2026-07-31,103,0,569.65,568.35,0.002287322952406008,0.32108070500927643,718.45,-0.20711253392720447,
INE819L01012,ELGIRUBCO,ACTIVE,2018-01-31,2026-07-31,80,23,59.69,,,0.44422937333655943,136.05,-0.5612642410878355,"23 month(s) absent then trading again — suspension, not exit"
INE050401020,ELIN,ACTIVE,2022-12-30,2026-07-31,41,3,100.6,,,-0.3291544411843159,238.15,-0.5775771572538316,"3 month(s) absent then trading again — suspension, not exit"
INE669R01026,ELITECON,ACTIVE,2026-04-30,2026-07-31,4,0,15.64,,,,36.9,-0.5761517615176152,
INE236E01022,ELLEN,ACTIVE,2025-07-31,2026-07-31,13,0,263.45,577.65,-0.5439279840734008,-0.02929255711127483,577.65,-0.5439279840734008,
INE579B01039,ELPROINTL,ACTIVE,2026-04-30,2026-07-31,4,0,177.0,,,,177.0,0.0,
INE548C01032,EMAMILTD,ACTIVE,2018-01-31,2026-07-31,103,0,398.05,600.65,-0.33730125697161406,-0.17724266225713103,816.95,-0.5127608788787563,1 split/bonus adjustment(s) applied (0.506)
INE069I01010,EMBDL,ACTIVE,2018-01-31,2026-07-31,98,5,61.14,105.46,-0.4202541247866489,,215.7,-0.7165507649513213,"5 month(s) absent then trading again — suspension, not exit"
INE168P01015,EMCURE,ACTIVE,2024-07-31,2026-07-31,25,0,1960.1,1409.6,0.3905363223609535,0.33904905041672356,1960.1,0.0,
INE02YR01019,EMIL,ACTIVE,2022-10-31,2026-07-31,44,2,130.16,127.49,0.020942819044630967,0.4279758639605045,229.41,-0.43263153306307484,"2 month(s) absent then trading again — suspension, not exit"
INE296H01011,EMKAY,ACTIVE,2018-01-31,2026-07-31,83,20,241.75,237.6,0.01746632996632999,-0.03493013972055888,283.8,-0.14816772374911913,"20 month(s) absent then trading again — suspension, not exit; 1 split/bonus adjustment(s) applied (0.495)"
INE1C6T01020,EMMVEE,ACTIVE,2025-11-28,2026-07-31,9,0,317.6,,,0.6570146606145982,343.0,-0.07405247813411073,
INE0OV601013,EMSLIMITED,ACTIVE,2023-09-29,2026-07-31,35,0,411.5,602.4,-0.31689907038512616,0.22909199522102744,851.65,-0.5168202900252451,
INE01QM01018,EMUDHRA,ACTIVE,2022-06-30,2026-07-31,50,0,464.1,776.3,-0.4021641118124436,-0.1318742985409652,935.35,-0.5038220986796387,
INE913H01037,ENDURANCE,ACTIVE,2018-01-31,2026-07-31,103,0,2758.3,2551.7,0.08096563075596676,0.1365996373825614,2868.8,-0.038517847183491355,
INE306C01019,ENERGYDEV,ACTIVE,2018-01-31,2026-07-31,79,24,16.72,,,,38.4,-0.5645833333333333,"24 month(s) absent then trading again — suspension, not exit"
INE510A01028,ENGINERSIN,ACTIVE,2018-01-31,2026-07-31,103,0,222.38,213.79,0.04017961551054775,0.28938366092653794,262.05,-0.1513833237931693,
INE265F01028,ENIL,ACTIVE,2018-01-31,2026-07-31,103,0,108.0,147.6,-0.26829268292682923,-0.06168549087749778,742.25,-0.854496463455709,
INE1NPP01017,ENRIN,ACTIVE,2025-07-31,2026-07-31,13,0,3230.8,3237.9,-0.0021927792705148117,0.2989707301383083,3872.1,-0.16562072260530455,
INE010601016,ENTERO,ACTIVE,2024-02-29,2026-07-31,30,0,1243.9,1286.6,-0.033188248095756115,0.12580324011222735,1424.15,-0.12656672401081345,
INE0G5901015,EPACK,ACTIVE,2024-01-31,2026-07-31,29,2,229.59,390.9,-0.4126630851880276,0.014538223596995104,553.25,-0.5850158156348847,"2 month(s) absent then trading again — suspension, not exit"
INE0MLS01022,EPACKPEB,ACTIVE,2025-10-31,2026-07-31,10,0,267.31,,,0.29353980159690296,322.15,-0.17023125873040504,
INE071N01016,EPIGRAL,ACTIVE,2021-09-30,2026-07-31,59,0,1088.7,2019.2,-0.4608260697305864,0.04371584699453565,2286.25,-0.5238053581191908,
INE255A01020,EPL,ACTIVE,2018-01-31,2026-07-31,103,0,222.42,222.96,-0.002421959095802029,0.15886000104204648,284.75,-0.21889376646180864,
INE063P01018,EQUITASBNK,ACTIVE,2020-11-27,2026-07-31,69,0,75.21,59.26,0.2691528855889301,0.07274283269148472,105.5,-0.28710900473933654,
INE406M01024,ERIS,ACTIVE,2018-01-31,2026-07-31,103,0,1354.7,1798.9,-0.24692867863694482,-0.015121773900399822,1800.2,-0.2474725030552161,
INE284A01012,ESABINDIA,ACTIVE,2018-01-31,2026-07-31,103,0,5628.5,5328.5,0.056301022801914236,0.010049349484073575,6511.0,-0.13553985562893564,
INE818W01011,ESAFSFB,ACTIVE,2023-11-30,2026-07-31,33,0,42.05,31.15,0.3499197431781701,0.43417462482946784,69.25,-0.39277978339350184,
INE042A01014,ESCORTS,ACTIVE,2018-01-31,2026-07-31,103,0,3086.0,3359.2,-0.08132888783043576,-0.08719829626124,4268.8,-0.2770802098950525,
INE122M01019,ESSARSHPNG,ACTIVE,2018-01-31,2026-07-31,70,33,19.93,,,,49.43,-0.5968035605907344,"33 month(s) absent then trading again — suspension, not exit"
INE778B01029,ESTER,ACTIVE,2018-01-31,2026-07-31,100,3,87.9,114.33,-0.2311729204933088,-0.07726222968717195,172.95,-0.4917606244579358,"3 month(s) absent then trading again — suspension, not exit"
INE758T01015,ETERNAL,ACTIVE,2021-07-30,2026-07-31,61,0,302.45,307.8,-0.017381416504223594,0.1054459064327484,325.5,-0.07081413210445472,
INE04TZ01018,ETHOSLTD,ACTIVE,2022-05-31,2026-07-31,51,0,2575.4,2760.3,-0.0669854725935587,0.00901112678263595,3442.3,-0.2518374342735962,
INE0KCE01017,EUREKAFORB,ACTIVE,2024-09-30,2026-07-31,23,0,448.45,558.15,-0.19654214816805518,-0.17609774021679217,651.1,-0.3112425126708647,
INE505V01016,EUROBOND,ACTIVE,2025-08-29,2026-07-31,12,0,158.29,,,-0.0977542179662563,232.77,-0.3199725050479014,
INE198501012,EUROPRATIK,ACTIVE,2025-09-30,2026-07-31,11,0,305.05,,,0.3916514598540147,340.9,-0.105162804341449,
INE128A01029,EVEREADY,ACTIVE,2018-01-31,2026-07-31,101,2,342.85,422.65,-0.18880870696794028,0.017963182897862265,458.6,-0.25239860444832096,"2 month(s) absent then trading again — suspension, not exit"
INE369A01029,EXCELINDUS,ACTIVE,2018-01-31,2026-07-31,103,0,986.3,1356.2,-0.27274738239197766,0.04647214854111401,1650.2,-0.40231487092473645,
INE606N01019,EXCELSOFT,ACTIVE,2025-11-28,2026-07-31,9,0,77.41,,,0.10966169724770629,119.79,-0.3537857918023208,
INE777F01014,EXICOM,ACTIVE,2024-03-28,2026-07-31,26,3,158.37,166.31,-0.04774216824003366,0.5922984114216772,454.0,-0.6511674008810573,"3 month(s) absent then trading again — suspension, not exit"
INE302A01020,EXIDEIND,ACTIVE,2018-01-31,2026-07-31,103,0,449.8,384.3,0.17043976060369503,0.3986318407960198,564.5,-0.20318866253321521,
INE201K01015,EXPLEOSOL,ACTIVE,2018-01-31,2026-07-31,100,3,802.85,1207.6,-0.33516893010930765,-0.116096003523065,1722.15,-0.5338094823331301,"3 month(s) absent then trading again — suspension, not exit"
INE0GFE01026,EXXARO,ACTIVE,2024-12-31,2026-07-31,14,6,6.06,,,,9.31,-0.34908700322234165,"6 month(s) absent then trading again — suspension, not exit"
INE0HF201011,FABTECH,ACTIVE,2025-10-31,2026-07-31,10,0,149.46,,,-0.08267354078438592,239.67,-0.37639253974214537,
INE188A01015,FACT,ACTIVE,2018-01-31,2026-07-31,103,0,826.65,940.55,-0.12109935675934291,0.012121212121212093,1027.6,-0.19555274425846628,
INE963C01033,FAZE3Q,ACTIVE,2022-11-30,2026-07-31,42,3,536.95,611.2,-0.12148232984293193,0.43454448303499876,611.2,-0.12148232984293193,"3 month(s) absent then trading again — suspension, not exit"
INE045J01034,FCL,ACTIVE,2025-10-31,2026-07-31,10,0,39.32,,,0.7616487455197133,39.99,-0.016754188547136825,
INE512B01022,FCSSOFT,ACTIVE,2018-07-31,2026-07-31,75,22,1.5,2.53,-0.40711462450592883,-0.03225806451612906,5.3,-0.7169811320754716,"22 month(s) absent then trading again — suspension, not exit"
INE258B01022,FDC,ACTIVE,2018-01-31,2026-07-31,103,0,409.8,479.35,-0.14509231250651927,0.08484447385837197,546.55,-0.2502058366114719,
INE417D01020,FEDDERSHOL,ACTIVE,2026-04-30,2026-07-31,4,0,42.17,,,,42.17,0.0,
INE171A01029,FEDERALBNK,ACTIVE,2018-01-31,2026-07-31,103,0,358.85,202.43,0.7727115546114707,0.24708948740225897,358.85,0.0,
INE007N01010,FEDFINA,ACTIVE,2023-11-30,2026-07-31,33,0,153.83,135.51,0.13519297468821506,0.008589037503278272,161.69,-0.04861154060238719,
INE225B01021,FERMENTA,ACTIVE,2026-04-30,2026-07-31,4,0,501.35,,,,501.35,0.0,
INE296C01020,FIBERWEB,ACTIVE,2022-02-28,2026-07-31,48,6,29.27,48.41,-0.3953728568477587,-0.2367666232073012,64.26,-0.5445066915655152,"6 month(s) absent then trading again — suspension, not exit"
INE737H01014,FIEMIND,ACTIVE,2018-01-31,2026-07-31,103,0,2323.3,1923.7,0.20772469719810788,0.0704971662903746,2386.85,-0.026625049751764766,
INE816B01035,FILATEX,ACTIVE,2022-12-30,2026-07-31,44,0,73.52,55.38,0.3275550740339471,0.5996518711923411,73.52,0.0,
INE235A01022,FINCABLES,ACTIVE,2018-01-31,2026-07-31,103,0,987.6,883.45,0.11789008998811475,0.3673935617860852,1559.4,-0.3666794921123509,
INE686Y01026,FINEORG,ACTIVE,2018-07-31,2026-07-31,97,0,4816.5,5302.8,-0.09170626838651282,0.1350835434685268,6977.6,-0.30971967438660863,
INE734I01027,FINKURVE,ACTIVE,2025-10-31,2026-07-31,10,0,62.73,,,-0.23453325198291647,113.57,-0.44765342960288806,
INE02NC01014,FINOPB,ACTIVE,2021-11-30,2026-07-31,57,0,159.09,268.0,-0.40638059701492535,-0.2643236994219653,447.0,-0.6440939597315436,
INE183A01024,FINPIPE,ACTIVE,2021-04-30,2026-07-31,64,0,162.37,206.26,-0.2127896829244642,-0.07969166241568895,325.45,-0.501090797357505,
INE02RE01045,FIRSTCRY,ACTIVE,2024-08-30,2026-07-31,24,0,212.26,343.35,-0.38179700014562407,-0.23261026753434572,652.05,-0.674472816501802,
INE771F01041,FISCHER,ACTIVE,2025-09-30,2026-07-31,11,0,39.13,,,0.016099714359906637,117.71,-0.6675728485260385,
INE128S01021,FIVESTAR,ACTIVE,2022-11-30,2026-07-31,45,0,547.95,593.8,-0.07721455035365428,0.2017765105823008,793.25,-0.3092341632524424,
INE00Y201027,FLAIR,ACTIVE,2023-12-29,2026-07-31,32,0,259.1,344.5,-0.24789550072568933,-0.13762689299384245,348.65,-0.25684784167503216,
INE09N301011,FLUOROCHEM,ACTIVE,2019-10-31,2026-07-31,79,3,4366.8,3594.0,0.2150250417362271,0.43009661044702807,4366.8,0.0,"3 month(s) absent then trading again — suspension, not exit"
INE529A01010,FMGOETZE,ACTIVE,2018-01-31,2026-07-31,103,0,474.35,575.0,-0.17504347826086952,0.09841380108834086,658.6,-0.2797600971758275,
INE976E01023,FOODSIN,ACTIVE,2021-11-30,2026-07-31,52,5,54.61,,,-0.0905911740216486,197.45,-0.7234236515573562,"5 month(s) absent then trading again — suspension, not exit"
INE451A01017,FORCEMOT,ACTIVE,2019-08-30,2026-07-31,80,4,17902.0,16944.0,0.05653918791312559,-0.06736129200312581,24341.0,-0.26453309231338074,"4 month(s) absent then trading again — suspension, not exit"
INE061F01013,FORTIS,ACTIVE,2018-01-31,2026-07-31,103,0,945.0,857.45,0.10210507901335349,0.1098062243100411,1023.05,-0.07629148135477246,
INE519A01011,FOSECOIND,ACTIVE,2018-01-31,2026-07-31,103,0,5133.5,5412.6,-0.0515648671618077,0.14286032325571035,6233.0,-0.17639980747633563,
INE212S01015,FRACTAL,ACTIVE,2026-02-27,2026-07-31,6,0,812.05,,,,1002.4,-0.18989425379090186,
INE572D01014,FRONTSP,ACTIVE,2026-04-30,2026-07-31,4,0,1349.3,,,,1584.0,-0.14816919191919195,
INE684F01012,FSL,ACTIVE,2018-01-31,2026-07-31,103,0,302.12,341.7,-0.11583260169739533,-0.05543223385962175,376.0,-0.19648936170212764,
INE139R01012,FUSION,ACTIVE,2022-11-30,2026-07-31,45,0,207.83,162.96,0.27534364261168387,0.13339150351747836,661.85,-0.6859862506610258,
INE524A01029,GABRIEL,ACTIVE,2018-01-31,2026-07-31,103,0,1441.8,1037.25,0.3900216919739696,0.5446753803299764,1441.8,0.0,
INE036B01030,GAEL,ACTIVE,2020-10-30,2026-07-31,70,0,172.11,110.26,0.5609468528931617,0.22055173391958036,392.6,-0.5616148751910341,
INE129A01019,GAIL,ACTIVE,2018-01-31,2026-07-31,103,0,181.44,177.68,0.021161638901395715,0.0845836571223624,478.6,-0.6208942749686586,
INE0RE001014,GALAPREC,ACTIVE,2024-09-30,2026-07-31,23,0,1093.9,825.35,0.32537711274004977,0.5288609364081064,1318.5,-0.1703450891164201,
INE600K01018,GALAXYSURF,ACTIVE,2018-02-28,2026-07-31,102,0,1944.5,2665.9,-0.27060279830451256,0.07211777030379883,3293.1,-0.4095229419088397,
INE297H01019,GALLANTT,ACTIVE,2018-01-31,2026-07-31,90,13,614.6,766.2,-0.19785956669276952,0.18158223589349234,861.85,-0.2868828682485351,"13 month(s) absent then trading again — suspension, not exit"
INE717W01049,GANDHAR,ACTIVE,2023-11-30,2026-07-31,33,0,223.25,163.63,0.3643586139460979,0.4901214791082633,301.4,-0.2592899800928997,
INE524B01027,GANDHITUBE,ACTIVE,2018-01-31,2026-07-31,103,0,876.35,769.05,0.13952278785514605,0.19458833151581242,967.9,-0.09458621758446116,
INE845D01014,GANECOS,ACTIVE,2018-01-31,2026-07-31,103,0,1183.8,1484.9,-0.20277459761600117,0.7276707530647984,2399.05,-0.5065546778933329,
INE652V01016,GANESHCP,ACTIVE,2025-09-30,2026-07-31,11,0,178.28,,,-0.0829218106995885,285.1,-0.3746755524377412,
INE460C01014,GANESHHOU,ACTIVE,2018-01-31,2026-07-31,99,4,740.6,894.2,-0.1717736524267502,0.013548651977555736,1354.7,-0.4533106960950764,"4 month(s) absent then trading again — suspension, not exit"
INE335W01016,GANGESSECU,ACTIVE,2018-02-28,2026-07-31,99,3,113.13,157.64,-0.28235219487439733,-0.05012594458438287,214.79,-0.47329950183900554,"3 month(s) absent then trading again — suspension, not exit"
INE276A01018,GARFIBRES,ACTIVE,2018-01-31,2026-07-31,103,0,732.9,898.7,-0.1844887059085346,0.11961503208065988,4757.6,-0.8459517403732975,
INE0JVO01026,GARUDA,ACTIVE,2024-10-31,2026-07-31,22,0,172.8,185.86,-0.07026794361347251,0.11570247933884308,216.64,-0.20236336779911362,
INE224E01028,GATECH,ACTIVE,2018-05-31,2026-07-31,34,65,0.69,,,0.3799999999999999,5.65,-0.8778761061946904,"65 month(s) absent then trading again — suspension, not exit"
INE224E01036,GATECHDVR,ACTIVE,2018-01-31,2026-07-31,55,48,0.53,,,0.2045454545454546,17.75,-0.9701408450704224,"48 month(s) absent then trading again — suspension, not exit"
INE079J01017,GATEWAY,ACTIVE,2022-04-29,2026-07-31,52,0,57.97,70.84,-0.18167701863354044,-0.010750853242320862,112.25,-0.48356347438752784,
INE287Z01012,GAYAHWS,ACTIVE,2018-08-31,2026-07-31,31,65,2.02,,,0.0253807106598985,2.3,-0.12173913043478253,"65 month(s) absent then trading again — suspension, not exit"
INE199P01028,GCSL,ACTIVE,2025-09-30,2026-07-31,7,4,520.55,,,,520.55,0.0,"4 month(s) absent then trading again — suspension, not exit"
INE669X01032,GEEKAYWIRE,ACTIVE,2025-10-31,2026-07-31,10,0,22.52,,,-0.19542693819221146,34.34,-0.34420500873616783,
INE06XZ01023,GEMAROMA,ACTIVE,2025-08-29,2026-07-31,9,3,191.6,,,0.1431980906921241,276.15,-0.3061741806988955,"3 month(s) absent then trading again — suspension, not exit"
INE854S01022,GENCON,ACTIVE,2021-02-26,2026-07-31,54,12,40.33,,,-0.20937071162517154,61.65,-0.345823195458232,"12 month(s) absent then trading again — suspension, not exit"
INE727B01026,GENESYS,ACTIVE,2018-01-31,2026-07-31,90,13,271.6,600.35,-0.5475972349462813,-0.12948717948717942,917.85,-0.7040910824208748,"13 month(s) absent then trading again — suspension, not exit"
INE949P01018,GENUSPAPER,ACTIVE,2018-02-28,2026-07-31,97,5,12.08,18.29,-0.33952979770366315,0.03247863247863255,26.74,-0.5482423335826477,"5 month(s) absent then trading again — suspension, not exit"
INE955D01029,GENUSPOWER,ACTIVE,2018-01-31,2026-07-31,103,0,312.7,356.35,-0.1224919320892382,0.10611956137247966,456.3,-0.3147052377821609,
INE007B01023,GEOJITFSL,ACTIVE,2018-01-31,2026-07-31,103,0,76.36,73.05,0.04531143052703631,0.12608759769945432,154.28,-0.5050557428052891,
INE017A01032,GESHIP,ACTIVE,2018-01-31,2026-07-31,103,0,1350.4,939.9,0.43674859027556134,0.12308715901530272,1576.8,-0.14358193810248596,
INE538A01037,GFLLIMITED,ACTIVE,2018-01-31,2026-07-31,99,4,46.64,61.16,-0.23741007194244598,-0.0345684123369903,140.8,-0.6687500000000001,"4 month(s) absent then trading again — suspension, not exit; 1 split/bonus adjustment(s) applied (0.050)"
INE539A01019,GHCL,ACTIVE,2018-01-31,2026-07-31,103,0,438.1,596.8,-0.26591823056300257,-0.17448652722818922,731.05,-0.4007249846111756,
INE0PA801013,GHCLTEXTIL,ACTIVE,2023-06-30,2026-07-31,38,0,113.62,87.98,0.2914298704250966,0.489512323020451,113.62,0.0,
INE289B01019,GICHSGFIN,ACTIVE,2018-01-31,2026-07-31,103,0,147.68,187.03,-0.2103940544297706,-0.09002403105551782,433.5,-0.6593310265282584,
INE947T01022,GICL,ACTIVE,2026-03-30,2026-07-31,5,0,17.17,,,,41.28,-0.5840600775193798,
INE481Y01014,GICRE,ACTIVE,2018-01-31,2026-07-31,103,0,356.6,392.15,-0.0906540864465127,-0.056738526649914,756.65,-0.5287120861692989,
INE047B01011,GILLANDERS,ACTIVE,2018-02-28,2026-07-31,88,14,89.31,146.1,-0.38870636550308,0.006650135256988317,146.1,-0.38870636550308,"14 month(s) absent then trading again — suspension, not exit"
INE322A01010,GILLETTE,ACTIVE,2018-01-31,2026-07-31,103,0,7624.0,10833.0,-0.2962244992153605,-0.1335871356327064,10909.5,-0.3011595398505889,
INE162A01010,GIPCL,ACTIVE,2018-01-31,2026-07-31,103,0,161.17,200.85,-0.1975603684341549,0.14467329545454527,242.76,-0.3360932608337453,
INE1AG301022,GKENERGY,ACTIVE,2025-09-30,2026-07-31,11,0,129.38,,,0.2176941176470588,205.42,-0.3701684354006426,
INE0V0W01025,GKSL,ACTIVE,2025-12-31,2026-07-31,8,0,127.32,,,0.21072651198174208,137.52,-0.07417102966841199,
INE528A01020,GKWLIMITED,ACTIVE,2018-01-31,2026-07-31,84,19,1630.8,1959.1,-0.1675769485988464,-0.03872679045092841,3451.5,-0.527509778357236,"19 month(s) absent then trading again — suspension, not exit"
INE068V01023,GLAND,ACTIVE,2020-11-27,2026-07-31,69,0,2502.9,2064.8,0.21217551336691198,0.3554099425972058,3930.45,-0.36320268671526157,
INE159A01016,GLAXO,ACTIVE,2018-01-31,2026-07-31,103,0,2655.4,3162.6,-0.1603743755138177,0.10567954696868762,3428.35,-0.2254583108492423,
INE935A01035,GLENMARK,ACTIVE,2018-01-31,2026-07-31,103,0,2233.9,2134.1,0.04676444402792755,0.10814028473634604,2406.3,-0.07164526451398416,
INE291W01037,GLOBAL,ACTIVE,2024-12-31,2026-07-31,14,6,104.06,,,,104.06,0.0,"6 month(s) absent then trading again — suspension, not exit"
INE792H01019,GLOBALVECT,ACTIVE,2018-01-31,2026-07-31,75,28,165.13,224.86,-0.26563194876812246,-0.03624372592506133,243.43,-0.32165304194224215,"28 month(s) absent then trading again — suspension, not exit"
INE581X01021,GLOBE,ACTIVE,2021-10-29,2026-07-31,43,15,2.09,2.27,-0.0792951541850221,-0.18992248062015513,15.3,-0.8633986928104576,"15 month(s) absent then trading again — suspension, not exit"
INE0V3U01015,GLOBECIVIL,ACTIVE,2025-07-31,2026-07-31,10,3,39.04,82.12,-0.5245981490501705,-0.2500960430272763,82.12,-0.5245981490501705,"3 month(s) absent then trading again — suspension, not exit"
INE615I01010,GLOBUSSPR,ACTIVE,2018-02-28,2026-07-31,98,4,883.5,1281.15,-0.3103852007961597,-0.049079754601227016,1531.75,-0.42320874816386483,"4 month(s) absent then trading again — suspension, not exit"
INE350Z01018,GLOSTERLTD,ACTIVE,2024-04-30,2026-07-31,28,0,659.6,624.85,0.0556133472033288,0.09942495207933989,896.5,-0.26424986056887895,
INE075D01018,GMBREW,ACTIVE,2018-01-31,2026-07-31,102,1,898.3,689.6,0.30263921113689085,-0.07791008006569503,1226.4,-0.2675309849967385,"1 month(s) absent then trading again — suspension, not exit"
INE131A01031,GMDCLTD,ACTIVE,2018-01-31,2026-07-31,103,0,564.25,393.8,0.4328339258506856,-0.023366508005192556,736.15,-0.23351219180873461,
INE541A01023,GMMPFAUDLR,ACTIVE,2018-03-28,2026-07-31,101,0,864.4,1403.0,-0.3838916607270136,-0.11352681776228084,5592.55,-0.8454372334623741,
INE776C01039,GMRAIRPORT,ACTIVE,2018-01-31,2026-07-31,103,0,105.26,90.06,0.1687763713080169,0.12109915858983922,112.09,-0.06093317869569095,
INE0CU601026,GMRP&UI,ACTIVE,2022-04-29,2026-07-31,52,0,99.16,109.03,-0.09052554342841423,-0.01499950332770443,159.7,-0.37908578584846586,
INE934S01014,GNA,ACTIVE,2018-01-31,2026-07-31,103,0,535.75,305.15,0.7556939210224481,0.4902642559109875,1025.25,-0.47744452572543283,
INE113A01013,GNFC,ACTIVE,2018-01-31,2026-07-31,103,0,510.3,540.8,-0.05639792899408274,0.09318766066838045,844.45,-0.3957013440701048,
INE207H01018,GNRL,ACTIVE,2026-04-30,2026-07-31,4,0,93.46,,,,106.91,-0.12580675334393418,
INE426D01013,GOACARBON,ACTIVE,2018-01-31,2026-07-31,94,9,380.6,487.65,-0.21952219829795952,0.008612693785610175,989.55,-0.6153807286140164,"9 month(s) absent then trading again — suspension, not exit"
INE077F01035,GOCLCORP,ACTIVE,2018-01-31,2026-07-31,103,0,402.55,356.95,0.12774898445160393,0.5156249999999999,608.4,-0.33834648257725175,
INE0BJS01011,GOCOLORS,ACTIVE,2021-11-30,2026-07-31,57,0,327.05,823.55,-0.6028777851982271,-0.15632658325809357,1399.4,-0.7662926968700873,
INE497S01012,GODAVARIB,ACTIVE,2024-10-31,2026-07-31,16,6,260.9,,,0.036551450139054385,353.7,-0.2623692394684761,"6 month(s) absent then trading again — suspension, not exit"
INE260B01028,GODFRYPHLP,ACTIVE,2018-01-31,2026-07-31,103,0,2133.4,9110.5,-0.7658306349816146,0.048096290837632075,11003.5,-0.8061162357431727,
INE03JT01014,GODIGIT,ACTIVE,2024-05-31,2026-07-31,27,0,254.3,370.05,-0.312795568166464,-0.2164535510707133,383.7,-0.3372426374771957,
INE850D01014,GODREJAGRO,ACTIVE,2018-01-31,2026-07-31,103,0,556.8,847.2,-0.3427762039660058,0.04357604723081249,851.5,-0.34609512624779804,
INE102D01028,GODREJCP,ACTIVE,2018-01-31,2026-07-31,103,0,1070.4,1259.0,-0.1498014297061159,-0.07252404471016362,1481.2,-0.27734269511207127,
INE233A01035,GODREJIND,ACTIVE,2018-01-31,2026-07-31,103,0,1317.6,1147.4,0.14833536691650673,0.35263319987680924,1317.6,0.0,
INE484J01027,GODREJPROP,ACTIVE,2018-01-31,2026-07-31,103,0,2105.7,2102.9,0.0013314946026913915,0.33542617960426174,3219.55,-0.3459644981441507,
INE887G01027,GOKEX,ACTIVE,2018-01-31,2026-07-31,103,0,814.95,849.75,-0.04095322153574575,0.48159258249250086,1132.3,-0.28027024640113035,
INE020J01029,GOKUL,ACTIVE,2018-02-28,2026-07-31,87,15,39.05,43.79,-0.10824389129938347,0.08022130013831255,55.14,-0.29180268407689525,"15 month(s) absent then trading again — suspension, not exit"
INE314T01033,GOKULAGRO,ACTIVE,2025-10-31,2026-07-31,10,0,225.11,,,0.39016859136663995,232.81,-0.033074180662342634,
INE025B01025,GOLDIAM,ACTIVE,2022-03-31,2026-07-31,53,0,375.7,342.45,0.0970944663454519,0.20745621083078905,491.85,-0.23614923248958022,
INE127I01024,GOODLUCK,ACTIVE,2018-01-31,2026-07-31,97,6,1517.5,1106.2,0.3718134152956065,0.3564852060427281,1517.5,0.0,"6 month(s) absent then trading again — suspension, not exit"
INE533A01012,GOODYEAR,ACTIVE,2020-10-30,2026-07-31,40,30,833.25,,,,1409.5,-0.4088329194749911,"30 month(s) absent then trading again — suspension, not exit"
INE0L9R01028,GOPAL,ACTIVE,2024-03-28,2026-07-31,29,0,270.5,346.75,-0.2198990627253064,-0.09863378873708771,480.75,-0.43733749349974,
INE705X01026,GOYALALUM,ACTIVE,2023-05-31,2026-07-31,23,16,6.52,7.48,-0.1283422459893049,,14.1,-0.5375886524822695,"16 month(s) absent then trading again — suspension, not exit"
INE177H01039,GPIL,ACTIVE,2024-10-31,2026-07-31,22,0,242.4,194.19,0.24826201143210264,-0.024547283702213256,296.3,-0.18191022612217347,
INE517F01014,GPPL,ACTIVE,2018-01-31,2026-07-31,103,0,150.27,158.23,-0.05030651583138457,-0.10039511494252863,230.01,-0.34668057910525624,
INE486R01017,GPTHEALTH,ACTIVE,2024-02-29,2026-07-31,30,0,170.49,176.54,-0.03426985385748263,0.3095475842998695,200.7,-0.15052316890881903,
INE390G01014,GPTINFRA,ACTIVE,2018-01-31,2026-07-31,89,14,118.62,128.62,-0.07774840615767377,0.1394812680115275,216.0,-0.4508333333333333,"14 month(s) absent then trading again — suspension, not exit; 1 split/bonus adjustment(s) applied (0.503)"
INE926B01016,GRANDOAK,ACTIVE,2026-04-30,2026-07-31,4,0,34.85,,,,41.49,-0.16003856350927936,
INE101D01020,GRANULES,ACTIVE,2018-01-31,2026-07-31,103,0,824.65,474.9,0.7364708359654665,0.4452330879775674,824.65,0.0,
INE371A01025,GRAPHITE,ACTIVE,2018-01-31,2026-07-31,103,0,656.4,572.75,0.14604975993016145,0.06334035315081812,1013.9,-0.35259887562876024,
INE047A01021,GRASIM,ACTIVE,2018-01-31,2026-07-31,103,0,3100.8,2746.4,0.129041654529566,0.09996452642781134,3122.4,-0.006917755572636404,
INE266D01021,GRAUWEIL,ACTIVE,2021-08-31,2026-07-31,30,30,76.56,,,,135.55,-0.4351899668019181,"30 month(s) absent then trading again — suspension, not exit"
INE214F01026,GRAVISSHO,ACTIVE,2026-04-30,2026-07-31,4,0,30.83,,,,30.83,0.0,
INE024L01027,GRAVITA,ACTIVE,2018-01-31,2026-07-31,100,3,1616.4,1873.5,-0.1372297838270616,0.0074794315632011965,2453.05,-0.34106520454128536,"3 month(s) absent then trading again — suspension, not exit"
INE224A01026,GREAVESCOT,ACTIVE,2018-01-31,2026-07-31,103,0,238.05,226.21,0.05234074532514037,0.4581929555895866,277.47,-0.14206941290950378,
INE544R01021,GREENLAM,ACTIVE,2022-02-28,2026-07-31,54,0,251.9,234.62,0.07365101014406274,0.04988955111907639,608.1,-0.5857589212300609,
INE08ZM01014,GREENPANEL,ACTIVE,2019-11-29,2026-07-31,77,4,193.02,293.85,-0.34313425216947424,-0.1574490374961805,605.35,-0.6811431403320394,"4 month(s) absent then trading again — suspension, not exit"
INE461C01038,GREENPLY,ACTIVE,2018-01-31,2026-07-31,103,0,284.75,322.4,-0.11678039702233245,0.26499333629498006,383.9,-0.25827038291221666,
INE999K01014,GREENPOWER,ACTIVE,2018-01-31,2026-07-31,83,20,9.95,14.04,-0.2913105413105413,-0.04234841193455258,25.85,-0.6150870406189556,"20 month(s) absent then trading again — suspension, not exit"
INE536A01023,GRINDWELL,ACTIVE,2018-01-31,2026-07-31,103,0,2120.2,1540.4,0.3763957413658788,0.37372035765193706,2733.6,-0.22439274217149552,
INE201P01022,GRINFRA,ACTIVE,2021-07-30,2026-07-31,61,0,884.1,1218.2,-0.27425710064028896,-0.08321667444392596,1968.25,-0.5508192556839833,
INE192H01020,GRMOVER,ACTIVE,2022-09-30,2026-07-31,47,0,89.73,371.4,-0.7584006462035541,-0.4562147748621295,469.45,-0.8088614335925018,
INE646C01018,GROBTEA,ACTIVE,2018-07-31,2026-07-31,84,13,920.0,,,0.0214844834286349,1367.4,-0.32719028813807227,"13 month(s) absent then trading again — suspension, not exit"
INE0HOQ01053,GROWW,ACTIVE,2025-11-28,2026-07-31,9,0,194.37,,,0.09788748305467698,214.99,-0.09591143774129031,
INE137I01015,GRPLTD,ACTIVE,2018-01-31,2026-07-31,93,10,2098.2,2353.0,-0.10828729281767964,0.20240687679083083,12869.2,-0.836959562365959,"10 month(s) absent then trading again — suspension, not exit"
INE382Z01011,GRSE,ACTIVE,2018-10-31,2026-07-31,94,0,2601.2,2611.9,-0.004096634633791597,-0.05896823674119094,3015.2,-0.13730432475457682,
INE291A01017,GRWRHITECH,ACTIVE,2022-02-28,2026-07-31,54,0,7151.5,3458.6,1.067744173943214,1.3738631082785633,7151.5,0.0,
INE026A01025,GSFC,ACTIVE,2018-01-31,2026-07-31,103,0,158.84,203.83,-0.22072315164597953,-0.13903192584963958,299.4,-0.4694722778891115,
INE0JSX01015,GSLSU,ACTIVE,2023-04-28,2026-07-31,38,2,27.95,111.59,-0.7495295277354601,,300.2,-0.9068954030646236,"2 month(s) absent then trading again — suspension, not exit"
INE713R01022,GSPCROP,ACTIVE,2026-03-30,2026-07-31,5,0,582.95,,,,582.95,0.0,
INE871H01011,GSS,ACTIVE,2018-01-31,2026-07-31,91,12,12.57,30.91,-0.5933354901326432,-0.13963039014373713,312.75,-0.9598081534772183,"12 month(s) absent then trading again — suspension, not exit"
INE043A01012,GTL,ACTIVE,2018-01-31,2026-07-31,80,23,7.29,9.35,-0.22032085561497322,0.03994293865905853,26.1,-0.7206896551724138,"23 month(s) absent then trading again — suspension, not exit"
INE221H01019,GTLINFRA,ACTIVE,2018-01-31,2026-07-31,89,14,1.23,1.54,-0.20129870129870134,0.22999999999999998,3.26,-0.6226993865030674,"14 month(s) absent then trading again — suspension, not exit; 1 split/bonus adjustment(s) applied (0.500)"
INE869I01013,GTPL,ACTIVE,2018-01-31,2026-07-31,103,0,59.9,119.68,-0.49949866310160435,-0.2393650793650794,263.3,-0.7725028484618306,
INE742B01025,GUFICBIO,ACTIVE,2018-01-31,2026-07-31,103,0,389.85,397.1,-0.018257365902795263,0.26883645240032555,455.3,-0.14375137272128263,
INE186A01019,GUJALKALI,ACTIVE,2018-01-31,2026-07-31,103,0,670.8,581.6,0.15337001375515807,0.4712139488979054,994.0,-0.3251509054325956,
INE826C01016,GUJAPOLLO,ACTIVE,2018-01-31,2026-07-31,90,13,344.35,491.65,-0.2996033763856401,-0.12634783711784842,510.2,-0.3250686005488043,"13 month(s) absent then trading again — suspension, not exit"
INE844O01030,GUJENERGY,ACTIVE,2019-01-31,2026-07-31,91,0,274.5,440.5,-0.376844494892168,-0.3546491124955919,722.8,-0.6202268954067515,
INE610B01024,GUJRAFFIA,ACTIVE,2024-04-30,2026-07-31,17,11,39.65,39.2,0.011479591836734583,,56.36,-0.29648687012065295,"11 month(s) absent then trading again — suspension, not exit"
INE942C01045,GUJTHEM,ACTIVE,2025-02-28,2026-07-31,18,0,358.05,391.45,-0.08532379614254688,0.10817084493964713,465.1,-0.23016555579445283,
INE635Q01029,GULFOILLUB,ACTIVE,2018-01-31,2026-07-31,103,0,1069.3,1208.8,-0.11540370615486434,-0.018810790970820335,1415.7,-0.24468460832097202,
INE255D01024,GULPOLY,ACTIVE,2018-01-31,2026-07-31,93,10,197.32,169.49,0.16419847778629998,0.5443374814119121,389.7,-0.4936617911213754,"10 month(s) absent then trading again — suspension, not exit; 1 split/bonus adjustment(s) applied (0.500)"
INE878A01011,GVPIL,ACTIVE,2018-01-31,2026-07-31,97,6,721.95,308.85,1.3375424963574551,1.4181879082230782,939.7,-0.23172289028413323,"6 month(s) absent then trading again — suspension, not exit"
INE382T01030,GVPTECH,ACTIVE,2024-03-28,2026-07-31,28,1,7.03,10.29,-0.3168124392614188,-0.10445859872611457,14.4,-0.5118055555555555,"1 month(s) absent then trading again — suspension, not exit"
INE200A01026,GVT&D,ACTIVE,2018-01-31,2026-07-31,85,18,4323.3,2726.8,0.5854848173683438,0.3383586663777358,5148.6,-0.16029600279687684,"18 month(s) absent then trading again — suspension, not exit"
INE724A01017,GYFTR,ACTIVE,2026-07-31,2026-07-31,1,0,159.68,,,,159.68,0.0,
INE066F01020,HAL,ACTIVE,2023-09-29,2026-07-31,35,0,4646.5,4533.9,0.024835130902754885,0.005866562757068097,5264.25,-0.1173481502588213,
INE115S01010,HALDER,ACTIVE,2026-02-27,2026-07-31,6,0,247.11,,,,250.25,-0.012547452547452494,
INE320X01016,HALEOSLABS,ACTIVE,2018-01-31,2026-07-31,94,9,1530.8,1132.7,0.35146111062064084,,1581.3,-0.03193574906722317,"9 month(s) absent then trading again — suspension, not exit"
INE419U01012,HAPPSTMNDS,ACTIVE,2020-09-30,2026-07-31,68,3,377.2,607.1,-0.3786855542744194,-0.08756652152878566,1427.7,-0.7357988372907474,"3 month(s) absent then trading again — suspension, not exit"
INE330T01021,HAPPYFORGE,ACTIVE,2023-12-29,2026-07-31,32,0,1652.7,945.6,0.7477791878172589,0.553581500282008,1652.7,0.0,
INE626Z01029,HARDWYN,ACTIVE,2023-06-30,2026-07-31,29,9,11.27,13.98,-0.19384835479256085,,44.35,-0.7458850056369786,"9 month(s) absent then trading again — suspension, not exit"
INE00EV01017,HARIOMPIPE,ACTIVE,2022-04-29,2026-07-31,52,0,390.5,450.75,-0.1336661120354964,-0.05653539502295235,819.7,-0.5236061973892888,
INE544A01019,HARRMALAYA,ACTIVE,2018-02-28,2026-07-31,98,4,215.55,211.56,0.018859897901304636,0.3238545633214594,320.65,-0.3277717137065335,"4 month(s) absent then trading again — suspension, not exit"
INE0JUS01029,HARSHA,ACTIVE,2022-09-30,2026-07-31,47,0,401.05,414.9,-0.033381537719932436,0.06889658848614079,552.5,-0.2741176470588235,
INE982F01036,HATHWAY,ACTIVE,2018-01-31,2026-07-31,99,4,10.77,14.98,-0.28104138851802407,0.016037735849056597,40.25,-0.7324223602484472,"4 month(s) absent then trading again — suspension, not exit"
INE473B01035,HATSUN,ACTIVE,2018-01-31,2026-07-31,103,0,885.4,915.8,-0.033195020746887946,0.006365082973403072,1409.35,-0.37176712668960865,
INE176B01034,HAVELLS,ACTIVE,2018-01-31,2026-07-31,103,0,1260.7,1500.6,-0.1598693855791016,-0.01891050583657584,2012.9,-0.3736897014258036,
INE293B01029,HAVISHA,ACTIVE,2024-04-30,2026-07-31,22,6,1.28,,,-0.1949685534591195,2.7,-0.5259259259259259,"6 month(s) absent then trading again — suspension, not exit"
INE979B01015,HAWKINCOOK,ACTIVE,2026-04-30,2026-07-31,4,0,8549.5,,,,8549.5,0.0,
INE640B01021,HBESD,ACTIVE,2026-04-30,2026-07-31,4,0,75.03,,,,81.2,-0.07598522167487687,
INE292B01021,HBLENGINE,ACTIVE,2018-01-31,2026-07-31,103,0,718.7,587.2,0.22394414168937327,-0.08282286881061764,1004.2,-0.28430591515634335,
INE549A01026,HCC,ACTIVE,2018-01-31,2026-07-31,100,3,21.44,,,0.07092907092907101,55.75,-0.6154260089686099,"3 month(s) absent then trading again — suspension, not exit"
INE075I01017,HCG,ACTIVE,2018-01-31,2026-07-31,103,0,671.2,622.05,0.07901294108190675,0.13368803310531222,747.15,-0.10165294786856713,
INE236A01020,HCL-INSYS,ACTIVE,2018-01-31,2026-07-31,87,16,11.39,,,-0.12249614791987672,63.9,-0.8217527386541471,"16 month(s) absent then trading again — suspension, not exit"
INE860A01027,HCLTECH,ACTIVE,2018-01-31,2026-07-31,103,0,1346.9,1467.9,-0.08243068328905238,-0.20564991743335684,1917.4,-0.2975383331594868,1 split/bonus adjustment(s) applied (0.504)
INE756I01012,HDBFS,ACTIVE,2025-07-31,2026-07-31,13,0,686.35,758.55,-0.09518159646694342,-0.02975685609273389,778.2,-0.1180287843741969,
INE127D01025,HDFCAMC,ACTIVE,2018-08-31,2026-07-31,96,0,2615.8,2807.6687116564417,-0.06833737572380633,0.03979011805859219,2807.6687116564417,-0.06833737572380633,1 split/bonus adjustment(s) applied (0.497)
INE040A01034,HDFCBANK,ACTIVE,2019-09-30,2026-07-31,83,0,748.15,2018.2,-0.629298384699237,-0.19488835082055422,2018.2,-0.629298384699237,
INE795G01014,HDFCLIFE,ACTIVE,2018-01-31,2026-07-31,103,0,548.5,755.5,-0.2739907346128392,-0.2496580027359781,814.3,-0.3264153260469114,
INE759V01019,HEADSUP,ACTIVE,2018-01-31,2026-07-31,89,14,6.53,9.49,-0.31190727081138037,-0.20848484848484847,149.4,-0.9562918340026774,"14 month(s) absent then trading again — suspension, not exit"
INE019J01013,HEALTHX,ACTIVE,2018-02-28,2026-07-31,98,4,307.95,285.2,0.07976858345021039,0.037217918491074475,485.6,-0.36583607907743004,"4 month(s) absent then trading again — suspension, not exit"
INE558R01013,HECPROJECT,ACTIVE,2021-12-31,2026-07-31,42,14,131.53,,,0.1898860141125384,151.61,-0.13244508937405192,"14 month(s) absent then trading again — suspension, not exit"
INE545A01024,HEG,ACTIVE,2024-10-31,2026-07-31,22,0,657.25,573.1,0.14683301343570054,0.21263837638376384,657.25,0.0,
INE578A01017,HEIDELBERG,ACTIVE,2018-01-31,2026-07-31,103,0,152.69,212.9,-0.2828088304368248,-0.10345839938934887,264.65,-0.4230493104099754,
INE0AJG01018,HEMIPROP,ACTIVE,2020-11-27,2026-07-31,67,2,134.32,126.41,0.06257416343643697,0.03602005399151552,220.95,-0.3920796560307762,"2 month(s) absent then trading again — suspension, not exit"
INE694N01015,HERANBA,ACTIVE,2021-03-31,2026-07-31,62,3,179.57,385.9,-0.5346721948691371,-0.1837727272727273,810.4,-0.7784180651530108,"3 month(s) absent then trading again — suspension, not exit"
INE978A01027,HERITGFOOD,ACTIVE,2018-01-31,2026-07-31,103,0,330.15,480.1,-0.3123307644240784,-0.08061821219715969,756.1,-0.5633514085438435,
INE158A01026,HEROMOTOCO,ACTIVE,2018-01-31,2026-07-31,103,0,5386.0,4260.7,0.2641115309690896,-0.02674376581134803,6174.5,-0.12770264798769132,
INE782E01017,HESTERBIO,ACTIVE,2018-01-31,2026-07-31,103,0,2477.7,1949.2,0.2711368766673506,0.6698342094621916,3116.2,-0.20489698992362493,
INE750M01017,HEXATRADEX,ACTIVE,2020-11-27,2026-07-31,61,8,157.38,180.07,-0.12600655300716387,-0.02120778655389015,337.07,-0.533094016079746,"8 month(s) absent then trading again — suspension, not exit"
INE093A01041,HEXT,ACTIVE,2025-02-28,2026-07-31,18,0,561.65,704.0,-0.20220170454545458,-0.194824743745968,857.5,-0.34501457725947526,
INE548A01028,HFCL,ACTIVE,2018-01-31,2026-07-31,100,3,193.92,75.57,1.5660976578007146,1.8264101442938345,212.85,-0.0889358703312192,"3 month(s) absent then trading again — suspension, not exit"
INE926X01010,HGINFRA,ACTIVE,2018-03-28,2026-07-31,101,0,538.55,1038.5,-0.48141550312951376,-0.1608102843786522,1763.35,-0.6945870076842374,
INE596H01014,HGM,ACTIVE,2018-02-28,2026-07-31,76,26,50.31,,,-0.14453324264580852,287.3,-0.8248868778280543,"26 month(s) absent then trading again — suspension, not exit"
INE170I01016,HGS,ACTIVE,2018-01-31,2026-07-31,98,5,422.9,571.35,-0.25982322569353294,0.016220112940045658,3305.65,-0.872067520759911,"5 month(s) absent then trading again — suspension, not exit"
INE475B01022,HIKAL,ACTIVE,2018-01-31,2026-07-31,103,0,221.31,323.1,-0.31504178272980504,0.14918475438778683,631.8,-0.6497150997150997,
INE00RL01028,HILINFRA,ACTIVE,2025-08-29,2026-07-31,9,3,45.9,,,-0.09964692036092583,95.09,-0.517299400567883,"3 month(s) absent then trading again — suspension, not exit"
INE049A01027,HIMATSEIDE,ACTIVE,2018-01-31,2026-07-31,100,3,79.23,139.38,-0.4315540249677141,-0.23574804668660168,389.4,-0.79653312788906,"3 month(s) absent then trading again — suspension, not exit"
INE038A01020,HINDALCO,ACTIVE,2018-01-31,2026-07-31,103,0,974.45,683.05,0.4266159139155261,0.012310409308123854,1126.7,-0.13512913819117778,
INE310C01029,HINDCOMPOS,ACTIVE,2018-01-31,2026-07-31,103,0,423.0,480.85,-0.12030778829156706,0.044960474308300365,603.05,-0.29856562474090037,
INE642Y01029,HINDCON,ACTIVE,2023-11-30,2026-07-31,19,14,24.03,33.87,-0.2905225863596102,0.0843862815884477,55.83,-0.5695862439548629,"14 month(s) absent then trading again — suspension, not exit"
INE531E01026,HINDCOPPER,ACTIVE,2018-01-31,2026-07-31,103,0,491.6,243.35,1.0201356071501952,-0.28327744569179175,685.9,-0.28327744569179175,
INE345A01011,HINDOILEXP,ACTIVE,2018-01-31,2026-07-31,103,0,161.29,166.31,-0.030184595033371477,0.034838958039265865,271.56,-0.40606127559287086,
INE094A01015,HINDPETRO,ACTIVE,2018-01-31,2026-07-31,103,0,389.75,418.45,-0.06858644999402555,-0.08723653395784543,537.35,-0.2746813064110915,
INE030A01027,HINDUNILVR,ACTIVE,2018-01-31,2026-07-31,103,0,2101.3,2521.2,-0.16654767570997925,-0.11449641803624097,2958.3,-0.2896934049961126,
INE05AN01011,HINDWAREAP,ACTIVE,2020-01-31,2026-07-31,74,5,220.45,265.1,-0.16842700867597143,-0.00899078444594291,641.2,-0.6561915159076731,"5 month(s) absent then trading again — suspension, not exit"
INE267A01025,HINDZINC,ACTIVE,2018-01-31,2026-07-31,103,0,539.2,424.05,0.2715481664898008,-0.14208432776451863,687.25,-0.2154237904692615,
INE835D01023,HIRECT,ACTIVE,2018-01-31,2026-07-31,97,6,1338.3,1834.0,-0.27028353326063254,0.0685883104439475,1853.4,-0.2779216574943348,"6 month(s) absent then trading again — suspension, not exit"
INE598C01011,HISARMETAL,ACTIVE,2018-02-28,2026-07-31,99,3,147.29,206.95,-0.2882821937666103,-0.07591442374051066,222.0,-0.3365315315315316,"3 month(s) absent then trading again — suspension, not exit"
INE106T01025,HITECH,ACTIVE,2023-03-31,2026-07-31,41,0,84.65,90.14,-0.06090525848679826,0.136546723952739,193.91,-0.5634572739930895,
INE461D01028,HLEGLAS,ACTIVE,2022-10-31,2026-07-31,46,0,426.9,447.35,-0.045713647032524965,0.12003148366784731,664.45,-0.3575137331627663,
INE102A01024,HLVLTD,ACTIVE,2018-01-31,2026-07-31,96,7,7.12,13.11,-0.45690312738367655,-0.14423076923076925,34.3,-0.7924198250728862,"7 month(s) absent then trading again — suspension, not exit"
INE0ECP01024,HMAAGRO,ACTIVE,2023-12-29,2026-07-31,32,0,20.52,30.42,-0.3254437869822486,-0.20279720279720276,84.0,-0.7557142857142858,
INE871K01015,HMVL,ACTIVE,2018-01-31,2026-07-31,100,3,94.63,88.86,0.06493360342111182,0.3309423347398031,252.35,-0.6250049534376858,"3 month(s) absent then trading again — suspension, not exit"
INE254N01026,HNDFDS,ACTIVE,2022-07-29,2026-07-31,47,2,574.65,552.25,0.040561339972838346,0.236604260813428,676.05,-0.14998890614599508,"2 month(s) absent then trading again — suspension, not exit"
INE481N01025,HOMEFIRST,ACTIVE,2021-02-26,2026-07-31,66,0,1189.0,1212.0,-0.018976897689768978,0.008738440654958815,1378.5,-0.13746826260428002,
INE0J5401028,HONASA,ACTIVE,2023-11-30,2026-07-31,33,0,449.55,271.95,0.653061224489796,0.6267414510584403,505.4,-0.11050652948159867,
INE671A01010,HONAUT,ACTIVE,2018-01-31,2026-07-31,103,0,38155.0,38770.0,-0.0158627805003869,0.14322097378277154,56711.2,-0.32720520814230697,
INE634A01018,HONDAPOWER,ACTIVE,2018-01-31,2026-07-31,103,0,2093.9,2882.7,-0.2736323585527456,0.027630545740086467,4054.1,-0.48351052021410423,
INE0GSL01024,HPAL,ACTIVE,2023-11-30,2026-07-31,33,0,32.56,48.77,-0.3323764609391019,-0.15800362037755364,122.25,-0.7336605316973415,
INE05X901010,HPIL,ACTIVE,2022-11-30,2026-07-31,36,9,126.08,155.91,-0.19132833044705277,-0.04099794629953602,183.5,-0.3129155313351499,"9 month(s) absent then trading again — suspension, not exit"
INE495S01016,HPL,ACTIVE,2018-01-31,2026-07-31,102,1,332.45,571.55,-0.41833610357798967,0.0031683765841883267,626.75,-0.46956521739130436,"1 month(s) absent then trading again — suspension, not exit"
INE019C01026,HSCL,ACTIVE,2018-01-31,2026-07-31,100,3,750.65,473.05,0.5868301448049889,0.6291915355398806,750.65,0.0,"3 month(s) absent then trading again — suspension, not exit"
INE501G01024,HTMEDIA,ACTIVE,2018-01-31,2026-07-31,93,10,24.65,,,0.10587707492148944,98.55,-0.749873160832065,"10 month(s) absent then trading again — suspension, not exit"
INE703H01016,HUBTOWN,ACTIVE,2018-01-31,2026-07-31,75,28,190.58,335.5,-0.4319523099850968,-0.0763787922845788,353.05,-0.46018977481943063,"28 month(s) absent then trading again — suspension, not exit"
INE031A01017,HUDCO,ACTIVE,2018-01-31,2026-07-31,103,0,195.1,212.27,-0.08088754887643103,0.01800156535350894,312.25,-0.37518014411529227,
INE275B01026,HUHTAMAKI,ACTIVE,2018-01-31,2026-07-31,103,0,298.14,220.22,0.3538279901916265,0.6545868250180364,407.25,-0.2679189686924494,
INE0V6F01027,HYUNDAI,ACTIVE,2024-10-31,2026-07-31,22,0,2180.7,2151.8,0.013430616228273833,-0.007057645023221929,2584.4,-0.15620646958675138,
INE613B01010,ICDSLTD,ACTIVE,2024-10-31,2026-07-31,11,11,40.39,,,-0.02931987503004083,54.35,-0.256853725850966,"11 month(s) absent then trading again — suspension, not exit"
INE520Y01019,ICEMAKE,ACTIVE,2020-10-30,2026-07-31,64,6,831.35,808.85,0.027817271434753044,0.1462153591617263,959.15,-0.13324297555126932,"6 month(s) absent then trading again — suspension, not exit"
INE346A01027,ICICIAMC,ACTIVE,2025-12-31,2026-07-31,8,0,3115.9,,,0.04820695687277137,3538.5,-0.1194291366398191,
INE090A01021,ICICIBANK,ACTIVE,2018-01-31,2026-07-31,103,0,1435.4,1481.4,-0.031051707843931416,0.059335793357933646,1481.4,-0.031051707843931416,
INE765G01017,ICICIGI,ACTIVE,2018-01-31,2026-07-31,103,0,1623.7,1927.0,-0.15739491437467565,-0.10495562537897574,2174.4,-0.2532652685798381,
INE726G01019,ICICIPRULI,ACTIVE,2018-01-31,2026-07-31,103,0,515.4,615.95,-0.16324376978650873,-0.19070424746800665,780.15,-0.33935781580465296,
INE483B01026,ICIL,ACTIVE,2018-01-31,2026-07-31,103,0,401.25,271.35,0.47871752349364277,0.7020148462354189,438.25,-0.08442669709070165,
INE725G01011,ICRA,ACTIVE,2018-01-31,2026-07-31,103,0,4903.5,6628.0,-0.2601840675920338,-0.2224688813129311,7237.7,-0.3225057684070906,
INE008A01015,IDBI,ACTIVE,2018-01-31,2026-07-31,103,0,83.75,92.67,-0.09625553037660517,-0.15888319775032633,116.01,-0.2780794759072494,
INE669E01016,IDEA,ACTIVE,2018-01-31,2026-07-31,103,0,13.01,6.91,0.8827785817655571,0.16472694717994626,93.1,-0.8602577873254564,
INE092T01019,IDFCFIRSTB,ACTIVE,2018-01-31,2026-07-31,103,0,84.68,68.76,0.2315299592786504,0.013161043311797183,95.5,-0.11329842931937166,
INE022Q01020,IEX,ACTIVE,2018-10-31,2026-07-31,94,0,132.24,135.3,-0.022616407982261656,0.042984462497042374,744.5,-0.8223774345198119,
INE559A01017,IFBIND,ACTIVE,2018-01-31,2026-07-31,103,0,1315.7,1320.5,-0.0036349867474441155,0.17295176963537487,1969.2,-0.33186065407271986,
INE039A01010,IFCI,ACTIVE,2018-01-31,2026-07-31,103,0,76.54,57.16,0.3390482855143459,0.38936286077328014,87.33,-0.12355433413489056,
INE133Y01011,IFGLEXPOR,ACTIVE,2018-01-31,2026-07-31,103,0,208.57,233.8,-0.1079127459366981,0.13408732532216844,827.9,-0.7480734388211135,
INE188B01013,IGARASHI,ACTIVE,2018-01-31,2026-07-31,103,0,451.15,573.4,-0.2132019532612487,0.12999373825923602,856.85,-0.4734784384664761,
INE05J901018,IGCL,ACTIVE,2025-07-31,2026-07-31,13,0,77.9,109.57,-0.2890389705211279,0.15134496009459075,109.57,-0.2890389705211279,
INE0Q9301021,IGIL,ACTIVE,2024-12-31,2026-07-31,20,0,353.45,394.15,-0.10326018013446656,0.13686072692183987,553.9,-0.3618884275139917,
INE203G01027,IGL,ACTIVE,2018-01-31,2026-07-31,103,0,151.98,205.05,-0.2588149231894661,-0.14565180729664398,558.55,-0.7279026049592695,
INE204A01010,IGPL,ACTIVE,2018-01-31,2026-07-31,103,0,471.25,482.85,-0.02402402402402407,0.3021552915169937,835.7,-0.4361014718200311,
INE530B01024,IIFL,ACTIVE,2018-01-31,2026-07-31,99,4,608.65,477.95,0.2734595669003034,0.15121997351995448,767.9,-0.207383773928897,"4 month(s) absent then trading again — suspension, not exit"
INE489L01022,IIFLCAPS,ACTIVE,2019-10-31,2026-07-31,82,0,337.8,317.75,0.0630999213217939,0.02193314173347451,380.8,-0.11292016806722689,
INE886A01014,IITL,ACTIVE,2018-02-28,2026-07-31,68,34,127.68,,,-0.10682056663168929,217.55,-0.4131004366812227,"34 month(s) absent then trading again — suspension, not exit"
INE0LOJ01019,IKIO,ACTIVE,2023-06-30,2026-07-31,38,0,200.22,200.38,-0.000798482882523189,0.3397122783539646,437.1,-0.5419354838709678,
INE115Q01022,IKS,ACTIVE,2024-12-31,2026-07-31,20,0,1848.9,1587.0,0.1650283553875237,0.19137831045814807,1919.5,-0.0367804115655118,
INE172N01012,IMAGICAA,ACTIVE,2018-02-28,2026-07-31,86,16,46.99,63.72,-0.26255492780916506,-0.07445341737246407,92.44,-0.49167027260926005,"16 month(s) absent then trading again — suspension, not exit"
INE919H01018,IMFA,ACTIVE,2018-01-31,2026-07-31,100,3,1448.6,730.45,0.9831610650968579,0.24258020243609535,1502.6,-0.035937707972847066,"3 month(s) absent then trading again — suspension, not exit"
INE547E01014,IMPAL,ACTIVE,2018-01-31,2026-07-31,103,0,1084.4,1051.0,0.03177925784966707,-0.0019328117809479144,1366.25,-0.20629460201280872,
INE0LGX01024,INA,ACTIVE,2026-03-30,2026-07-31,5,0,111.78,,,,147.18,-0.2405218100285365,
INE452L01012,INCREDIBLE,ACTIVE,2018-02-28,2026-07-31,80,22,33.15,,,-0.1312893081761006,122.7,-0.7298288508557458,"22 month(s) absent then trading again — suspension, not exit"
INE841B01017,INDBANK,ACTIVE,2018-01-31,2026-07-31,97,6,32.35,33.05,-0.021180030257185956,-0.09205725512208815,54.48,-0.40620411160058734,"6 month(s) absent then trading again — suspension, not exit"
INE065X01017,INDGN,ACTIVE,2024-05-31,2026-07-31,27,0,515.15,543.0,-0.05128913443830575,0.06788971807628524,692.3,-0.2558861765130723,
INE053A01029,INDHOTEL,ACTIVE,2018-01-31,2026-07-31,103,0,738.55,740.75,-0.002969962875464118,0.0955277015501001,877.55,-0.15839553301806167,
INE383A01012,INDIACEM,ACTIVE,2018-01-31,2026-07-31,103,0,398.0,369.1,0.07829856407477642,-0.13043478260869562,457.7,-0.13043478260869562,
INE560A01023,INDIAGLYCO,ACTIVE,2025-08-29,2026-07-31,12,0,1147.45,,,0.30570095584888496,1147.45,0.0,
INE933S01016,INDIAMART,ACTIVE,2019-07-31,2026-07-31,85,0,1799.8,2589.2,-0.30488181677738296,-0.18261501430582683,4334.726801121753,-0.5847950557035698,1 split/bonus adjustment(s) applied (0.504)
INE562A01011,INDIANB,ACTIVE,2018-01-31,2026-07-31,103,0,836.5,621.7,0.3455042625060317,-0.08248327300647147,990.5,-0.15547703180212014,
INE061A01014,INDIANCARD,ACTIVE,2018-01-31,2026-07-31,90,13,225.72,289.1,-0.21923209961950887,0.01015887223092419,343.35,-0.3425950196592399,"13 month(s) absent then trading again — suspension, not exit"
INE323C01030,INDIANHUME,ACTIVE,2018-01-31,2026-07-31,103,0,390.75,409.55,-0.045904041020632426,0.020768025078369876,537.25,-0.27268496975337364,
INE922K01024,INDIASHLTR,ACTIVE,2023-12-29,2026-07-31,32,0,726.5,916.9,-0.20765623295888316,-0.09476045106223906,942.15,-0.2288913654938173,
INE646L01027,INDIGO,ACTIVE,2018-01-31,2026-07-31,103,0,5171.0,5910.5,-0.12511631841637763,0.12498640269770478,5976.5,-0.13477788003011795,
INE09VQ01012,INDIGOPNTS,ACTIVE,2021-02-26,2026-07-31,66,0,1111.8,1200.0,-0.07350000000000004,0.06453466104940622,2605.1,-0.5732217573221757,
INE06ST01018,INDIQUBE,ACTIVE,2025-07-31,2026-07-31,13,0,173.76,218.42,-0.20446845526966395,-0.01418359242028821,228.0,-0.2378947368421053,
INE092B01025,INDNIPPON,ACTIVE,2018-03-28,2026-07-31,101,0,1170.4,761.95,0.5360587965089573,0.66120218579235,1170.4,0.0,
INE803D01021,INDOBORAX,ACTIVE,2022-03-31,2026-07-31,46,7,374.9,,,0.5199675653760388,378.9,-0.010556875164951175,"7 month(s) absent then trading again — suspension, not exit"
INE873D01024,INDOCO,ACTIVE,2018-01-31,2026-07-31,103,0,219.49,317.85,-0.30945414503696717,0.0091030297457589,479.75,-0.542490880667014,
INE622H01018,INDOFARM,ACTIVE,2025-01-31,2026-07-31,16,3,161.22,208.4,-0.22639155470249522,-0.10273820124666078,234.1,-0.31131994873985475,"3 month(s) absent then trading again — suspension, not exit"
INE084101034,INDOMIM,ACTIVE,2026-07-31,2026-07-31,1,0,776.15,,,,776.15,0.0,
INE156A01020,INDORAMA,ACTIVE,2018-01-31,2026-07-31,94,9,56.25,,,0.2913223140495867,80.85,-0.3042671614100185,"9 month(s) absent then trading again — suspension, not exit"
INE896L01010,INDOSTAR,ACTIVE,2018-05-31,2026-07-31,81,18,250.0,288.15,-0.1323963213604025,0.20726289356770322,590.1,-0.5763429927130995,"18 month(s) absent then trading again — suspension, not exit"
INE337M01021,INDOTHAI,ACTIVE,2025-09-30,2026-07-31,9,2,213.43,,,-0.11329455754050678,296.45,-0.2800472255017709,"2 month(s) absent then trading again — suspension, not exit"
INE250Z01010,INDOUS,ACTIVE,2024-09-30,2026-07-31,18,5,81.62,174.3,-0.5317269076305221,-0.34818719054464137,294.35,-0.7227110582639714,"5 month(s) absent then trading again — suspension, not exit"
INE620D01011,INDPRUD,ACTIVE,2026-04-30,2026-07-31,4,0,6598.5,,,,6805.1,-0.030359583253736222,
INE681B01017,INDRAMEDCO,ACTIVE,2018-01-31,2026-07-31,88,15,366.35,470.0,-0.22053191489361698,0.008811785763458752,606.45,-0.39591062742188143,"15 month(s) absent then trading again — suspension, not exit"
INE915B01019,INDSWFTLAB,ACTIVE,2018-02-28,2026-07-31,88,14,224.27,,,0.9775152102989156,224.27,0.0,"14 month(s) absent then trading again — suspension, not exit"
INE611L01021,INDTERRAIN,ACTIVE,2018-01-31,2026-07-31,100,3,27.83,38.34,-0.2741262389149714,-0.1761397276494968,207.15,-0.8656529085203958,"3 month(s) absent then trading again — suspension, not exit"
INE095A01012,INDUSINDBK,ACTIVE,2018-01-31,2026-07-31,103,0,1012.45,798.9,0.2673050444360997,0.12984041959602724,1995.15,-0.49254442021903116,
INE121J01017,INDUSTOWER,ACTIVE,2018-01-31,2026-07-31,103,0,391.1,363.0,0.07741046831955929,-0.11973891514742288,458.5,-0.14700109051254084,
INE344S01016,INFOBEAN,ACTIVE,2019-07-31,2026-07-31,79,6,166.86,592.2,-0.7182370820668693,-0.7933878157503714,821.7,-0.796933187294633,"6 month(s) absent then trading again — suspension, not exit"
INE669A01022,INFOMEDIA,ACTIVE,2020-03-31,2026-07-31,28,49,5.43,,,-0.052356020942408495,7.11,-0.2362869198312237,"49 month(s) absent then trading again — suspension, not exit"
INE009A01021,INFY,ACTIVE,2018-01-31,2026-07-31,103,0,1130.1,1509.0,-0.2510934393638172,-0.31133455210237665,1943.7,-0.41858311467819115,1 split/bonus adjustment(s) applied (0.507)
INE177A01018,INGERRAND,ACTIVE,2018-01-31,2026-07-31,103,0,4335.6,3863.8,0.12210776955328954,0.2968413496051689,4574.35,-0.05219320777815427,
INE0DUT01020,INNOVACAP,ACTIVE,2023-12-29,2026-07-31,32,0,974.25,909.35,0.07136965964700058,0.4013952819332565,1115.4,-0.12654653039268432,
INE403Y01018,INNOVANA,ACTIVE,2024-12-31,2026-07-31,17,3,327.9,509.35,-0.3562383429861589,-0.038416422287390097,549.35,-0.4031127696368436,"3 month(s) absent then trading again — suspension, not exit"
INE0ADB01012,INNOVISION,ACTIVE,2026-03-30,2026-07-31,5,0,285.5,,,,323.1,-0.11637264004952033,
INE616N01034,INOXINDIA,ACTIVE,2023-12-29,2026-07-31,32,0,1908.0,1170.6,0.6299333675038443,0.7099838680767163,1958.4,-0.025735294117647103,
INE066P01011,INOXWIND,ACTIVE,2018-01-31,2026-07-31,103,0,78.14,150.74,-0.48162398832426695,-0.27607930331665737,627.6,-0.8754939451880178,
INE070I01018,INSECTICID,ACTIVE,2018-01-31,2026-07-31,103,0,641.2,1072.35,-0.40206089429757064,0.08100817668380692,1072.35,-0.40206089429757064,
INE306R01017,INTELLECT,ACTIVE,2018-01-31,2026-07-31,103,0,719.9,1022.6,-0.29601017015450815,-0.21210462952829162,1172.55,-0.38603897488380023,
INE781A01025,INTENTECH,ACTIVE,2018-02-28,2026-07-31,89,13,83.32,84.41,-0.012913161947636576,-0.25990406821815604,138.05,-0.39645056139080054,"13 month(s) absent then trading again — suspension, not exit"
INE00M901018,INTERARCH,ACTIVE,2024-08-30,2026-07-31,21,3,1808.8,,,-0.08173418621179815,2384.8,-0.24152968802415303,"3 month(s) absent then trading again — suspension, not exit"
INE575C01027,INTLCONV,ACTIVE,2021-09-30,2026-07-31,59,0,74.47,89.41,-0.16709540319874733,-0.053628161138645304,99.45,-0.2511814982403218,
INE878H01024,INVENTURE,ACTIVE,2021-06-30,2026-07-31,58,4,0.9,1.52,-0.40789473684210525,-0.18181818181818185,4.75,-0.8105263157894737,"4 month(s) absent then trading again — suspension, not exit"
INE565A01014,IOB,ACTIVE,2018-01-31,2026-07-31,103,0,33.9,37.56,-0.0974440894568691,-0.048554588829638055,68.9,-0.5079825834542816,
INE242A01010,IOC,ACTIVE,2018-01-31,2026-07-31,103,0,140.17,145.62,-0.03742617772284038,-0.141325655476599,417.6,-0.6643438697318009,
INE485C01029,IOLCP,ACTIVE,2025-03-28,2026-07-31,17,0,146.33,103.16,0.4184761535478869,0.9766310955018237,146.33,0.0,
INE570A01022,IONEXCHANG,ACTIVE,2023-06-30,2026-07-31,38,0,420.7,465.2,-0.09565778159931212,0.18774703557312253,702.0,-0.40071225071225075,
INE571A01038,IPCALAB,ACTIVE,2022-01-31,2026-07-31,55,0,1747.8,1473.9,0.18583350295135345,0.1883328800652706,1747.8,0.0,
INE0D6701023,IPL,ACTIVE,2021-07-30,2026-07-31,61,0,154.15,230.11,-0.3301029942201556,-0.01952677776364326,395.65,-0.6103879691646658,
INE821I01022,IRB,ACTIVE,2023-02-28,2026-07-31,42,0,20.0,45.07,-0.5562458398047482,-0.5186522262334536,68.0,-0.7058823529411765,
INE962Y01021,IRCON,ACTIVE,2020-04-30,2026-07-31,76,0,125.99,177.36,-0.28963689670726217,-0.23176829268292687,288.75,-0.5636709956709957,
INE335Y01020,IRCTC,ACTIVE,2021-10-29,2026-07-31,58,0,489.8,726.05,-0.32539081330486874,-0.2138672658695128,1038.75,-0.5284717208182913,
INE202E01016,IREDA,ACTIVE,2023-11-30,2026-07-31,33,0,119.59,147.38,-0.18856018455692763,-0.09456390066626293,262.63,-0.5446445569813044,
INE053F01010,IRFC,ACTIVE,2021-01-29,2026-07-31,67,0,89.15,128.34,-0.305360760479975,-0.2577019150707743,193.65,-0.5396333591531113,
INE864K01010,IRIS,ACTIVE,2021-11-30,2026-07-31,38,19,248.2,,,-0.19624352331606223,319.65,-0.22352573126857497,"19 month(s) absent then trading again — suspension, not exit"
INE01GN01025,IRISDOREME,ACTIVE,2023-08-31,2026-07-31,33,3,52.96,,,0.642170542635659,92.25,-0.4259078590785908,"3 month(s) absent then trading again — suspension, not exit"
INE07U701015,IRMENERGY,ACTIVE,2023-10-31,2026-07-31,34,0,257.55,292.8,-0.12038934426229508,0.05748306302607267,559.7,-0.5398427729140611,
INE566K01011,ISFT,ACTIVE,2018-01-31,2026-07-31,90,13,81.31,101.69,-0.2004130199626315,-0.044423551533670246,703.2,-0.8843714448236634,"13 month(s) absent then trading again — suspension, not exit"
INE858B01029,ISGEC,ACTIVE,2021-05-31,2026-07-31,63,0,825.95,1091.2,-0.24308101173020527,0.09303248858598567,1562.7,-0.4714596531643949,
INE561M01018,ISHANCH,ACTIVE,2025-03-28,2026-07-31,12,5,52.22,,,-0.13125935784395276,65.65,-0.20456968773800466,"5 month(s) absent then trading again — suspension, not exit"
INE154A01025,ITC,ACTIVE,2018-01-31,2026-07-31,103,0,281.0,411.95,-0.317878383298944,-0.12773552692844942,518.15,-0.45768599826305123,
INE379A01028,ITCHOTELS,ACTIVE,2025-02-28,2026-07-31,18,0,162.37,230.45,-0.2954220004339336,-0.10173710998008402,238.42,-0.3189749182115594,
INE353K01014,ITDC,ACTIVE,2018-01-31,2026-07-31,103,0,700.7,581.6,0.20477991746905091,0.33339676498572796,831.2,-0.1570019249278152,
INE248A01017,ITI,ACTIVE,2018-01-31,2026-07-31,100,3,276.7,290.55,-0.04766821545345043,-0.042394878006575536,387.15,-0.2852899393000129,"3 month(s) absent then trading again — suspension, not exit"
INE056801025,IVALUE,ACTIVE,2025-09-30,2026-07-31,11,0,274.05,,,0.1369010578718108,300.7,-0.08862653807781835,
INE050B01023,IVC,ACTIVE,2018-01-31,2026-07-31,81,22,8.4,8.63,-0.02665121668597919,0.09803921568627451,23.15,-0.6371490280777538,"22 month(s) absent then trading again — suspension, not exit"
INE586E01020,IWP,ACTIVE,2026-04-30,2026-07-31,4,0,33.49,,,,34.95,-0.04177396280400574,
INE0HV901016,IXIGO,ACTIVE,2024-06-28,2026-07-31,26,0,197.62,233.78,-0.1546753357857815,-0.04531400966183573,270.38,-0.26910274428581993,
INE848A01014,IZMO,ACTIVE,2018-01-31,2026-07-31,75,28,992.9,369.0,1.6907859078590786,0.6567662272651428,1019.65,-0.0262344922277252,"28 month(s) absent then trading again — suspension, not exit"
INE168A01041,J&KBANK,ACTIVE,2018-01-31,2026-07-31,103,0,156.0,104.12,0.49827122550902797,0.4898290516665076,156.0,0.0,
INE199G01027,JAGRAN,ACTIVE,2018-01-31,2026-07-31,103,0,63.81,72.99,-0.12577065351417993,-0.04375842949198264,173.4,-0.6320069204152249,
INE048B01035,JAGSNPHARM,ACTIVE,2025-01-31,2026-07-31,19,0,230.8,285.03,-0.19026067431498428,0.36713659519014347,285.03,-0.19026067431498428,
INE070D01027,JAICORPLTD,ACTIVE,2018-01-31,2026-07-31,103,0,101.64,111.11,-0.08523085230852308,-0.09861653068463998,388.45,-0.738344703308019,
INE0YD401026,JAINREC,ACTIVE,2025-10-31,2026-07-31,10,0,348.2,,,-0.1524887428501887,458.95,-0.24131168972654973,
INE696V01013,JAIPURKURT,ACTIVE,2021-09-30,2026-07-31,52,7,26.67,42.58,-0.3736496007515265,-0.3217192268565615,96.5,-0.7236269430051814,"7 month(s) absent then trading again — suspension, not exit"
INE039C01032,JAMNAAUTO,ACTIVE,2018-01-31,2026-07-31,103,0,131.18,91.73,0.4300664995094299,0.0548407848182696,147.43,-0.11022180017635487,
INE00YJ01010,JARO,ACTIVE,2025-09-30,2026-07-31,11,0,467.85,,,-0.07328909577102109,744.25,-0.3713805844810211,
INE039O01029,JASH,ACTIVE,2024-10-31,2026-07-31,22,0,504.55,582.75,-0.13419133419133417,0.30442088934850053,603.0,-0.1632669983416252,
INE785A01026,JAYAGROGN,ACTIVE,2018-01-31,2026-07-31,102,1,229.35,247.65,-0.07389460932768024,0.2567811934900542,385.8,-0.4055209953343702,"1 month(s) absent then trading again — suspension, not exit"
INE571B01036,JAYBARMARU,ACTIVE,2023-10-31,2026-07-31,31,3,160.59,74.61,1.1523924406915964,0.9207032651596699,171.1,-0.061426066627703044,"3 month(s) absent then trading again — suspension, not exit"
INE903A01025,JAYKAY,ACTIVE,2025-12-31,2026-07-31,8,0,167.36,,,-0.016223841993886615,195.19,-0.14257902556483418,
INE854B01010,JAYNECOIND,ACTIVE,2018-02-28,2026-07-31,78,24,86.03,52.61,0.6352404485839195,0.17431067431067424,110.79,-0.22348587417636975,"24 month(s) absent then trading again — suspension, not exit"
INE364A01020,JAYSREETEA,ACTIVE,2018-02-28,2026-07-31,101,1,81.96,107.23,-0.23566166184836343,0.003550875474470332,140.01,-0.41461324191129206,"1 month(s) absent then trading again — suspension, not exit"
INE927D01051,JBMA,ACTIVE,2025-01-31,2026-07-31,19,0,658.35,638.6,0.03092702787347322,0.16718376030493765,801.55,-0.17865385814983462,
INE982V01025,JETFREIGHT,ACTIVE,2022-05-31,2026-07-31,38,13,22.7,13.74,0.6521106259097524,,27.8,-0.183453237410072,"13 month(s) absent then trading again — suspension, not exit"
INE0MB501011,JGCHEM,ACTIVE,2024-03-28,2026-07-31,29,0,503.8,500.2,0.00719712115153943,0.5860223516448924,503.8,0.0,
INE544H01014,JHS,ACTIVE,2018-01-31,2026-07-31,82,21,7.57,12.64,-0.4011075949367089,-0.2776717557251908,69.95,-0.8917798427448177,"21 month(s) absent then trading again — suspension, not exit"
INE796G01012,JINDALPHOT,ACTIVE,2018-02-28,2026-07-31,87,15,1061.1,,,-0.2403350515463918,1500.7,-0.29292996601585936,"15 month(s) absent then trading again — suspension, not exit"
INE197D01010,JINDALPOLY,ACTIVE,2018-01-31,2026-07-31,102,1,633.3,579.55,0.0927443706323872,0.6145315487571701,1116.1,-0.43257772601021416,"1 month(s) absent then trading again — suspension, not exit"
INE324A01032,JINDALSAW,ACTIVE,2024-10-31,2026-07-31,22,0,256.95,210.43,0.22107114004657122,0.461853558627752,316.5,-0.18815165876777254,
INE749A01030,JINDALSTEL,ACTIVE,2018-01-31,2026-07-31,103,0,1102.4,965.0,0.14238341968911927,-0.026148409893992853,1244.2,-0.11396881530300591,
INE742C01031,JINDRILL,ACTIVE,2018-01-31,2026-07-31,101,2,616.2,646.55,-0.04694145851055589,0.2836162899697949,907.75,-0.3211787386394932,"2 month(s) absent then trading again — suspension, not exit"
INE247D01039,JINDWORLD,ACTIVE,2018-11-30,2026-07-31,89,4,38.34,40.92,-0.06304985337243398,0.5148162781509287,84.34709600477044,-0.545449673835462,"4 month(s) absent then trading again — suspension, not exit; 1 split/bonus adjustment(s) applied (0.197)"
INE758E01017,JIOFIN,ACTIVE,2023-09-29,2026-07-31,35,0,256.46,329.25,-0.22107820804859535,0.007701375245579487,377.0,-0.31973474801061014,
IN9175A01010,JISLDVREQS,ACTIVE,2018-01-31,2026-07-31,90,13,22.1,28.93,-0.2360871068095402,-0.06435224386113461,84.75,-0.7392330383480826,"13 month(s) absent then trading again — suspension, not exit"
INE175A01038,JISLJALEQS,ACTIVE,2018-01-31,2026-07-31,99,4,29.94,51.2,-0.415234375,-0.17905127502056478,139.95,-0.7860664523043944,"4 month(s) absent then trading again — suspension, not exit"
INE863T01013,JITFINFRA,ACTIVE,2024-06-28,2026-07-31,14,12,337.95,350.9,-0.03690510116842402,0.17282665278500786,1084.85,-0.6884822786560353,"12 month(s) absent then trading again — suspension, not exit"
INE823G01014,JKCEMENT,ACTIVE,2018-01-31,2026-07-31,103,0,5444.0,6659.0,-0.18245982880312359,-0.014393047886303974,6946.5,-0.21629597639098827,
INE576I01022,JKIL,ACTIVE,2018-01-31,2026-07-31,103,0,482.0,704.25,-0.31558395456159033,-0.1566792056687953,861.45,-0.4404782633931163,
INE786A01032,JKLAKSHMI,ACTIVE,2018-01-31,2026-07-31,103,0,564.65,971.35,-0.41869562979358627,-0.27245200360778254,971.35,-0.41869562979358627,
INE789E01012,JKPAPER,ACTIVE,2018-01-31,2026-07-31,103,0,390.55,358.8,0.08848940914158306,0.194525156751797,542.15,-0.2796274093885456,
INE573A01042,JKTYRE,ACTIVE,2018-01-31,2026-07-31,103,0,399.75,335.05,0.19310550664079984,-0.23080623436598044,526.85,-0.24124513618677046,
INE682M01020,JLHL,ACTIVE,2026-07-31,2026-07-31,1,0,331.5,,,,331.5,0.0,
INE412C01023,JMA,ACTIVE,2019-05-31,2026-07-31,83,4,87.92,92.08,-0.0451781059947871,0.1449407474931631,123.55,-0.288385269121813,"4 month(s) absent then trading again — suspension, not exit"
INE780C01023,JMFINANCIL,ACTIVE,2018-01-31,2026-07-31,103,0,122.16,157.83,-0.2260026610910474,-0.052656068243505175,177.48,-0.3116970926301555,
INE0OAF01028,JNKINDIA,ACTIVE,2024-04-30,2026-07-31,25,3,437.55,322.0,0.35885093167701865,0.9164732162410758,828.8,-0.47206805019305015,"3 month(s) absent then trading again — suspension, not exit"
INE147P01019,JPOLYINVST,ACTIVE,2018-01-31,2026-07-31,86,17,1020.8,776.6,0.31444759206798856,0.03215369059656214,1180.4,-0.135208403930871,"17 month(s) absent then trading again — suspension, not exit"
INE351F01018,JPPOWER,ACTIVE,2018-01-31,2026-07-31,99,4,18.29,21.0,-0.12904761904761908,0.2040816326530612,21.87,-0.16369455875628722,"4 month(s) absent then trading again — suspension, not exit"
INE953L01027,JSFB,ACTIVE,2024-02-29,2026-07-31,30,0,575.0,473.95,0.21320814431902102,0.5987765883497846,669.35,-0.14095764547695527,
INE220G01021,JSL,ACTIVE,2018-01-31,2026-07-31,103,0,734.8,694.1,0.05863708399366076,-0.10668044495775333,839.25,-0.12445635984509984,
INE0J5801029,JSLL,ACTIVE,2025-08-29,2026-07-31,12,0,586.15,,,-0.11770903891021306,798.75,-0.26616588419405324,
INE718I01012,JSWCEMENT,ACTIVE,2025-08-29,2026-07-31,12,0,133.1,,,0.16549912434325736,148.43,-0.10328100788250362,
INE133A01011,JSWDULUX,ACTIVE,2018-01-31,2026-07-31,103,0,2938.8,3771.4,-0.22076682399109082,0.049571428571428634,4402.3,-0.33243986098175954,
INE121E01018,JSWENERGY,ACTIVE,2018-01-31,2026-07-31,94,9,554.65,515.05,0.07688573924861669,0.2062853414528055,734.5,-0.24486044928522807,"9 month(s) absent then trading again — suspension, not exit"
INE824G01012,JSWHL,ACTIVE,2018-01-31,2026-07-31,97,6,11257.0,,,-0.3663383056571911,22985.85,-0.5102639232397322,"6 month(s) absent then trading again — suspension, not exit"
INE880J01026,JSWINFRA,ACTIVE,2023-10-31,2026-07-31,34,0,312.4,304.75,0.025102543068088522,0.20851063829787225,345.1,-0.09475514343668515,
INE019A01038,JSWSTEEL,ACTIVE,2018-01-31,2026-07-31,103,0,1270.0,1048.3,0.2114852618525232,0.04578392621870875,1278.0,-0.006259780907668232,
INE643A01035,JTEKTINDIA,ACTIVE,2018-01-31,2026-07-31,103,0,140.71,128.98,0.09094433245464428,0.028356354600599248,214.35,-0.34355026825285745,
INE391J01032,JTLIND,ACTIVE,2024-11-29,2026-07-31,21,0,75.39,71.28,0.057659932659932654,0.055586670400448034,101.73,-0.25892067236803307,
INE03CC01015,JUBLCPL,ACTIVE,2025-03-28,2026-07-31,14,3,1778.6,2263.2,-0.2141215977377165,-0.17042910447761198,2888.5,-0.38424787952224343,"3 month(s) absent then trading again — suspension, not exit"
INE797F01020,JUBLFOOD,ACTIVE,2022-04-29,2026-07-31,52,0,438.25,655.5,-0.3314263920671243,-0.11829795795191633,718.1,-0.38970895418465396,
INE0BY001018,JUBLINGREA,ACTIVE,2021-04-30,2026-07-31,64,0,735.7,782.7,-0.060048549891401556,0.15812672176308548,823.05,-0.1061296397545713,
INE700A01033,JUBLPHARMA,ACTIVE,2018-01-31,2026-07-31,103,0,935.15,1194.1,-0.21685788459927977,-0.04761177309298299,1234.25,-0.24233340085071908,
INE696F01016,JUNIPER,ACTIVE,2024-02-29,2026-07-31,30,0,195.33,292.4,-0.3319767441860464,-0.14027288732394355,517.55,-0.6225871896435126,
INE599M01018,JUSTDIAL,ACTIVE,2018-01-31,2026-07-31,103,0,716.7,840.7,-0.1474961341739027,0.07202153915189603,1271.8,-0.43646799811291076,
INE209L01016,JWL,ACTIVE,2018-02-28,2026-07-31,89,13,259.2,341.6,-0.24121779859484785,-0.19851576994434136,689.25,-0.6239390642002176,"13 month(s) absent then trading again — suspension, not exit"
INE668F01031,JYOTHYLAB,ACTIVE,2018-01-31,2026-07-31,103,0,198.85,332.4,-0.4017749699157641,-0.2004422999597909,558.0,-0.6436379928315412,
INE980O01024,JYOTICNC,ACTIVE,2024-01-31,2026-07-31,31,0,808.65,1020.0,-0.2072058823529412,0.0028523593972840013,1354.5,-0.40299003322259136,
INE197A01024,JYOTISTRUC,ACTIVE,2018-01-31,2026-07-31,29,74,10.8,16.84,-0.3586698337292161,0.12033195020746888,36.33,-0.7027250206440958,"74 month(s) absent then trading again — suspension, not exit"
INE900B01029,KABRAEXTRU,ACTIVE,2018-01-31,2026-07-31,100,3,394.95,286.2,0.379979035639413,0.9833776929643951,551.15,-0.28340742084731924,"3 month(s) absent then trading again — suspension, not exit"
INE217B01036,KAJARIACER,ACTIVE,2018-01-31,2026-07-31,103,0,1198.3,1177.0,0.018096856414613387,0.32790336879432624,1481.8,-0.19132136590633014,
INE438K01021,KALAMANDIR,ACTIVE,2023-09-29,2026-07-31,35,0,89.13,177.91,-0.4990163565847901,-0.2039832097883362,293.95,-0.6967851675455009,
INE227J01012,KALPATARU,ACTIVE,2025-07-31,2026-07-31,13,0,297.85,396.65,-0.24908609605445597,-0.10110155424777426,396.65,-0.24908609605445597,
INE314G01014,KALYANIFRG,ACTIVE,2024-02-29,2026-07-31,20,10,601.9,705.3,-0.14660428186587265,-0.002485913158766987,746.45,-0.19364994306383557,"10 month(s) absent then trading again — suspension, not exit"
INE303R01014,KALYANKJIL,ACTIVE,2021-03-31,2026-07-31,65,0,612.6,594.7,0.0300992096855557,0.6939029448361678,766.25,-0.20052202283849915,
INE411F01010,KAMAHOLD,ACTIVE,2026-04-30,2026-07-31,4,0,2511.1,,,,2640.8,-0.04911390487731001,
INE967C01018,KAMATHOTEL,ACTIVE,2018-01-31,2026-07-31,95,8,166.99,238.92,-0.30106311736145985,-0.23268850801819596,320.3,-0.47864502029347483,"8 month(s) absent then trading again — suspension, not exit"
INE0BTI01037,KAMOPAINTS,ACTIVE,2024-06-28,2026-07-31,15,11,4.58,,,-0.18067978533094808,43.4,-0.8944700460829493,"11 month(s) absent then trading again — suspension, not exit"
INE879E01037,KANANIIND,ACTIVE,2018-01-31,2026-07-31,81,22,1.49,2.01,-0.2587064676616915,-0.038709677419354875,18.6,-0.9198924731182797,"22 month(s) absent then trading again — suspension, not exit"
INE694E01014,KANPRPLA,ACTIVE,2021-01-29,2026-07-31,64,3,207.13,,,0.2026360099866458,280.85,-0.2624888730639132,"3 month(s) absent then trading again — suspension, not exit"
INE531A01024,KANSAINER,ACTIVE,2018-01-31,2026-07-31,103,0,196.74,244.9,-0.19665169456921192,-0.14531473999739342,633.25,-0.6893170153967627,
INE542Z01028,KAPSTON,ACTIVE,2024-09-30,2026-07-31,19,4,474.9,241.88,0.963370266247726,,474.9,0.0,"4 month(s) absent then trading again — suspension, not exit"
INE725L01011,KARMAENG,ACTIVE,2018-02-28,2026-07-31,66,36,38.24,,,0.012711864406779768,78.15,-0.5106845809341011,"36 month(s) absent then trading again — suspension, not exit"
INE036D01028,KARURVYSYA,ACTIVE,2018-01-31,2026-07-31,103,0,342.45,263.6,0.2991274658573595,0.1361977438619775,342.45,0.0,
INE641C01019,KAVDEFENCE,ACTIVE,2018-01-31,2026-07-31,42,61,57.11,,,-0.1737557870370371,69.12,-0.1737557870370371,"61 month(s) absent then trading again — suspension, not exit"
INE587G01015,KAYA,ACTIVE,2018-01-31,2026-07-31,88,15,275.74,,,-0.17529534918498582,1199.8,-0.77017836306051,"15 month(s) absent then trading again — suspension, not exit"
INE918Z01012,KAYNES,ACTIVE,2022-11-30,2026-07-31,45,0,3804.6,6172.0,-0.3835709656513286,0.09472290959314031,7417.3,-0.48706402599328597,
INE805C01028,KCP,ACTIVE,2018-01-31,2026-07-31,103,0,161.57,203.0,-0.20408866995073896,-0.08334278906161352,250.81,-0.35580718472150236,
INE790B01024,KCPSUGIND,ACTIVE,2018-01-31,2026-07-31,96,7,31.95,32.75,-0.024427480916030555,0.405631324241091,55.2,-0.4211956521739131,"7 month(s) absent then trading again — suspension, not exit"
INE291D01011,KDDL,ACTIVE,2018-02-28,2026-07-31,99,3,3302.0,2698.8,0.22350674373795754,0.42795364123853996,3503.5,-0.0575139146567718,"3 month(s) absent then trading again — suspension, not exit"
INE389H01022,KEC,ACTIVE,2018-01-31,2026-07-31,103,0,468.95,861.5,-0.4556587347649449,-0.2970846136551,1198.8,-0.6088171504838171,
INE134B01017,KECL,ACTIVE,2018-01-31,2026-07-31,91,12,137.79,128.86,0.06930001552071999,0.6454502030093145,241.54,-0.4295354806657283,"12 month(s) absent then trading again — suspension, not exit"
INE055C01020,KEEPLEARN,ACTIVE,2024-03-28,2026-07-31,16,13,1.91,,,-0.18376068376068375,4.45,-0.5707865168539326,"13 month(s) absent then trading again — suspension, not exit"
INE878B01027,KEI,ACTIVE,2018-01-31,2026-07-31,103,0,4999.0,3844.2,0.30040060350658143,0.24319216134888466,5427.5,-0.07894979272224781,
INE164B01030,KELLTONTEC,ACTIVE,2025-07-31,2026-07-31,13,0,14.18,28.48,-0.5021067415730337,-0.0857511283043198,28.48,-0.5021067415730337,
INE717A01029,KENNAMET,ACTIVE,2019-08-30,2026-07-31,54,30,2821.4,,,,3060.3,-0.07806424206777116,"30 month(s) absent then trading again — suspension, not exit"
INE202H01019,KERNEX,ACTIVE,2024-03-28,2026-07-31,23,6,2291.7,,,0.8219907775480998,2291.7,0.0,"6 month(s) absent then trading again — suspension, not exit"
INE681C01015,KEYFINSERV,ACTIVE,2018-01-31,2026-07-31,77,26,256.0,,,-0.08685571606919928,326.45,-0.21580640220554448,"26 month(s) absent then trading again — suspension, not exit"
INE138Y01010,KFINTECH,ACTIVE,2022-12-30,2026-07-31,44,0,937.9,1082.9,-0.1338997137316466,-0.07504930966469431,1537.25,-0.3898845340705806,
INE745B01028,KHAICHEM,ACTIVE,2020-10-30,2026-07-31,64,6,47.15,,,-0.2740569668976136,126.8,-0.6281545741324922,"6 month(s) absent then trading again — suspension, not exit"
INE060B01014,KHANDSE,ACTIVE,2018-02-28,2026-07-31,69,33,17.93,24.9,-0.2799196787148594,-0.06857142857142859,38.5,-0.5342857142857143,"33 month(s) absent then trading again — suspension, not exit"
INE029L01018,KICL,ACTIVE,2018-01-31,2026-07-31,98,5,5498.5,4789.0,0.14815201503445397,0.1734389005079175,6298.45,-0.12700743833800376,"5 month(s) absent then trading again — suspension, not exit"
INE967H01025,KIMS,ACTIVE,2024-09-30,2026-07-31,23,0,804.7,751.2,0.07121938232161874,0.33283643892339554,814.6,-0.012153204026516054,
INE473D01015,KINGFA,ACTIVE,2018-01-31,2026-07-31,94,9,5248.5,3518.8,0.4915596225986131,0.20276370969590032,5473.4,-0.04108963350020091,"9 month(s) absent then trading again — suspension, not exit"
INE880L01014,KIOCL,ACTIVE,2018-01-31,2026-07-31,103,0,365.55,317.9,0.14988990248505832,0.013024802549535785,481.45,-0.24073112472738598,
INE555P01013,KIRANVYPAR,ACTIVE,2026-05-29,2026-07-31,3,0,197.51,,,,197.51,0.0,
INE415I01015,KIRIINDUS,ACTIVE,2018-01-31,2026-07-31,103,0,414.65,548.1,-0.24347746761539873,-0.1054902383777371,725.3,-0.4283055287467255,
INE884B01025,KIRLFER,ACTIVE,2019-11-29,2026-07-31,51,30,475.65,,,,520.25,-0.08572801537722254,"30 month(s) absent then trading again — suspension, not exit"
INE732A01036,KIRLOSBROS,ACTIVE,2018-01-31,2026-07-31,100,3,1870.1,1970.9,-0.051144147343853155,0.19396028857817785,2437.0,-0.23262207632334841,"3 month(s) absent then trading again — suspension, not exit"
INE146L01010,KIRLOSENG,ACTIVE,2018-01-31,2026-07-31,103,0,2189.8,904.2,1.4218093342180935,0.8652470187393528,2364.0,-0.07368866328257183,
INE250A01039,KIRLOSIND,ACTIVE,2018-01-31,2026-07-31,103,0,3940.8,4308.8,-0.08540660972892684,0.24787840405319828,6112.75,-0.35531471105476253,
INE811A01020,KIRLPNU,ACTIVE,2023-04-28,2026-07-31,40,0,1482.4,1319.1,0.12379652793571388,0.2992112182296232,1953.0,-0.24096262160778284,
INE12F801023,KISSHT,ACTIVE,2026-05-29,2026-07-31,3,0,317.8,,,,317.8,0.0,
INE602G01020,KITEX,ACTIVE,2018-01-31,2026-07-31,97,6,145.81,,,-0.1469607441642778,742.45,-0.8036096706848946,"6 month(s) absent then trading again — suspension, not exit"
INE401H01017,KKCL,ACTIVE,2018-01-31,2026-07-31,103,0,497.0,556.05,-0.1061954860174444,0.08008258176681522,798.45,-0.3775439914834993,1 split/bonus adjustment(s) applied (0.202)
INE338F01015,KLBRENG-B,ACTIVE,2026-04-30,2026-07-31,4,0,435.5,,,,508.1,-0.14288525880732142,
INE0CJD01029,KMEW,ACTIVE,2025-12-31,2026-07-31,8,0,2463.3,,,0.3796135536264353,2463.3,0.0,
INE157H01023,KMSUGAR,ACTIVE,2018-01-31,2026-07-31,100,3,27.6,26.95,0.02411873840445277,0.13861386138613874,41.25,-0.3309090909090909,"3 month(s) absent then trading again — suspension, not exit"
INE17QZ01016,KNACK,ACTIVE,2026-07-31,2026-07-31,1,0,190.15,,,,190.15,0.0,
INE0KNW01016,KNAGRI,ACTIVE,2025-12-31,2026-07-31,8,0,208.24,,,0.2976071784646063,211.97,-0.017596829740057506,
INE634I01029,KNRCON,ACTIVE,2018-01-31,2026-07-31,103,0,121.85,213.95,-0.4304744099088572,-0.17741173293728482,405.0,-0.6991358024691358,
INE080B01012,KOHINOOR,ACTIVE,2018-01-31,2026-07-31,61,42,23.27,34.35,-0.32256186317321695,-0.03283458021612632,73.55,-0.6836165873555405,"42 month(s) absent then trading again — suspension, not exit"
INE760A01029,KOKUYOCMLN,ACTIVE,2018-01-31,2026-07-31,100,3,85.94,113.44,-0.2424188998589563,0.030702806428400124,204.74,-0.5802481195662792,"3 month(s) absent then trading again — suspension, not exit"
INE094I01018,KOLTEPATIL,ACTIVE,2018-01-31,2026-07-31,103,0,385.1,415.05,-0.0721599807252138,0.032993562231759685,536.2,-0.28179783662812385,
INE237A01036,KOTAKBANK,ACTIVE,2026-01-30,2026-07-31,7,0,390.3,,,-0.04338235294117644,415.2,-0.0599710982658959,
INE419A01022,KOTARISUG,ACTIVE,2018-01-31,2026-07-31,96,7,25.28,33.07,-0.23556093135772602,0.04376548307184155,60.15,-0.5797173732335826,"7 month(s) absent then trading again — suspension, not exit"
INE720A01015,KOTHARIPET,ACTIVE,2018-01-31,2026-07-31,103,0,139.86,159.82,-0.12489050181454124,0.17895979094664097,235.9,-0.40712166172106823,
INE823A01017,KOTHARIPRO,ACTIVE,2018-01-31,2026-07-31,91,12,66.77,80.33,-0.16880368480019922,0.017215112736136434,208.85,-0.6802968637778309,"12 month(s) absent then trading again — suspension, not exit"
INE972A01020,KOTIC,ACTIVE,2026-04-30,2026-07-31,4,0,158.82,,,,186.4,-0.147961373390558,
INE177F01017,KOVAI,ACTIVE,2021-08-31,2026-07-31,30,30,5910.0,,,,5998.5,-0.014753688422105527,"30 month(s) absent then trading again — suspension, not exit"
INE127T01021,KPEL,ACTIVE,2024-11-29,2026-07-31,21,0,306.95,519.6,-0.40925712086220173,0.05083875385142063,620.05,-0.5049592774776227,
INE542W01025,KPIGREEN,ACTIVE,2024-10-31,2026-07-31,22,0,373.75,512.75,-0.2710872745002438,-0.05559065066329753,815.15,-0.5414954302889039,
INE220B01022,KPIL,ACTIVE,2018-01-31,2026-07-31,103,0,1289.6,1147.4,0.12393236883388514,0.1272727272727272,1370.95,-0.059338414967723206,
INE04I401011,KPITTECH,ACTIVE,2019-05-31,2026-07-31,87,0,598.4,1226.4,-0.5120678408349641,-0.4256646511181496,1842.6,-0.6752415065668077,
INE552U01010,KPL,ACTIVE,2026-04-30,2026-07-31,4,0,2578.9,,,,2802.3,-0.07972022981122652,
INE930H01031,KPRMILL,ACTIVE,2021-09-30,2026-07-31,59,0,1049.8,1140.0,-0.0791228070175439,0.20729112759473292,1177.3,-0.10829864945213624,
INE001B01026,KRBL,ACTIVE,2018-01-31,2026-07-31,103,0,351.1,384.65,-0.0872221500064993,0.025558638819921133,614.9,-0.42901284761749875,
INE268B01013,KREBSBIO,ACTIVE,2018-08-31,2026-07-31,81,15,53.65,,,-0.08789527371642301,201.35,-0.7335485473056865,"15 month(s) absent then trading again — suspension, not exit"
INE506W01020,KRISHANA,ACTIVE,2026-07-31,2026-07-31,1,0,182.95,,,,182.95,0.0,
INE0GGO01015,KRISHIVAL,ACTIVE,2025-10-31,2026-07-31,10,0,393.55,,,0.24738510301109354,498.45,-0.21045240244758748,
INE0J5601015,KRISHNADEF,ACTIVE,2025-12-31,2026-07-31,8,0,1198.5,,,0.12087912087912088,1207.4,-0.0073712108663244085,
INE00Z501029,KRITIKA,ACTIVE,2022-08-30,2026-07-31,29,19,6.14,9.16,-0.32969432314410485,-0.07669172932330837,29.5,-0.791864406779661,"19 month(s) absent then trading again — suspension, not exit"
INE798K01010,KRITINUT,ACTIVE,2022-10-31,2026-07-31,35,11,72.58,107.94,-0.3275894015193626,-0.033040234479083455,143.08,-0.49273133911098693,"11 month(s) absent then trading again — suspension, not exit"
INE0ATZ01017,KRONOX,ACTIVE,2024-06-28,2026-07-31,26,0,151.3,180.98,-0.1639960216598518,0.23479964090426841,210.33,-0.28065421005087243,
INE0O6601022,KROSS,ACTIVE,2024-09-30,2026-07-31,23,0,196.2,175.55,0.1176303047564795,0.009103533405338588,225.81,-0.13112793941809492,
INE08LI01020,KRSNAA,ACTIVE,2021-08-31,2026-07-31,60,0,527.45,861.4,-0.38768284188530294,-0.2593034686139587,995.55,-0.4701923559841293,
INE0QN801017,KRYSTAL,ACTIVE,2024-03-28,2026-07-31,26,3,600.05,,,-0.0016637550952499794,810.05,-0.25924325658909947,"3 month(s) absent then trading again — suspension, not exit"
INE999A01023,KSB,ACTIVE,2024-07-31,2026-07-31,25,0,855.9,838.6,0.02062962079656565,0.2085569048291442,978.6,-0.12538320049049667,
INE455I01029,KSCL,ACTIVE,2018-01-31,2026-07-31,103,0,782.45,1109.9,-0.2950265789710785,-0.16627597229621732,1440.8,-0.45693364797334807,
INE987S01020,KSHINTL,ACTIVE,2025-12-31,2026-07-31,8,0,839.7,,,1.4261774053741694,863.6,-0.027674849467345965,
INE907A01026,KSL,ACTIVE,2018-01-31,2026-07-31,103,0,874.05,890.05,-0.017976518173136342,0.22984381595609948,1166.1,-0.2504502186776434,
INE0D6I01023,KSOLVES,ACTIVE,2025-02-28,2026-07-31,18,0,281.5,323.0,-0.12848297213622292,0.08771251931993813,436.65,-0.35531890530172905,
INE1SPP01016,KSR,ACTIVE,2025-12-31,2026-07-31,3,5,29.69,,,,31.57,-0.059550205891669275,"5 month(s) absent then trading again — suspension, not exit"
INE614B01018,KTKBANK,ACTIVE,2018-01-31,2026-07-31,103,0,284.75,180.66,0.5761651721465737,0.5641307333150233,284.75,0.0,
INE529I01021,KUANTUM,ACTIVE,2020-07-31,2026-07-31,73,0,78.05,128.55,-0.39284325165305334,-0.08477954971857415,192.3,-0.594123764950598,
INE0ISX01025,KUSUMGAR,ACTIVE,2026-07-31,2026-07-31,1,0,582.85,,,,582.85,0.0,
INE2KCE01013,KWIL,ACTIVE,2026-03-30,2026-07-31,5,0,30.91,,,,35.11,-0.119624038735403,
INE548Z01017,LAGNAM,ACTIVE,2021-09-30,2026-07-31,51,8,86.34,97.22,-0.11191112939724332,0.28807996419513654,167.68,-0.48509064885496184,"8 month(s) absent then trading again — suspension, not exit"
INE515C01023,LAHOTIOV,ACTIVE,2026-04-30,2026-07-31,4,0,41.01,,,,48.85,-0.1604912998976459,
INE740X01023,LAL,ACTIVE,2024-05-31,2026-07-31,17,10,8.53,,,0.10492227979274607,24.6,-0.6532520325203252,"10 month(s) absent then trading again — suspension, not exit"
INE600L01024,LALPATHLAB,ACTIVE,2018-01-31,2026-07-31,103,0,1905.2,3150.9,-0.3953473610714399,0.3516849946789642,4051.55,-0.5297602152262715,
INE112F01022,LAMBODHARA,ACTIVE,2018-01-31,2026-07-31,94,9,113.75,129.29,-0.12019491066594472,-0.007590298377246593,219.05,-0.4807121661721068,"9 month(s) absent then trading again — suspension, not exit"
INE572G01025,LANCORHOL,ACTIVE,2024-04-30,2026-07-31,22,6,26.16,23.68,0.10472972972972974,,49.1,-0.4672097759674135,"6 month(s) absent then trading again — suspension, not exit"
INE559R01029,LANDMARK,ACTIVE,2022-12-30,2026-07-31,44,0,540.75,496.5,0.0891238670694864,0.3847631241997439,835.4,-0.352705290878621,
INE688J01023,LANDSMILL,ACTIVE,2022-09-30,2026-07-31,22,25,0.81,,,-0.32499999999999996,1.38,-0.41304347826086946,"25 month(s) absent then trading again — suspension, not exit"
INE059D01020,LAOPALA,ACTIVE,2018-01-31,2026-07-31,103,0,184.35,276.1,-0.3323071350959798,-0.04866343275879867,649.2,-0.7160351201478743,
INE670X01014,LASA,ACTIVE,2018-02-28,2026-07-31,77,25,6.87,,,-0.26837060702875404,120.7,-0.9430820215410107,"25 month(s) absent then trading again — suspension, not exit"
INE17IR01028,LASERPOWER,ACTIVE,2026-07-31,2026-07-31,1,0,299.37,,,,299.37,0.0,
INE0I7C01011,LATENTVIEW,ACTIVE,2021-11-30,2026-07-31,54,3,316.2,410.0,-0.22878048780487809,-0.2232866617538689,656.45,-0.5183182268261102,"3 month(s) absent then trading again — suspension, not exit"
INE947Q01028,LAURUSLABS,ACTIVE,2020-09-30,2026-07-31,71,0,1816.2,874.35,1.0772002058672157,0.8820725388601037,1816.2,0.0,
INE801V01019,LAXMICOT,ACTIVE,2021-11-30,2026-07-31,54,3,14.49,27.42,-0.4715536105032823,0.07892777364110205,36.63,-0.6044226044226044,"3 month(s) absent then trading again — suspension, not exit"
INE0WO601020,LAXMIDENTL,ACTIVE,2025-01-31,2026-07-31,19,0,212.69,422.05,-0.4960549697903092,0.12534391534391534,494.05,-0.5694970144722195,
INE938A01021,LCCINFOTEC,ACTIVE,2021-04-30,2026-07-31,30,34,4.18,,,,5.58,-0.2508960573476703,"34 month(s) absent then trading again — suspension, not exit"
INE0QJW01029,LCL,ACTIVE,2026-07-31,2026-07-31,1,0,535.15,,,,535.15,0.0,
INE0G1L01025,LEMERITE,ACTIVE,2026-05-29,2026-07-31,3,0,23.27,,,,38.05,-0.3884362680683311,
INE970X01018,LEMONTREE,ACTIVE,2018-04-30,2026-07-31,100,0,109.3,149.79,-0.2703117698110688,-0.15330389650631346,166.31,-0.34279357825747103,
INE956O01016,LENSKART,ACTIVE,2025-11-28,2026-07-31,9,0,561.4,,,0.22750628621405913,561.4,0.0,
INE500X01013,LEXUS,ACTIVE,2023-03-31,2026-07-31,31,10,14.66,31.24,-0.530729833546735,-0.39571310799670245,72.25,-0.7970934256055364,"10 month(s) absent then trading again — suspension, not exit"
INE850E01012,LFIC,ACTIVE,2019-05-31,2026-07-31,78,9,144.12,214.53,-0.3282058453363166,0.19354037267080748,312.54,-0.5388750239969284,"9 month(s) absent then trading again — suspension, not exit"
INE337A01034,LGBBROSLTD,ACTIVE,2018-01-31,2026-07-31,103,0,1588.4,1259.8,0.26083505318304506,-0.07007786429365952,1961.5,-0.19021157277593673,
INE324D01010,LGEINDIA,ACTIVE,2025-10-31,2026-07-31,10,0,1490.5,,,0.019075618761110413,1663.6,-0.1040514546766049,
INE258Y01016,LGHL,ACTIVE,2024-01-31,2026-07-31,22,9,205.37,702.7,-0.7077415682368009,-0.247591133907309,918.55,-0.7764193565946328,"9 month(s) absent then trading again — suspension, not exit"
INE908V01012,LIBAS,ACTIVE,2019-07-31,2026-07-31,77,8,10.07,13.0,-0.22538461538461535,-0.009832841691248735,68.65,-0.8533139111434814,"8 month(s) absent then trading again — suspension, not exit"
INE557B01019,LIBERTSHOE,ACTIVE,2018-01-31,2026-07-31,94,9,260.4,,,0.04368737474949891,518.5,-0.4977820636451302,"9 month(s) absent then trading again — suspension, not exit"
INE115A01026,LICHSGFIN,ACTIVE,2018-01-31,2026-07-31,103,0,523.1,586.05,-0.10741404317037785,-0.006080182405472035,796.8,-0.3434989959839357,
INE0J1Y01017,LICI,ACTIVE,2022-05-31,2026-07-31,51,0,424.7,895.0,-0.5254748603351955,-0.48489993935718617,1176.1,-0.6388912507439843,
INE060901027,LIKHITHA,ACTIVE,2022-12-30,2026-07-31,41,3,220.8,278.1,-0.20604099244875945,0.36523836023001316,457.2,-0.5170603674540682,"3 month(s) absent then trading again — suspension, not exit"
INE802B01027,LINC,ACTIVE,2024-12-31,2026-07-31,17,3,102.19,,,-0.08102517985611515,160.5,-0.36330218068535824,"3 month(s) absent then trading again — suspension, not exit"
INE405C01035,LINCOLN,ACTIVE,2018-01-31,2026-07-31,103,0,577.15,533.45,0.08191958009185477,0.2644320297951583,787.8,-0.26739020055851737,
INE473A01011,LINDEINDIA,ACTIVE,2018-01-31,2026-07-31,103,0,6745.0,6573.5,0.026089602190613827,0.12285666722157483,8709.55,-0.22556274434385237,
INE093R01011,LLOYDSENGG,ACTIVE,2018-06-29,2026-07-31,82,16,88.66,71.88,0.2334446299387869,0.9878923766816142,88.66,0.0,"16 month(s) absent then trading again — suspension, not exit"
INE080I01025,LLOYDSENT,ACTIVE,2024-10-31,2026-07-31,22,0,79.96,86.65,-0.07720715522215824,0.37506448839208933,89.28,-0.10439068100358431,
INE281B01032,LLOYDSME,ACTIVE,2023-07-31,2026-07-31,37,0,2047.0,1504.7,0.3604040672559314,0.8545026272875522,2047.0,0.0,
INE269B01029,LMW,ACTIVE,2018-01-31,2026-07-31,103,0,16152.0,15109.0,0.06903170295850156,0.08257372654155495,18421.3,-0.12318891717739787,
INE670K01029,LODHA,ACTIVE,2021-04-30,2026-07-31,64,0,1243.95,1231.6,0.010027606365703262,0.2804426145136388,1503.55,-0.1726580426324365,
INE846D01012,LORDSCHLO,ACTIVE,2023-08-31,2026-07-31,24,12,143.77,,,0.011467567187280316,206.21,-0.30279811842296683,"12 month(s) absent then trading again — suspension, not exit"
INE0V9Q01010,LOTUSDEV,ACTIVE,2025-08-29,2026-07-31,12,0,200.12,,,0.3346672002134187,200.12,0.0,
INE947I01017,LOTUSEYE,ACTIVE,2018-02-28,2026-07-31,84,18,117.51,73.43,0.6002996050660492,-0.13129296961632295,135.27,-0.13129296961632295,"18 month(s) absent then trading again — suspension, not exit"
INE597L01014,LOVABLE,ACTIVE,2018-01-31,2026-07-31,93,10,71.44,94.23,-0.2418550355513107,-0.022708618331053306,226.3,-0.684312859036677,"10 month(s) absent then trading again — suspension, not exit"
INE970D01010,LOYALTEX,ACTIVE,2022-08-30,2026-07-31,34,14,204.0,,,0.025074116878548863,949.6,-0.785172704296546,"14 month(s) absent then trading again — suspension, not exit"
INE197J01017,LPDC,ACTIVE,2018-02-28,2026-07-31,78,24,6.05,8.27,-0.26844014510278114,-0.05909797822706064,11.7,-0.4829059829059829,"24 month(s) absent then trading again — suspension, not exit"
INE018A01030,LT,ACTIVE,2018-01-31,2026-07-31,103,0,3938.9,3636.5,0.08315688161693939,0.0016784070391373774,4278.3,-0.07933057522847863,
INE498L01015,LTF,ACTIVE,2018-01-31,2026-07-31,103,0,311.25,202.59,0.5363542129423959,0.08695652173913035,315.95,-0.014875771482829526,
INE818H01020,LTFOODS,ACTIVE,2018-01-31,2026-07-31,103,0,410.35,486.45,-0.15643951074108328,0.10072424892703866,486.45,-0.15643951074108328,
INE214T01019,LTM,ACTIVE,2018-01-31,2026-07-31,103,0,4362.1,5106.0,-0.1456913435174304,-0.2698803247133651,7332.0,-0.4050600109110747,
INE010V01017,LTTS,ACTIVE,2018-01-31,2026-07-31,103,0,3555.4,4308.2,-0.17473654890673593,-0.04496615450736007,5716.1,-0.3780024842112629,
INE162B01018,LUMAXIND,ACTIVE,2018-01-31,2026-07-31,103,0,5284.5,3899.3,0.355243248788244,0.0857817957674132,6045.9,-0.12593658512380285,
INE872H01027,LUMAXTECH,ACTIVE,2018-06-29,2026-07-31,98,0,1568.3,1101.9,0.42326889917415356,0.1633409984422521,1757.4,-0.10760213952429733,
INE326A01037,LUPIN,ACTIVE,2018-01-31,2026-07-31,103,0,2415.0,1929.1,0.25187911461303203,0.1217948717948717,2419.0,-0.0016535758577924762,
INE150G01020,LUXIND,ACTIVE,2018-01-31,2026-07-31,103,0,1247.6,1379.0,-0.09528643944887606,0.33905763657829757,4161.45,-0.7002006512153216,
INE576O01020,LXCHEM,ACTIVE,2021-03-31,2026-07-31,65,0,178.48,204.12,-0.1256123848716442,0.25876295930601595,546.8,-0.6735918068763715,
INE101A01026,M&M,ACTIVE,2018-01-31,2026-07-31,103,0,3398.5,3203.1,0.061003402953388935,-0.009703362666822129,3757.3,-0.09549410480930459,
INE774D01024,M&MFIN,ACTIVE,2018-01-31,2026-07-31,103,0,385.75,257.5,0.4980582524271845,0.027160165091199544,528.15,-0.2696203730000946,
INE215I01027,MAANALU,ACTIVE,2023-10-31,2026-07-31,22,12,122.62,,,,250.67,-0.5108309729923803,"12 month(s) absent then trading again — suspension, not exit"
INE155Z01011,MACPOWER,ACTIVE,2020-08-31,2026-07-31,51,21,1458.2,,,0.7310066476733145,1505.4,-0.03135379301182413,"21 month(s) absent then trading again — suspension, not exit"
INE925C01016,MADHAV,ACTIVE,2018-01-31,2026-07-31,97,6,34.8,45.02,-0.22701021768103077,-0.049699617695248506,66.8,-0.47904191616766467,"6 month(s) absent then trading again — suspension, not exit"
INE631R01026,MADHAVIPL,ACTIVE,2026-04-30,2026-07-31,4,0,7.82,,,,9.2,-0.1499999999999999,
INE414A01015,MADRASFERT,ACTIVE,2018-01-31,2026-07-31,100,3,66.43,92.94,-0.2852377878200989,-0.12384595093642821,118.73,-0.44049524130379847,"3 month(s) absent then trading again — suspension, not exit"
INE270B01035,MAFATIND,ACTIVE,2026-04-30,2026-07-31,4,0,133.63,,,,142.45,-0.06191646191646187,
INE347W01011,MAGADSUGAR,ACTIVE,2018-01-31,2026-07-31,100,3,500.4,550.45,-0.09092560632210021,0.15193370165745856,912.2,-0.45143608857706646,"3 month(s) absent then trading again — suspension, not exit"
INE387I01016,MAGNUM,ACTIVE,2018-01-31,2026-07-31,81,22,19.68,24.85,-0.20804828973843065,-0.10095934216537235,68.45,-0.7124908692476261,"22 month(s) absent then trading again — suspension, not exit"
INE457A01014,MAHABANK,ACTIVE,2018-01-31,2026-07-31,103,0,79.33,56.08,0.414586305278174,0.21541290026045662,91.44,-0.13243657042869642,
INE843B01013,MAHAPEXLTD,ACTIVE,2022-02-28,2026-07-31,45,9,44.92,105.55,-0.5744197063003316,-0.5127982646420824,167.34,-0.7315644795028087,"9 month(s) absent then trading again — suspension, not exit"
INE451L01014,MAHASTEEL,ACTIVE,2018-01-31,2026-07-31,70,33,1001.25,,,,1001.25,0.0,"33 month(s) absent then trading again — suspension, not exit"
INE215D01010,MAHEPC,ACTIVE,2020-02-28,2026-07-31,73,5,106.66,142.45,-0.2512460512460512,-0.10188615695520384,165.25,-0.35455370650529505,"5 month(s) absent then trading again — suspension, not exit"
INE813A01018,MAHLIFE,ACTIVE,2018-01-31,2026-07-31,103,0,392.65,372.55,0.05395248959871149,0.06916269571136821,762.65,-0.4851504622041566,
INE766P01016,MAHLOG,ACTIVE,2018-01-31,2026-07-31,103,0,409.5,336.05,0.21856866537717598,0.13529248683116166,766.2,-0.4655442443226312,
INE288A01013,MAHSCOOTER,ACTIVE,2018-01-31,2026-07-31,101,2,13009.0,16054.0,-0.18967235579917777,-0.031996428305677505,17248.0,-0.24576762523191095,"2 month(s) absent then trading again — suspension, not exit"
INE271B01025,MAHSEAMLES,ACTIVE,2018-01-31,2026-07-31,103,0,565.35,700.75,-0.19322154834106312,0.0870024995193232,1052.9,-0.46305442112261375,
INE683C01011,MAITHANALL,ACTIVE,2018-01-31,2026-07-31,103,0,983.7,1102.4,-0.10767416545718436,-0.022555643879173224,1327.65,-0.2590667721161451,
INE201B01022,MAJESAUT,ACTIVE,2026-04-30,2026-07-31,4,0,431.7,,,,431.7,0.0,
INE389C01015,MALLCOM,ACTIVE,2022-02-28,2026-07-31,51,3,982.2,1304.8,-0.24724095646842423,-0.10798292616474423,1522.85,-0.35502511737859926,"3 month(s) absent then trading again — suspension, not exit"
INE383H01017,MALUPAPER,ACTIVE,2018-01-31,2026-07-31,94,9,32.26,39.25,-0.17808917197452234,0.024452207049857084,66.85,-0.5174270755422588,"9 month(s) absent then trading again — suspension, not exit"
INE0TO701015,MAMATA,ACTIVE,2025-01-31,2026-07-31,19,0,406.45,523.5,-0.2235912129894938,0.021359467269757508,523.5,-0.2235912129894938,
INE859Q01017,MANAKALUCO,ACTIVE,2018-01-31,2026-07-31,86,17,35.22,30.27,0.1635282457879088,,37.32,-0.05627009646302254,"17 month(s) absent then trading again — suspension, not exit"
INE830Q01018,MANAKCOAT,ACTIVE,2018-01-31,2026-07-31,84,19,119.97,162.58,-0.26208635748554565,-0.05928016937191251,162.58,-0.26208635748554565,"19 month(s) absent then trading again — suspension, not exit"
INE015D01022,MANAKSIA,ACTIVE,2018-01-31,2026-07-31,101,2,55.73,76.35,-0.27007203667321544,-0.12717306186374322,166.65,-0.6655865586558657,"2 month(s) absent then trading again — suspension, not exit"
INE824Q01011,MANAKSTEEL,ACTIVE,2018-02-28,2026-07-31,89,13,68.38,,,0.1706899503509673,70.03,-0.023561330858203708,"13 month(s) absent then trading again — suspension, not exit"
INE201A01024,MANALIPETC,ACTIVE,2018-01-31,2026-07-31,98,5,64.89,67.96,-0.0451736315479693,0.1281293463143254,131.8,-0.5076631259484067,"5 month(s) absent then trading again — suspension, not exit"
INE522D01027,MANAPPURAM,ACTIVE,2018-01-31,2026-07-31,103,0,371.85,253.05,0.46947243627741553,0.30634112067451275,371.85,0.0,
INE939X01013,MANBA,ACTIVE,2024-10-31,2026-07-31,22,0,135.48,136.09,-0.004482327871261765,0.012631736303161655,162.53,-0.1664308127730266,
INE545L01039,MANCREDIT,ACTIVE,2024-08-30,2026-07-31,24,0,245.28,184.86,0.32684193443687104,0.47527968242511737,245.28,0.0,
INE584F01014,MANGALAM,ACTIVE,2018-01-31,2026-07-31,91,12,27.11,88.64,-0.6941561371841155,,184.25,-0.8528629579375847,"12 month(s) absent then trading again — suspension, not exit"
INE347A01017,MANGLMCEM,ACTIVE,2018-01-31,2026-07-31,103,0,950.45,709.95,0.3387562504401718,0.21138159571756313,1020.1,-0.06827761984119202,
INE993A01026,MANINDS,ACTIVE,2018-01-31,2026-07-31,99,4,532.3,447.5,0.18949720670391051,0.6353302611367126,581.65,-0.08484483796097314,"4 month(s) absent then trading again — suspension, not exit"
INE949H01023,MANINFRA,ACTIVE,2018-01-31,2026-07-31,103,0,98.08,174.38,-0.43755017777268035,-0.10909256063221005,245.95,-0.6012197601138444,
INE634S01028,MANKIND,ACTIVE,2023-05-31,2026-07-31,39,0,2469.6,2567.2,-0.03801807416640695,0.16271186440677962,2880.4,-0.1426190806832385,
INE784W01015,MANOMAY,ACTIVE,2023-01-31,2026-07-31,31,12,210.39,161.65,0.3015156201670274,,289.04,-0.2721076667589262,"12 month(s) absent then trading again — suspension, not exit"
INE00VM01036,MANORAMA,ACTIVE,2024-03-28,2026-07-31,26,3,1604.5,1521.7,0.05441282775842804,0.1879025690382764,1655.3,-0.030689301033045343,"3 month(s) absent then trading again — suspension, not exit"
INE825V01034,MANYAVAR,ACTIVE,2022-02-28,2026-07-31,54,0,414.65,749.4,-0.446690685882039,-0.14566807458535086,1449.05,-0.7138470032089991,
INE0BV301023,MAPMYINDIA,ACTIVE,2021-12-31,2026-07-31,56,0,1181.65,1802.0,-0.34425638179800216,-0.10542054659701718,2379.7,-0.5034458124973735,
INE182D01020,MARATHON,ACTIVE,2018-04-30,2026-07-31,100,0,389.7,710.8,-0.45174451322453574,-0.2474654822825143,710.8,-0.45174451322453574,
INE196A01026,MARICO,ACTIVE,2018-01-31,2026-07-31,103,0,870.65,709.8,0.22661313045928436,0.19299808166620996,870.65,0.0,
INE01JE01028,MARINE,ACTIVE,2021-02-26,2026-07-31,49,17,266.0,,,0.47441937808325485,283.55,-0.06189384588256043,"17 month(s) absent then trading again — suspension, not exit"
INE0FW001016,MARKOLINES,ACTIVE,2025-10-31,2026-07-31,10,0,176.35,,,0.30532938564026646,180.58,-0.023424520987927886,
INE750C01026,MARKSANS,ACTIVE,2018-01-31,2026-07-31,103,0,258.35,227.45,0.13585403385359435,0.5767470247177299,342.75,-0.24624361779722823,
INE415B01044,MARSONS,ACTIVE,2026-03-30,2026-07-31,5,0,110.04,,,,154.2,-0.28638132295719837,
INE585B01010,MARUTI,ACTIVE,2018-01-31,2026-07-31,103,0,14234.0,12608.0,0.12896573604060912,-0.02500171244605795,16697.0,-0.14751152901718873,
INE348L01012,MASFIN,ACTIVE,2018-01-31,2026-07-31,103,0,319.8,308.05,0.0381431585781529,-0.01690747002766677,1046.95,-0.6945412865943933,1 split/bonus adjustment(s) applied (0.504)
INE759A01021,MASTEK,ACTIVE,2018-01-31,2026-07-31,103,0,1874.8,2416.7,-0.22423138991186325,-0.08595387840670858,3321.8,-0.4356072009151665,
INE677D01037,MASTERTR,ACTIVE,2024-11-29,2026-07-31,21,0,82.14,164.36,-0.500243368216111,-0.18358016101779145,170.39,-0.5179294559539879,
INE866R01028,MATRIMONY,ACTIVE,2018-01-31,2026-07-31,103,0,437.0,531.35,-0.17756657570339704,-0.15531071808253605,1152.9,-0.6209558504640472,
INE03EI01018,MAXESTATES,ACTIVE,2023-11-30,2026-07-31,33,0,393.2,484.3,-0.18810654552963044,0.020768431983385256,675.15,-0.41761090128119677,
INE027H01010,MAXHEALTH,ACTIVE,2020-09-30,2026-07-31,71,0,1098.5,1246.0,-0.11837881219903691,0.14809782608695657,1276.0,-0.1391065830721003,
INE0CG601016,MAXIND,ACTIVE,2020-09-30,2026-07-31,68,3,172.22,217.93,-0.2097462487954848,0.07161968763611468,315.55,-0.4542227856124228,"3 month(s) absent then trading again — suspension, not exit"
INE040D01038,MAYURUNIQ,ACTIVE,2018-01-31,2026-07-31,103,0,750.95,553.15,0.3575883575883577,0.4659834065397756,860.8,-0.12761384758364303,
INE249Z01020,MAZDOCK,ACTIVE,2024-12-31,2026-07-31,20,0,2381.8,2771.2,-0.1405167436489606,-0.0742741653387228,3478.2,-0.3152205163590362,
INE900L01028,MBAPL,ACTIVE,2026-07-31,2026-07-31,1,0,160.2,,,,160.2,0.0,
INE08N601015,MBEL,ACTIVE,2025-08-29,2026-07-31,12,0,293.65,,,-0.07497243660418967,454.6,-0.3540475142982843,
INE435D01014,MCCHRLS-B,ACTIVE,2026-04-30,2026-07-31,4,0,671.3,,,,703.1,-0.0452282747831035,
INE813V01022,MCL,ACTIVE,2020-08-31,2026-07-31,50,22,53.3,50.01,0.06578684263147369,,91.95,-0.4203371397498641,"22 month(s) absent then trading again — suspension, not exit"
INE613C01026,MCLOUD,ACTIVE,2025-02-28,2026-07-31,18,0,29.29,41.62972972972973,-0.2964162825423619,0.3058403923316986,41.62972972972973,-0.2964162825423619,1 split/bonus adjustment(s) applied (0.493)
INE745G01043,MCX,ACTIVE,2026-01-30,2026-07-31,7,0,2692.2,,,0.06495253164556955,2971.5,-0.09399293286219088,
INE474Q01031,MEDANTA,ACTIVE,2022-11-30,2026-07-31,45,0,1405.6,1311.2,0.07199511897498465,0.3338394382235718,1445.2,-0.027401051757542302,
INE456Z01021,MEDIASSIST,ACTIVE,2024-01-31,2026-07-31,31,0,358.0,532.7,-0.32795194293223207,-0.10230692076228688,659.75,-0.45737021599090566,
INE646B01010,MEDICAMEQ,ACTIVE,2021-10-29,2026-07-31,58,0,234.55,389.55,-0.39789500705942754,-0.3143817597193803,1177.05,-0.8007306401597214,
INE630Y01024,MEDICO,ACTIVE,2023-03-31,2026-07-31,32,9,48.87,40.19,0.21597412291614831,-0.03950471698113217,89.05,-0.45120718697361034,"9 month(s) absent then trading again — suspension, not exit"
INE804L01022,MEDPLUS,ACTIVE,2021-12-31,2026-07-31,56,0,704.95,930.55,-0.2424372682821986,-0.1176544214281244,1085.65,-0.350665499930917,
INE0VDM01015,MEESHO,ACTIVE,2025-12-31,2026-07-31,8,0,182.19,,,0.04616709732988798,193.13,-0.05664578263345932,
INE00EM01016,MEGASTAR,ACTIVE,2022-02-28,2026-07-31,45,9,331.95,272.55,0.21794166208035215,,384.75,-0.1372319688109162,"9 month(s) absent then trading again — suspension, not exit"
INE0PKD01011,MEIL,ACTIVE,2025-08-29,2026-07-31,9,3,284.05,,,0.09883945841392654,527.4,-0.46141448615851344,"3 month(s) absent then trading again — suspension, not exit"
INE650G01029,MENNPIS,ACTIVE,2026-04-30,2026-07-31,4,0,70.62,,,,70.62,0.0,
INE689O01013,MERCANTILE,ACTIVE,2026-04-30,2026-07-31,4,0,24.0,,,,25.43,-0.0562327959103421,
INE763M01028,MERCURYEV,ACTIVE,2026-07-31,2026-07-31,1,0,35.09,,,,35.09,0.0,
INE317I01021,METROBRAND,ACTIVE,2021-12-31,2026-07-31,56,0,1036.6,1243.6,-0.16645223544548088,-0.01323179438362693,1370.05,-0.24338527790956538,
INE085D01033,METROGLOBL,ACTIVE,2026-04-30,2026-07-31,4,0,131.9,,,,134.5,-0.019330855018587317,
INE112L01020,METROPOLIS,ACTIVE,2019-04-30,2026-07-31,88,0,582.45,1995.3,-0.7080890091715532,-0.6890282968499732,3440.9,-0.8307274259641372,
INE0US801024,MFML,ACTIVE,2025-09-30,2026-07-31,11,0,18.92,,,-0.19076133447390922,29.76,-0.36424731182795694,
INE180A01020,MFSL,ACTIVE,2018-01-31,2026-07-31,103,0,1499.0,1501.4,-0.0015985080591448587,-0.07102131879028255,1813.4,-0.17337597882430797,
INE002S01010,MGL,ACTIVE,2018-01-31,2026-07-31,103,0,1120.5,1358.1,-0.17495029821073554,0.06430471124620066,1940.4,-0.4225417439703154,
INE112D01035,MHLXMIRU,ACTIVE,2022-01-31,2026-07-31,44,11,141.27,217.35,-0.35003450655624563,-0.3238728821671293,291.35,-0.5151192723528403,"11 month(s) absent then trading again — suspension, not exit"
INE998I01010,MHRIL,ACTIVE,2018-01-31,2026-07-31,103,0,218.41,356.45,-0.3872632907841212,-0.2616294793779581,456.85,-0.5219218561891212,
INE099Z01011,MIDHANI,ACTIVE,2018-04-30,2026-07-31,100,0,396.0,395.15,0.0021510818676452556,0.0552964690206529,516.5,-0.23330106485963215,
INE0XAD01024,MIDWESTLTD,ACTIVE,2025-10-31,2026-07-31,10,0,1194.1,,,-0.09654233184535078,1720.6,-0.305997907706614,
INE842C01021,MINDACORP,ACTIVE,2018-01-31,2026-07-31,103,0,700.95,499.3,0.40386541157620676,0.24535844363507153,700.95,0.0,
INE110B01017,MINDTECK,ACTIVE,2018-01-31,2026-07-31,84,19,193.86,,,-0.14403037795831852,446.45,-0.5657744428267443,"19 month(s) absent then trading again — suspension, not exit"
INE771A01026,MIRZAINT,ACTIVE,2018-01-31,2026-07-31,96,7,33.27,33.29,-0.0006007810153197964,-0.11937533086289036,333.7,-0.9002996703626012,"7 month(s) absent then trading again — suspension, not exit"
INE997Y01027,MITTAL,ACTIVE,2023-11-30,2026-07-31,29,4,0.91,1.72,-0.4709302325581395,-0.08080808080808077,2.43,-0.625514403292181,"4 month(s) absent then trading again — suspension, not exit"
INE964W01021,MKPL,ACTIVE,2023-11-30,2026-07-31,18,15,4.18,,,-0.23722627737226287,90.95,-0.9540406816932381,"15 month(s) absent then trading again — suspension, not exit"
INE227C01017,MMFL,ACTIVE,2018-01-31,2026-07-31,103,0,546.85,343.75,0.5908363636363637,0.33622480146609657,1281.75,-0.5733567388336259,
INE511Y01018,MMP,ACTIVE,2020-01-31,2026-07-31,72,7,292.5,275.1,0.06324972737186468,0.16302186878727634,402.6,-0.27347242921013415,"7 month(s) absent then trading again — suspension, not exit"
INE123F01029,MMTC,ACTIVE,2018-01-31,2026-07-31,103,0,62.66,64.63,-0.030481200680798376,-0.03748079877112132,111.16,-0.43630802446923356,
INE0HLU01028,MOBIKWIK,ACTIVE,2024-12-31,2026-07-31,20,0,205.21,245.57,-0.16435232316651052,0.036309463690536295,586.15,-0.649901902243453,
INE832A01018,MODIRUBBER,ACTIVE,2024-03-28,2026-07-31,20,9,120.84,,,-0.026818071998067152,142.97,-0.15478771770301458,"9 month(s) absent then trading again — suspension, not exit"
INE0L0L01012,MODIS,ACTIVE,2025-11-28,2026-07-31,9,0,393.15,,,0.20690713737528774,395.2,-0.005187246963562782,
INE794W01014,MODTHREAD,ACTIVE,2025-02-28,2026-07-31,18,0,47.88,51.69,-0.07370864770748685,0.11686494051784477,55.46,-0.13667508113956,
INE954E01012,MOHITIND,ACTIVE,2018-01-31,2026-07-31,79,24,22.58,30.77,-0.2661683457913553,-0.06694214876033062,39.75,-0.43194968553459123,"24 month(s) absent then trading again — suspension, not exit"
INE490G01020,MOIL,ACTIVE,2018-01-31,2026-07-31,103,0,281.05,342.75,-0.18001458789204958,-0.23178898455651226,503.45,-0.4417519118085212,
INE514Y01020,MOKSH,ACTIVE,2021-07-30,2026-07-31,50,11,10.06,13.58,-0.2592047128129602,-0.2683636363636363,44.65,-0.7746920492721164,"11 month(s) absent then trading again — suspension, not exit"
INE0CT101020,MOL,ACTIVE,2021-09-30,2026-07-31,59,0,53.88,99.16,-0.4566357402178297,-0.1037924151696606,127.85,-0.5785686351192805,
INE835B01035,MOLDTECH,ACTIVE,2018-02-28,2026-07-31,96,6,152.76,149.23,0.023654761107016024,0.18888629465328025,375.05,-0.5926943074256766,"6 month(s) absent then trading again — suspension, not exit"
INE893J01029,MOLDTKPAC,ACTIVE,2018-01-31,2026-07-31,103,0,672.2,829.8,-0.18992528320077118,0.22776255707762566,1015.5,-0.33806006893156076,
INE903D01011,MONARCH,ACTIVE,2022-01-31,2026-07-31,55,0,390.15,360.9,0.08104738154613467,0.3081307627829002,788.2,-0.5050114184217205,
INE296Q01012,MONEYBOXX,ACTIVE,2025-10-31,2026-07-31,10,0,58.22,,,0.16346922462030375,161.0,-0.6383850931677019,
INE950M01013,MONTECARLO,ACTIVE,2018-01-31,2026-07-31,103,0,523.0,581.45,-0.100524550692235,-0.07654277390306351,864.2,-0.3948160148113863,
INE083A01026,MOREPENLAB,ACTIVE,2018-01-31,2026-07-31,103,0,57.04,58.45,-0.024123182207014603,0.5709171027265215,85.49,-0.33278746052169844,
INE935B01025,MOSCHIP,ACTIVE,2025-02-28,2026-07-31,18,0,207.8,173.24,0.1994920341722466,-0.012451287900389584,250.41,-0.17016093606485358,
INE775A01035,MOTHERSON,ACTIVE,2018-01-31,2026-07-31,103,0,150.75,97.17,0.5514047545538746,0.3352524357838795,365.8,-0.5878895571350465,
INE338I01027,MOTILALOFS,ACTIVE,2018-01-31,2026-07-31,103,0,851.95,911.0,-0.06481888035126229,0.13058191228186597,2376.9,-0.6415709537633051,
INE0FRK01020,MOTISONS,ACTIVE,2024-12-31,2026-07-31,20,0,14.22,20.7,-0.31304347826086953,0.2354474370112946,27.32,-0.479502196193265,
INE356A01018,MPHASIS,ACTIVE,2018-01-31,2026-07-31,103,0,2342.3,2790.2,-0.1605261271593433,-0.15103298296484227,3396.7,-0.31041893602614296,
INE943D01017,MPSLTD,ACTIVE,2018-01-31,2026-07-31,103,0,2696.0,2358.2,0.14324484776524476,0.44255979453154254,2848.7,-0.05360339804121172,
INE883A01011,MRF,ACTIVE,2018-01-31,2026-07-31,103,0,132770.0,147845.0,-0.10196489566776015,0.004577611319184353,157515.0,-0.15709614957305654,
INE103A01014,MRPL,ACTIVE,2018-01-31,2026-07-31,103,0,169.94,126.11,0.3475537229402902,-0.03738529511725385,250.15,-0.32064761143314013,
INE752G01015,MSPL,ACTIVE,2018-02-28,2026-07-31,85,17,34.31,34.54,-0.006658946149391919,0.15599730458221034,45.03,-0.23806351321341324,"17 month(s) absent then trading again — suspension, not exit"
INE255X01014,MSTCLTD,ACTIVE,2019-04-30,2026-07-31,88,0,618.2,478.05,0.29317017048425903,0.338964695689842,1060.85,-0.41725974454446896,
INE0FS801015,MSUMI,ACTIVE,2022-04-29,2026-07-31,52,0,40.61,37.1,0.09460916442048511,-0.0590824837812789,87.5,-0.5358857142857143,
INE153A01019,MTNL,ACTIVE,2018-01-31,2026-07-31,101,2,27.03,45.73,-0.4089219330855018,-0.2026548672566371,83.22,-0.6751982696467195,"2 month(s) absent then trading again — suspension, not exit"
INE08KJ01020,MUFIN,ACTIVE,2023-11-30,2026-07-31,33,0,131.74,86.99,0.5144269456259342,0.15470242790779215,229.65,-0.4263444371870237,
INE220Q01020,MUFTI,ACTIVE,2023-12-29,2026-07-31,32,0,81.52,165.03,-0.5060292068108829,-0.10643428696700655,291.5,-0.7203430531732419,
INE304A01026,MUKANDLTD,ACTIVE,2018-01-31,2026-07-31,95,8,141.42,142.73,-0.009178168570027342,0.10269005847953207,197.75,-0.2848546144121366,"8 month(s) absent then trading again — suspension, not exit"
INE0CG401037,MUKKA,ACTIVE,2024-03-28,2026-07-31,29,0,22.54,28.44,-0.2074542897327708,-0.032618025751073025,51.56,-0.5628394103956555,
INE672B01032,MUNJALAU,ACTIVE,2018-01-31,2026-07-31,103,0,101.34,76.62,0.32263116679718085,0.40984974958263787,129.71,-0.2187186801326035,
INE577A01027,MUNJALSHOW,ACTIVE,2018-01-31,2026-07-31,103,0,137.35,148.18,-0.07308678634093678,0.15868061413868725,271.4,-0.4939204126750184,
INE692B01014,MURUDCERA,ACTIVE,2018-01-31,2026-07-31,96,7,30.62,43.13,-0.2900533271504753,-0.06188725490196077,68.75,-0.5546181818181818,"7 month(s) absent then trading again — suspension, not exit"
INE296G01013,MUTHOOTCAP,ACTIVE,2018-01-31,2026-07-31,103,0,233.48,311.15,-0.24962236863249235,0.01911828895678741,610.6883959551898,-0.6176773596052871,1 split/bonus adjustment(s) applied (0.498)
INE414G01012,MUTHOOTFIN,ACTIVE,2018-01-31,2026-07-31,103,0,3119.6,2612.3,0.19419668491367748,-0.185397952788803,3829.6,-0.185397952788803,
INE046W01019,MUTHOOTMF,ACTIVE,2023-12-29,2026-07-31,32,0,245.46,165.08,0.4869154349406348,0.37720922403635765,253.75,-0.03266995073891622,
INE0KNT01012,MVGJL,ACTIVE,2023-10-31,2026-07-31,34,0,168.14,204.53,-0.17792010951938597,-0.011755025273304338,338.7,-0.5035724830233245,
INE0JYY01029,MWL,ACTIVE,2026-07-31,2026-07-31,1,0,36.0,,,,36.0,0.0,
INE295D01020,NACLIND,ACTIVE,2018-01-31,2026-07-31,95,8,188.93,,,0.30476519337016567,220.76,-0.14418372893640147,"8 month(s) absent then trading again — suspension, not exit"
INE245I01016,NAGREEKCAP,ACTIVE,2018-01-31,2026-07-31,72,31,23.35,26.01,-0.10226835832372165,-0.12218045112781954,43.95,-0.46871444823663255,"31 month(s) absent then trading again — suspension, not exit"
INE123B01028,NAGREEKEXP,ACTIVE,2018-02-28,2026-07-31,89,13,21.55,24.85,-0.13279678068410464,-0.15157480314960622,68.8,-0.6867732558139535,"13 month(s) absent then trading again — suspension, not exit"
INE049I01012,NAHARCAP,ACTIVE,2018-01-31,2026-07-31,100,3,249.13,,,0.0572034797368979,592.85,-0.5797756599477102,"3 month(s) absent then trading again — suspension, not exit"
INE289A01011,NAHARINDUS,ACTIVE,2018-01-31,2026-07-31,95,8,113.31,,,0.16251154201292708,206.1,-0.4502183406113537,"8 month(s) absent then trading again — suspension, not exit"
INE308A01027,NAHARPOLY,ACTIVE,2018-01-31,2026-07-31,96,7,268.65,,,0.15063388727085827,561.6,-0.5216346153846154,"7 month(s) absent then trading again — suspension, not exit"
INE298J01013,NAM-INDIA,ACTIVE,2018-01-31,2026-07-31,103,0,1161.4,812.35,0.4296793254139226,0.3226284022320921,1162.0,-0.0005163511187606791,
INE117Z01029,NARMADA,ACTIVE,2026-07-31,2026-07-31,1,0,17.02,,,,17.02,0.0,
INE936B01015,NATCAPSUQ,ACTIVE,2025-02-28,2026-07-31,16,2,143.28,212.5,-0.32574117647058826,-0.12612832398145893,274.1,-0.4772710689529369,"2 month(s) absent then trading again — suspension, not exit"
INE987B01026,NATCOPHARM,ACTIVE,2018-01-31,2026-07-31,103,0,917.0,953.4,-0.03817914831130688,0.09702117478167248,1537.55,-0.4035966310038698,
INE448G01010,NATHBIOGEN,ACTIVE,2018-01-31,2026-07-31,97,6,159.18,,,0.07655890707425939,560.5,-0.7160035682426404,"6 month(s) absent then trading again — suspension, not exit"
INE139A01034,NATIONALUM,ACTIVE,2018-01-31,2026-07-31,103,0,350.05,185.06,0.8915486869123528,-0.09184070566869887,424.45,-0.175285663800212,
INE166R01015,NATIONSTD,ACTIVE,2026-04-30,2026-07-31,4,0,247.9,,,,1344.75,-0.8156534671872094,
INE663F01032,NAUKRI,ACTIVE,2025-05-30,2026-07-31,15,0,1226.25,1392.3,-0.11926308985132511,-0.01852889386905722,1488.3,-0.17607337230397094,
INE725A01030,NAVA,ACTIVE,2025-01-31,2026-07-31,19,0,553.45,629.55,-0.12087999364625512,-0.018531654548678722,687.6,-0.19509889470622452,
INE048G01026,NAVINFLUOR,ACTIVE,2018-01-31,2026-07-31,103,0,7567.5,5047.8,0.4991679543563532,0.24077717658632564,7687.0,-0.01554572655132041,
INE278M01019,NAVKARCORP,ACTIVE,2018-01-31,2026-07-31,103,0,102.72,132.01,-0.22187713052041508,0.06390471258415331,178.85,-0.4256639642158233,
INE060A01024,NAVNETEDUL,ACTIVE,2018-01-31,2026-07-31,103,0,134.1,148.91,-0.09945604727687866,-0.062434454310284604,161.64,-0.1703786191536748,
INE418L01047,NAZARA,ACTIVE,2025-09-30,2026-07-31,11,0,339.0,,,0.1919831223628693,339.0,0.0,
INE095N01031,NBCC,ACTIVE,2018-04-30,2026-07-31,100,0,94.8,108.18,-0.12368275097060463,-0.04106817722031157,186.37,-0.4913344422385577,
INE365I01020,NBIFIN,ACTIVE,2018-01-31,2026-07-31,97,6,2200.4,2813.0,-0.21777461784571628,0.09434525289700106,3289.0,-0.330982061416844,"6 month(s) absent then trading again — suspension, not exit"
INE868B01028,NCC,ACTIVE,2018-01-31,2026-07-31,103,0,141.08,217.71,-0.35198199439621514,-0.03653622891483981,357.95,-0.6058667411649671,
INE732C01016,NCLIND,ACTIVE,2018-01-31,2026-07-31,103,0,182.14,219.59,-0.17054510678992676,-0.005568901506879287,275.1,-0.33791348600508914,
INE756C01015,NDGL,ACTIVE,2018-01-31,2026-07-31,85,18,2783.7,4055.9,-0.31366651051554534,0.08721293547883133,4368.6,-0.3627935723114958,"18 month(s) absent then trading again — suspension, not exit"
INE875G01048,NDL,ACTIVE,2024-12-31,2026-07-31,20,0,2.36,3.6,-0.3444444444444445,-0.15714285714285714,4.84,-0.512396694214876,
INE353A01023,NDLVENTURE,ACTIVE,2018-01-31,2026-07-31,88,15,129.03,64.53,0.99953509995351,0.4363798285650674,862.95,-0.8504780114722754,"15 month(s) absent then trading again — suspension, not exit"
INE07OG01012,NDRAUTO,ACTIVE,2020-08-31,2026-07-31,61,11,817.55,987.4,-0.17201741948551755,0.19428821853772552,1583.15,-0.48359283706534445,"11 month(s) absent then trading again — suspension, not exit"
INE155G01029,NDTV,ACTIVE,2018-01-31,2026-07-31,91,12,77.1,,,-0.05768760694206795,471.5,-0.8364793213149523,"12 month(s) absent then trading again — suspension, not exit"
INE605D01012,NEAGI,ACTIVE,2026-05-29,2026-07-31,3,0,3172.0,,,,3290.0,-0.035866261398176294,
INE189I01024,NELCAST,ACTIVE,2018-01-31,2026-07-31,103,0,121.37,157.08,-0.22733638910109502,0.36126065500224325,171.95,-0.2941552776970049,
INE045B01015,NELCO,ACTIVE,2018-01-31,2026-07-31,93,10,1015.65,824.2,0.23228585294831341,0.5514397006033759,1262.25,-0.19536541889483067,"10 month(s) absent then trading again — suspension, not exit"
INE136S01016,NEOGEN,ACTIVE,2019-05-31,2026-07-31,85,2,2023.1,1541.6,0.3123378308251168,0.663049732840115,2231.15,-0.09324787665553647,"2 month(s) absent then trading again — suspension, not exit"
INE428V01029,NEPHROPLUS,ACTIVE,2025-12-31,2026-07-31,8,0,681.65,,,0.2917377297707029,681.65,0.0,
INE317F01035,NESCO,ACTIVE,2018-01-31,2026-07-31,103,0,1064.8,1378.6,-0.22762222544610472,-0.0656370656370656,1404.6,-0.2419194076605439,
INE239A01024,NESTLEIND,ACTIVE,2024-01-31,2026-07-31,31,0,1509.6,2247.7,-0.3283801219023891,0.13299309516661648,2689.95,-0.4387999776947527,
INE0NT901020,NETWEB,ACTIVE,2023-07-31,2026-07-31,37,0,4524.0,2031.5,1.2269259168102387,0.4386109962794544,4670.7,-0.03140856830881877,
INE870H01013,NETWORK18,ACTIVE,2018-01-31,2026-07-31,97,6,29.45,55.5,-0.4693693693693694,-0.2274396642182581,98.2,-0.70010183299389,"6 month(s) absent then trading again — suspension, not exit"
INE794A01010,NEULANDLAB,ACTIVE,2018-01-31,2026-07-31,100,3,19043.0,13281.0,0.43385287252465926,0.43709908686136895,19043.0,0.0,"3 month(s) absent then trading again — suspension, not exit"
INE619B01017,NEWGEN,ACTIVE,2018-01-31,2026-07-31,97,6,555.7,848.9,-0.3453881493697726,-0.04518900343642604,1701.8,-0.6734633917029028,"6 month(s) absent then trading again — suspension, not exit"
INE747B01016,NEXTMEDIA,ACTIVE,2018-02-28,2026-07-31,68,34,3.95,6.29,-0.3720190779014308,-0.23300970873786409,18.5,-0.7864864864864866,"34 month(s) absent then trading again — suspension, not exit"
INE870D01012,NFL,ACTIVE,2018-01-31,2026-07-31,103,0,71.47,97.69,-0.2684000409458491,-0.13652289476863594,147.77,-0.5163429654192326,
INE887E01022,NGLFINE,ACTIVE,2022-07-29,2026-07-31,44,5,3260.3,1314.3,1.4806360800426084,0.9437786919453885,3260.3,0.0,"5 month(s) absent then trading again — suspension, not exit"
INE410P01011,NH,ACTIVE,2018-01-31,2026-07-31,103,0,2029.2,1915.2,0.05952380952380952,0.14780247751569656,2170.4,-0.06505713232583857,
INE848E01016,NHPC,ACTIVE,2018-01-31,2026-07-31,103,0,78.73,83.25,-0.05429429429429425,0.006777493606138121,107.25,-0.2659207459207459,
INE470Y01017,NIACL,ACTIVE,2018-01-31,2026-07-31,103,0,173.62,199.78,-0.1309440384422865,0.16593915788059907,712.85,-0.7564424493231395,
INE149O01018,NIBE,ACTIVE,2025-02-28,2026-07-31,18,0,1379.0,1630.4,-0.15419528949950936,0.3388349514563107,1759.1,-0.21607640270592912,
INE047O01014,NIBL,ACTIVE,2018-01-31,2026-07-31,73,30,33.87,,,0.16351769151494325,43.91,-0.2286495103621043,"30 month(s) absent then trading again — suspension, not exit"
INE161A01038,NIITLTD,ACTIVE,2018-01-31,2026-07-31,103,0,95.76,115.61,-0.17169795000432483,0.28192771084337354,621.7,-0.8459707254302719,
INE342G01023,NIITMTS,ACTIVE,2023-08-31,2026-07-31,36,0,239.81,317.9,-0.2456432840515885,-0.39579239103048625,519.45,-0.5383386273943594,
INE937C01029,NILAINFRA,ACTIVE,2018-01-31,2026-07-31,91,12,7.38,11.73,-0.370843989769821,-0.09999999999999994,22.55,-0.6727272727272727,"12 month(s) absent then trading again — suspension, not exit"
INE00S901012,NILASPACES,ACTIVE,2019-01-31,2026-07-31,53,38,11.89,13.74,-0.13464337700145557,-0.16853146853146853,14.3,-0.16853146853146853,"38 month(s) absent then trading again — suspension, not exit; 1 split/bonus adjustment(s) applied (0.500)"
INE445D01013,NILE,ACTIVE,2026-04-30,2026-07-31,4,0,1873.3,,,,1873.3,0.0,
INE310A01015,NILKAMAL,ACTIVE,2018-01-31,2026-07-31,103,0,1797.8,1686.0,0.06631079478054565,0.29254439571500457,2833.4,-0.36549728241688434,
INE567A01028,NIPPOBATRY,ACTIVE,2021-10-29,2026-07-31,53,5,322.35,458.35,-0.29671648303698045,-0.13567502346158994,786.85,-0.5903285251318549,"5 month(s) absent then trading again — suspension, not exit"
INE326T01011,NIRAJISPAT,ACTIVE,2025-09-30,2026-07-31,6,5,222.49,,,0.2786781609195403,321.6,-0.3081778606965174,"5 month(s) absent then trading again — suspension, not exit"
INE910A01012,NIRLON,ACTIVE,2026-04-30,2026-07-31,4,0,620.5,,,,620.5,0.0,
INE858F01012,NITCO,ACTIVE,2018-01-31,2026-07-31,91,12,107.6,128.97,-0.1656974490191518,0.29654175201831545,148.71,-0.2764440858045862,"12 month(s) absent then trading again — suspension, not exit"
INE229H01012,NITINSPIN,ACTIVE,2018-01-31,2026-07-31,95,8,544.2,367.75,0.4798096532970769,0.6490909090909093,572.0,-0.048601398601398525,"8 month(s) absent then trading again — suspension, not exit"
INE439T01012,NITIRAJ,ACTIVE,2021-04-30,2026-07-31,52,12,215.82,196.47,0.09848831882730184,0.2131534569983136,269.68,-0.19971818451498077,"12 month(s) absent then trading again — suspension, not exit"
INE265B01019,NITTAGELA,ACTIVE,2026-04-30,2026-07-31,4,0,1922.5,,,,1922.5,0.0,
INE995S01015,NIVABUPA,ACTIVE,2024-11-29,2026-07-31,21,0,87.01,87.55,-0.006167904054825723,0.10320781032078104,92.29,-0.05721096543504173,
INE542C01019,NKIND,ACTIVE,2018-03-28,2026-07-31,69,32,57.63,63.76,-0.09614178168130483,-0.0852380952380952,76.8,-0.24960937499999994,"32 month(s) absent then trading again — suspension, not exit"
INE589A01014,NLCINDIA,ACTIVE,2018-01-31,2026-07-31,103,0,297.9,242.25,0.22972136222910208,0.14974913160941702,347.55,-0.14285714285714296,
INE584A01023,NMDC,ACTIVE,2018-01-31,2026-07-31,103,0,85.04,70.79,0.20129961859019635,0.047161679596109014,260.15,-0.6731116663463386,
INE163A01018,NOCIL,ACTIVE,2018-01-31,2026-07-31,103,0,164.17,185.63,-0.11560631363464961,0.24098571320583564,330.55,-0.5033429133262745,
INE369C01017,NORBTEAEXP,ACTIVE,2018-01-31,2026-07-31,45,58,68.57,,,,77.57,-0.11602423617377854,"58 month(s) absent then trading again — suspension, not exit"
INE850M01015,NORTHARC,ACTIVE,2024-09-30,2026-07-31,23,0,287.0,234.84,0.22210866973258386,0.05363633026175709,300.0,-0.043333333333333335,
INE234A01025,NOVARTIND,ACTIVE,2020-10-30,2026-07-31,40,30,1537.1,,,,1556.6,-0.012527303096492356,"30 month(s) absent then trading again — suspension, not exit"
INE0FFK01017,NPST,ACTIVE,2025-04-30,2026-07-31,16,0,1525.6,2221.4,-0.3132258935806249,0.2637508283631543,2320.15,-0.342456306704308,
INE740D01017,NRAIL,ACTIVE,2018-01-31,2026-07-31,100,3,473.4,,,0.06934718771176866,521.85,-0.09284277091118145,"3 month(s) absent then trading again — suspension, not exit"
INE349A01021,NRBBEARING,ACTIVE,2018-01-31,2026-07-31,103,0,409.9,289.0,0.4183391003460207,0.6049334377447141,444.0,-0.07680180180180185,
INE023A01030,NSIL,ACTIVE,2018-01-31,2026-07-31,101,2,5520.0,6753.0,-0.18258551754775657,-0.057537988731432475,7989.3,-0.3090758890015396,"2 month(s) absent then trading again — suspension, not exit"
INE0NNS01018,NSLNISP,ACTIVE,2023-03-31,2026-07-31,41,0,43.02,36.57,0.17637407711238728,0.013188883655204951,69.65,-0.38234027279253413,
INE733E01010,NTPC,ACTIVE,2018-01-31,2026-07-31,103,0,347.25,334.25,0.03889304412864622,-0.02457865168539326,443.2,-0.21649368231046928,
INE0ONG01011,NTPCGREEN,ACTIVE,2024-11-29,2026-07-31,21,0,90.03,104.27,-0.13656852402416797,0.04479517233375884,127.19,-0.29216133343816336,
INE096B01018,NUCLEUS,ACTIVE,2018-01-31,2026-07-31,99,4,686.05,1080.7,-0.36517997594151946,-0.2432715640855946,1532.75,-0.5524058065568423,"4 month(s) absent then trading again — suspension, not exit"
INE0DSF01015,NURECA,ACTIVE,2021-03-31,2026-07-31,55,10,343.6,249.05,0.37964264203975107,0.23663847399676083,2005.0,-0.8286284289276808,"10 month(s) absent then trading again — suspension, not exit"
INE531F01023,NUVAMA,ACTIVE,2025-12-31,2026-07-31,8,0,1803.8,,,0.34071651553441346,1806.4,-0.00143932683790973,
INE118D01016,NUVOCO,ACTIVE,2021-08-31,2026-07-31,60,0,344.65,430.55,-0.19951225177099066,-0.008914450035945428,556.15,-0.38029308639755466,
INE388Y01029,NYKAA,ACTIVE,2021-11-30,2026-07-31,57,0,333.4,209.62,0.5904970899723307,0.4037894736842104,2440.45,-0.8633858509701079,
INE959C01023,OAL,ACTIVE,2019-07-31,2026-07-31,85,0,364.5,373.9,-0.025140411874832784,0.268267223382046,924.65,-0.605796787973828,
INE426Z01016,OBCL,ACTIVE,2022-04-29,2026-07-31,52,0,52.68,55.29,-0.047205642973412905,-0.025346901017576272,143.5,-0.6328919860627177,
INE093I01010,OBEROIRLTY,ACTIVE,2018-01-31,2026-07-31,103,0,1827.7,1630.1,0.12121955708238767,0.22590381648668584,2311.5,-0.20930131948950895,
INE881D01027,OFSS,ACTIVE,2018-01-31,2026-07-31,103,0,11186.0,8475.0,0.319882005899705,0.44149484536082473,12789.45,-0.12537286591682995,
INE274J01014,OIL,ACTIVE,2018-01-31,2026-07-31,103,0,458.6,440.0,0.04227272727272732,-0.10087246348397214,741.0,-0.38110661268556,
INE0LXG01040,OLAELEC,ACTIVE,2024-08-30,2026-07-31,21,3,38.66,41.31,-0.06414911643669827,0.19579338076090314,117.93,-0.6721784109217332,"3 month(s) absent then trading again — suspension, not exit"
INE260D01016,OLECTRA,ACTIVE,2018-01-31,2026-07-31,95,8,1324.2,1409.0,-0.06018452803406668,0.22091093490687824,1966.75,-0.3267064954874793,"8 month(s) absent then trading again — suspension, not exit"
INE800H01010,OMAXE,ACTIVE,2018-01-31,2026-07-31,100,3,86.16,97.53,-0.11657951399569368,0.15002669514148417,228.95,-0.6236732911115964,"3 month(s) absent then trading again — suspension, not exit"
INE239D01028,OMINFRAL,ACTIVE,2018-01-31,2026-07-31,92,11,89.34,120.48,-0.2584661354581673,0.14230916762562346,169.89,-0.47413031961857666,"11 month(s) absent then trading again — suspension, not exit"
INE0UH301010,OMNI,ACTIVE,2026-03-30,2026-07-31,5,0,580.95,,,,580.95,0.0,
INE25E901019,OMPOWER,ACTIVE,2026-05-29,2026-07-31,3,0,167.93,,,,180.22,-0.06819442903118407,
INE840Y01029,ONEPOINT,ACTIVE,2022-01-31,2026-07-31,42,13,57.46,,,0.12029635406511995,72.76,-0.21028037383177575,"13 month(s) absent then trading again — suspension, not exit"
INE013P01021,ONESOURCE,ACTIVE,2025-02-28,2026-07-31,18,0,1619.7,1974.0,-0.179483282674772,0.3559648388447049,2197.8,-0.2630357630357631,
INE213A01029,ONGC,ACTIVE,2018-01-31,2026-07-31,103,0,242.53,241.0,0.0063485477178423285,-0.09826740035693032,334.2,-0.27429682824655893,
INE229A01017,ONWARDTEC,ACTIVE,2018-01-31,2026-07-31,99,4,292.1,,,-0.10233558696988308,624.9,-0.5325652104336693,"4 month(s) absent then trading again — suspension, not exit"
INE350C01017,OPTIEMUS,ACTIVE,2018-05-31,2026-07-31,83,16,637.65,599.1,0.06434651977966943,0.5854052710094481,815.35,-0.21794321457042992,"16 month(s) absent then trading again — suspension, not exit"
INE215B01022,ORCHASP,ACTIVE,2025-02-28,2026-07-31,12,6,1.63,,,-0.3940520446096655,3.04,-0.46381578947368424,"6 month(s) absent then trading again — suspension, not exit"
INE191A01027,ORCHPHARMA,ACTIVE,2021-05-31,2026-07-31,40,23,986.55,740.4,0.33245542949756884,0.4111715062222857,1807.05,-0.4540549514401926,"23 month(s) absent then trading again — suspension, not exit"
INE730A01022,ORICONENT,ACTIVE,2018-01-31,2026-07-31,94,9,53.79,50.03,0.0751549070557665,,68.03,-0.20931941790386596,"9 month(s) absent then trading again — suspension, not exit"
INE998H01012,ORIENTALTL,ACTIVE,2018-02-28,2026-07-31,87,15,5.13,,,-0.2904564315352698,16.15,-0.6823529411764706,"15 month(s) absent then trading again — suspension, not exit"
INE607D01018,ORIENTBELL,ACTIVE,2018-01-31,2026-07-31,103,0,319.25,307.55,0.03804259470004873,0.1621769202766655,709.3,-0.5499083603552798,
INE876N01018,ORIENTCEM,ACTIVE,2018-01-31,2026-07-31,103,0,136.64,247.28,-0.4474280168230347,-0.13376442246735148,350.3,-0.6099343419925778,
INE569C01020,ORIENTCER,ACTIVE,2018-01-31,2026-07-31,100,3,40.97,42.67,-0.039840637450199265,-0.024291497975708575,64.15,-0.36134060795011697,"3 month(s) absent then trading again — suspension, not exit"
INE142Z01019,ORIENTELEC,ACTIVE,2018-05-31,2026-07-31,99,0,174.77,214.92,-0.1868136981202307,-0.02635097493036206,388.85,-0.5505464832197505,
INE750A01020,ORIENTHOT,ACTIVE,2018-01-31,2026-07-31,101,2,131.65,143.81,-0.08455601140393572,0.2966610853934798,182.55,-0.27882771843330595,"2 month(s) absent then trading again — suspension, not exit"
INE592A01026,ORIENTPPR,ACTIVE,2018-01-31,2026-07-31,103,0,18.37,28.02,-0.3443968593861527,-0.08515936254980067,57.4,-0.6799651567944252,
INE0PPK01015,ORIENTTECH,ACTIVE,2024-09-30,2026-07-31,23,0,261.32,317.0,-0.1756466876971609,-0.20523114355231148,480.95,-0.45665869633017986,
INE725E01024,ORISSAMINE,ACTIVE,2018-01-31,2026-07-31,97,6,3986.4,4922.2,-0.19011823981146636,-0.11037714795804505,9234.3,-0.5683051232903414,"6 month(s) absent then trading again — suspension, not exit"
INE16NZ01023,ORKLAINDIA,ACTIVE,2025-11-28,2026-07-31,9,0,557.3,,,-0.05221088435374158,648.35,-0.14043340788154557,
INE142A01012,OSWALAGRO,ACTIVE,2018-05-31,2026-07-31,93,6,38.25,77.54,-0.506706216146505,-0.20856610800744876,89.6,-0.5731026785714285,"6 month(s) absent then trading again — suspension, not exit"
INE143A01010,OSWALGREEN,ACTIVE,2018-01-31,2026-07-31,103,0,21.04,42.72,-0.5074906367041199,-0.23988439306358383,58.69,-0.6415062191173965,
INE0BYP01024,OSWALPUMPS,ACTIVE,2025-06-30,2026-07-31,14,0,329.15,743.2,-0.5571178686759958,-0.16881313131313136,792.55,-0.5846949719260615,
INE00IK01029,OSWALSEEDS,ACTIVE,2023-08-31,2026-07-31,21,15,10.76,12.38,-0.13085621970920847,-0.19880863737900223,70.6,-0.8475920679886686,"15 month(s) absent then trading again — suspension, not exit"
INE0S3G01027,PACEDIGITK,ACTIVE,2025-10-31,2026-07-31,10,0,205.38,,,0.19755102040816325,215.19,-0.045587620242576336,
INE761H01022,PAGEIND,ACTIVE,2018-01-31,2026-07-31,103,0,40375.0,48805.0,-0.17272820407745107,0.22367025306864677,51043.15,-0.20900257919035173,
INE420C01059,PAISALO,ACTIVE,2022-07-29,2026-07-31,49,0,71.2,31.08,1.290862290862291,1.0770128354725788,184.35,-0.6137781394087334,
INE551D01018,PAKKA,ACTIVE,2023-07-31,2026-07-31,37,0,70.79,195.41,-0.6377360421677498,-0.239389706672397,357.35,-0.8019028963201342,
INE471W01019,PALASHSECU,ACTIVE,2018-02-28,2026-07-31,78,24,87.07,121.76,-0.2849047306176085,-0.12518838541143382,172.18,-0.4943082820304333,"24 month(s) absent then trading again — suspension, not exit"
INE922B01023,PANACEABIO,ACTIVE,2018-01-31,2026-07-31,100,3,421.45,403.15,0.045392533796353746,0.1300442418554766,565.85,-0.2551913051161969,"3 month(s) absent then trading again — suspension, not exit"
INE305C01029,PANAMAPET,ACTIVE,2018-01-31,2026-07-31,103,0,453.55,359.8,0.2605614230127849,0.5385006784260515,453.55,0.0,1 split/bonus adjustment(s) applied (0.503)
INE697V01011,PANSARI,ACTIVE,2021-10-29,2026-07-31,37,21,323.9,,,,323.9,0.0,"21 month(s) absent then trading again — suspension, not exit"
INE04LG01015,PAR,ACTIVE,2021-09-30,2026-07-31,47,12,98.9,,,0.10404108059834793,294.7,-0.66440447913132,"12 month(s) absent then trading again — suspension, not exit"
INE074B01023,PARACABLES,ACTIVE,2018-01-31,2026-07-31,86,17,64.88,55.89,0.16085167292896752,0.9448441247002397,105.55,-0.38531501657982004,"17 month(s) absent then trading again — suspension, not exit"
INE088F01024,PARADEEP,ACTIVE,2022-05-31,2026-07-31,51,0,147.33,215.44,-0.316143705904196,0.060004316857327884,217.42,-0.322371446969,
INE883N01014,PARAGMILK,ACTIVE,2018-01-31,2026-07-31,103,0,214.31,245.94,-0.12860860372448563,-0.15342682204226743,340.95,-0.3714327614019651,
INE045601023,PARAS,ACTIVE,2025-07-31,2026-07-31,13,0,1256.5,661.7,0.8988967810185884,0.762890213960014,1289.05,-0.025251153950583728,
INE162C01024,PARASPETRO,ACTIVE,2024-12-31,2026-07-31,17,3,2.47,2.43,0.01646090534979425,-0.07835820895522386,3.14,-0.21337579617834393,"3 month(s) absent then trading again — suspension, not exit"
INE119201023,PARKHOSPS,ACTIVE,2025-12-31,2026-07-31,8,0,292.65,,,0.9049013864479593,299.3,-0.02221850985633155,
INE988S01028,PARKHOTELS,ACTIVE,2024-02-29,2026-07-31,30,0,122.38,155.05,-0.21070622379877468,0.007823437371324949,210.75,-0.4193119810201661,
INE124Y01028,PASHUPATI,ACTIVE,2026-04-30,2026-07-31,4,0,85.55,,,,95.84,-0.10736644407345582,
INE619A01035,PATANJALI,ACTIVE,2020-02-28,2026-07-31,51,27,354.6,1873.7,-0.8107487858248384,-0.29136690647482005,1942.15,-0.8174188399454214,"27 month(s) absent then trading again — suspension, not exit"
INE244B01030,PATELENG,ACTIVE,2018-01-31,2026-07-31,98,5,27.33,37.18,-0.26492738031199575,-0.04206098843322828,75.2,-0.6365691489361702,"5 month(s) absent then trading again — suspension, not exit"
INE0R8B01010,PATELRMART,ACTIVE,2025-09-30,2026-07-31,11,0,225.65,,,0.14910627896318174,259.81,-0.1314806974327393,
INE111F01024,PAUSHAKLTD,ACTIVE,2025-12-31,2026-07-31,8,0,629.7,,,0.26280958588188125,629.7,0.0,
INE07S101038,PAVNAIND,ACTIVE,2025-09-30,2026-07-31,8,3,18.11,,,0.030734206033010764,37.0,-0.5105405405405405,"3 month(s) absent then trading again — suspension, not exit"
INE982J01020,PAYTM,ACTIVE,2021-11-30,2026-07-31,57,0,1343.0,1089.35,0.23284527470509947,0.18065934065934067,1699.6,-0.20981407389974108,
INE602A01031,PCBL,ACTIVE,2022-04-29,2026-07-31,52,0,317.9,394.0,-0.19314720812182748,0.19511278195488713,577.6,-0.4496191135734073,
INE785M01021,PCJEWELLER,ACTIVE,2024-12-31,2026-07-31,20,0,9.26,15.65,-0.40830670926517576,-0.12888052681091258,15.87,-0.41650913673597983,
INE865T01018,PDMJEPAPER,ACTIVE,2018-01-31,2026-07-31,100,3,94.86,119.08,-0.20339267719180382,0.12433329382481918,179.04,-0.4701742627345844,"3 month(s) absent then trading again — suspension, not exit"
INE111Q01021,PDSL,ACTIVE,2022-08-30,2026-07-31,48,0,363.55,352.9,0.030178520827429965,0.06926470588235298,606.3,-0.400379350156688,
INE932A01024,PENIND,ACTIVE,2018-01-31,2026-07-31,103,0,165.12,239.89,-0.31168452207261654,-0.03348162022945445,261.38,-0.3682760731502027,
INE262H01021,PERSISTENT,ACTIVE,2024-03-28,2026-07-31,29,0,5549.0,5160.5,0.07528340277104932,-0.08053024026512014,6457.7,-0.14071573470430646,
INE347G01014,PETRONET,ACTIVE,2018-01-31,2026-07-31,103,0,280.75,288.2,-0.025850104094378865,-0.031061259706643658,368.5,-0.23812754409769335,
INE134E01011,PFC,ACTIVE,2018-01-31,2026-07-31,103,0,424.35,409.95,0.03512623490669602,0.11862396204033214,556.8,-0.2378771551724137,
INE182A01018,PFIZER,ACTIVE,2018-01-31,2026-07-31,103,0,4823.9,5194.5,-0.07134469150062574,0.05703830309404839,6065.05,-0.20463969794148448,
INE367G01038,PFOCUS,ACTIVE,2018-01-31,2026-07-31,95,8,287.11,145.07,0.9791135313986353,0.27248149625493073,329.35,-0.12825261879459543,"8 month(s) absent then trading again — suspension, not exit"
INE560K01014,PFS,ACTIVE,2018-01-31,2026-07-31,98,5,27.73,41.61,-0.33357366017784185,-0.15534572037770325,62.2,-0.5541800643086816,"5 month(s) absent then trading again — suspension, not exit"
INE457L01029,PGEL,ACTIVE,2024-07-31,2026-07-31,25,0,613.35,811.65,-0.24431713176861944,0.11986488953806823,980.6,-0.3745156026922292,
INE179A01014,PGHH,ACTIVE,2018-01-31,2026-07-31,103,0,8594.0,13729.0,-0.37402578483502075,-0.26959034506204316,17952.45,-0.5212909658570279,
INE199A01012,PGHL,ACTIVE,2018-01-31,2026-07-31,103,0,6604.5,5895.5,0.12026121618183361,0.2454271167263813,7110.8,-0.07120155256792488,
INE940H01022,PGIL,ACTIVE,2024-01-31,2026-07-31,31,0,2064.8,1487.3,0.3882875008404493,0.32571428571428584,2064.8,0.0,
INE211B01039,PHOENIXLTD,ACTIVE,2018-01-31,2026-07-31,103,0,1893.3,1484.0,0.2758086253369272,0.13323756509247614,3769.4,-0.49771846978298934,
INE546C01010,PICCADIL,ACTIVE,2025-07-31,2026-07-31,13,0,733.85,618.4,0.18669146183699878,0.26340707583713524,733.85,0.0,
INE318A01026,PIDILITIND,ACTIVE,2018-01-31,2026-07-31,103,0,1611.4,2869.8,-0.43849745626872955,0.12598700300468185,3359.4,-0.520331011490147,
INE557Z01018,PIGL,ACTIVE,2023-05-31,2026-07-31,12,27,104.32,,,-0.0367497691597415,126.25,-0.17370297029702975,"27 month(s) absent then trading again — suspension, not exit"
INE603J01030,PIIND,ACTIVE,2018-01-31,2026-07-31,103,0,2751.2,4250.9,-0.35279587851984284,-0.13901233022469808,4655.75,-0.4090747999785212,
INE417C01014,PILANIINVS,ACTIVE,2019-02-28,2026-07-31,88,2,4302.9,5083.5,-0.15355562112717622,-0.06752627586954174,6049.95,-0.2887709815783602,"2 month(s) absent then trading again — suspension, not exit"
INE15B701018,PINELABS,ACTIVE,2025-11-28,2026-07-31,9,0,138.97,,,-0.3907763798167551,249.76,-0.44358584240871235,
INE156C01018,PIONEEREMB,ACTIVE,2018-01-31,2026-07-31,91,12,25.26,40.44,-0.37537091988130555,-0.01250977326035953,74.9,-0.6627503337783711,"12 month(s) absent then trading again — suspension, not exit"
INE202B01038,PIRAMALFIN,ACTIVE,2025-11-28,2026-07-31,9,0,2055.5,,,0.1789503871522799,2164.1,-0.050182523912942985,
INE450D01021,PITTIENG,ACTIVE,2018-01-31,2026-07-31,103,0,924.5,943.8,-0.02044924772197495,0.17643316154482405,1456.55,-0.36528097216024163,
INE751B01018,PIXTRANS,ACTIVE,2022-04-29,2026-07-31,52,0,1672.9,1499.1,0.11593622840370903,0.2744933719335671,2545.45,-0.3427881121216287,
INE431F01018,PKTEA,ACTIVE,2018-01-31,2026-07-31,18,85,676.4,,,0.024848484848484814,882.05,-0.23315004818320956,"85 month(s) absent then trading again — suspension, not exit"
INE083C01022,PLASTIBLEN,ACTIVE,2018-01-31,2026-07-31,100,3,186.14,188.99,-0.015080162971585917,0.2433371184289625,359.2,-0.481792873051225,"3 month(s) absent then trading again — suspension, not exit"
INE0PT501018,PLATIND,ACTIVE,2024-03-28,2026-07-31,29,0,225.89,283.8,-0.20405214940098668,-0.03937911971082296,435.7,-0.4815469359651136,
INE291E01019,PML,ACTIVE,2026-04-30,2026-07-31,4,0,504.5,,,,556.45,-0.09335969089765485,
INE160A01022,PNB,ACTIVE,2018-01-31,2026-07-31,103,0,112.71,105.38,0.06955779085215409,-0.09968847352024926,171.35,-0.34222351911292676,
INE859A01011,PNBGILTS,ACTIVE,2018-01-31,2026-07-31,103,0,84.5,107.19,-0.2116801940479522,0.06772807682587818,145.07,-0.41752257530847176,
INE572E01012,PNBHOUSING,ACTIVE,2018-01-31,2026-07-31,100,3,1053.1,986.2,0.0678361387142566,0.28052042801556415,1400.7,-0.24816163346897988,"3 month(s) absent then trading again — suspension, not exit"
INE392B01011,PNC,ACTIVE,2018-02-28,2026-07-31,83,19,19.55,,,-0.16022336769759452,70.03,-0.7208339283164359,"19 month(s) absent then trading again — suspension, not exit"
INE195J01029,PNCINFRA,ACTIVE,2018-01-31,2026-07-31,103,0,246.12,313.3,-0.2144270667092244,0.12795600366636123,517.9,-0.5247731222243676,
INE953R01016,PNGJL,ACTIVE,2024-09-30,2026-07-31,23,0,670.3,584.0,0.14777397260273964,0.21917060749363407,749.15,-0.10525261963558703,
INE1RDG01013,PNGSREVA,ACTIVE,2026-03-30,2026-07-31,5,0,428.1,,,,428.1,0.0,
INE063E01061,POCL,ACTIVE,2026-07-31,2026-07-31,1,0,525.1,,,,525.1,0.0,
INE371C01013,PODDARMENT,ACTIVE,2018-01-31,2026-07-31,103,0,261.61,298.7,-0.12417140944091053,0.07614150555327034,447.15,-0.41493905848149387,
INE637C01025,POKARNA,ACTIVE,2018-01-31,2026-07-31,98,5,937.9,931.1,0.007303189775534265,0.27866394001363326,1302.35,-0.2798402887088724,"5 month(s) absent then trading again — suspension, not exit"
INE417T01026,POLICYBZR,ACTIVE,2021-11-30,2026-07-31,57,0,1601.5,1812.1,-0.11621875172451847,-0.03203384708371109,2108.85,-0.24058135950873696,
INE455K01017,POLYCAB,ACTIVE,2019-04-30,2026-07-31,88,0,9106.5,6821.0,0.33506817182231347,0.29842446709916587,9961.0,-0.0857845597831543,
INE205C01021,POLYMED,ACTIVE,2018-01-31,2026-07-31,103,0,1702.0,1937.8,-0.12168438435339042,0.11907423236241692,2874.3,-0.40785582576627355,
INE633B01018,POLYPLEX,ACTIVE,2018-01-31,2026-07-31,103,0,1105.3,1121.9,-0.0147963276584367,0.3039580015336518,2733.4,-0.5956318138581986,
INE838E01017,PONNIERODE,ACTIVE,2018-01-31,2026-07-31,100,3,302.65,302.75,-0.00033030553261774643,0.09319125880440654,555.55,-0.45522455224552244,"3 month(s) absent then trading again — suspension, not exit"
INE511C01022,POONAWALLA,ACTIVE,2018-01-31,2026-07-31,100,3,463.55,422.25,0.09780935464772057,0.1617794486215539,497.6,-0.06842845659163989,"3 month(s) absent then trading again — suspension, not exit"
INE752E01010,POWERGRID,ACTIVE,2018-01-31,2026-07-31,103,0,284.25,291.0,-0.023195876288659795,0.10818713450292397,352.85,-0.19441689103018284,
INE921L01032,POWERICA,ACTIVE,2026-04-30,2026-07-31,4,0,529.6,,,,616.75,-0.14130522902310494,
INE07Y701011,POWERINDIA,ACTIVE,2020-04-30,2026-07-31,76,0,32175.0,20095.0,0.60114456332421,0.7058106245361043,38445.0,-0.1630901287553648,
INE211R01019,POWERMECH,ACTIVE,2018-01-31,2026-07-31,103,0,2566.4,3125.6,-0.17890964934732526,0.23717701504049363,6778.8,-0.6214079188056882,
INE0DK501011,PPLPHARMA,ACTIVE,2022-11-30,2026-07-31,45,0,195.61,197.03,-0.007207024311018563,0.26461080941298165,268.75,-0.2721488372093023,
INE0I0M01023,PRABHA,ACTIVE,2025-04-30,2026-07-31,16,0,147.91,262.65,-0.4368551304016752,-0.013867591172744931,283.65,-0.4785475057288912,
INE505C01016,PRAENG,ACTIVE,2018-01-31,2026-07-31,76,27,20.26,19.0,0.06631578947368429,,39.78,-0.4906988436400201,"27 month(s) absent then trading again — suspension, not exit"
INE074A01025,PRAJIND,ACTIVE,2018-01-31,2026-07-31,97,6,311.9,467.05,-0.33219141419548237,0.07496122695157678,823.75,-0.6213657056145676,"6 month(s) absent then trading again — suspension, not exit"
INE603A01013,PRAKASH,ACTIVE,2018-01-31,2026-07-31,99,4,123.4,176.64,-0.3014039855072463,0.007182500816193354,221.09,-0.44185625763263825,"4 month(s) absent then trading again — suspension, not exit"
INE696K01024,PRAKASHSTL,ACTIVE,2019-01-31,2026-07-31,67,24,4.0,5.85,-0.31623931623931617,,9.65,-0.5854922279792746,"24 month(s) absent then trading again — suspension, not exit"
INE722B01019,PRAVEG,ACTIVE,2026-04-30,2026-07-31,4,0,295.91,,,,300.5,-0.015274542429284443,
INE484I01029,PRECAM,ACTIVE,2018-01-31,2026-07-31,100,3,140.29,180.71,-0.22367328869459363,-0.04590587595212187,357.9,-0.6080189997205924,"3 month(s) absent then trading again — suspension, not exit"
INE283A01014,PRECOT,ACTIVE,2018-01-31,2026-07-31,77,26,809.55,,,1.4513247539742617,809.55,0.0,"26 month(s) absent then trading again — suspension, not exit"
INE372C01037,PRECWIRE,ACTIVE,2021-12-31,2026-07-31,53,3,372.6,178.76,1.0843589169836654,0.5229920294297977,422.05,-0.11716621253405991,"3 month(s) absent then trading again — suspension, not exit"
INE001E01012,PREMCO,ACTIVE,2026-04-30,2026-07-31,4,0,372.55,,,,431.7,-0.1370164466064396,
INE863B01029,PREMEXPLN,ACTIVE,2024-09-30,2026-07-31,23,0,664.15,438.9,0.5132148553201185,0.2965348950707662,805.95,-0.17594143557292644,
INE0BS701011,PREMIERENE,ACTIVE,2024-09-30,2026-07-31,23,0,1022.2,1032.1,-0.009592093789361364,0.4199194332546188,1353.1,-0.24454955287857505,
INE309M01020,PREMIERPOL,ACTIVE,2025-02-28,2026-07-31,15,3,69.78,50.94,0.369846878680801,0.41055184960582175,69.78,0.0,"3 month(s) absent then trading again — suspension, not exit"
INE811K01011,PRESTIGE,ACTIVE,2018-01-31,2026-07-31,103,0,1616.2,1626.5,-0.006332616046726071,0.1058501539514198,1892.6,-0.1460424812427348,
INE726V01018,PRICOLLTD,ACTIVE,2018-01-31,2026-07-31,102,1,696.65,432.8,0.6096349353049907,0.26871243853578575,696.65,0.0,"1 month(s) absent then trading again — suspension, not exit"
INE032B01021,PRIMESECU,ACTIVE,2018-01-31,2026-07-31,102,1,276.9,284.65,-0.027226418408571932,0.003988397389412494,324.3,-0.1461609620721555,"1 month(s) absent then trading again — suspension, not exit"
INE607A01022,PRIMO,ACTIVE,2025-04-30,2026-07-31,16,0,25.24,27.94,-0.09663564781675027,0.25822532402791626,27.94,-0.09663564781675027,
INE689W01016,PRINCEPIPE,ACTIVE,2019-12-31,2026-07-31,80,0,264.0,337.05,-0.216733422340899,0.10367892976588634,742.75,-0.6445641198249747,
INE959A01019,PRIVISCL,ACTIVE,2018-01-31,2026-07-31,102,1,3617.1,2554.9,0.4157501272065442,0.28598855192519645,3672.2,-0.015004629377484863,"1 month(s) absent then trading again — suspension, not exit"
INE0BX301013,PROSTARM,ACTIVE,2025-06-30,2026-07-31,14,0,127.04,232.85,-0.45441271204638173,-0.15995503537657862,232.85,-0.45441271204638173,
INE004A01022,PROTEAN,ACTIVE,2025-02-28,2026-07-31,18,0,616.15,785.8,-0.2158946296767625,0.010744750656167904,1340.8,-0.5404609188544153,
INE195N01013,PROZONER,ACTIVE,2018-01-31,2026-07-31,86,17,41.58,43.63,-0.046986018794407614,,59.6,-0.30234899328859066,"17 month(s) absent then trading again — suspension, not exit"
INE010A01011,PRSMJOHNSN,ACTIVE,2018-01-31,2026-07-31,103,0,106.46,153.23,-0.3052274358807022,-0.1582193405550724,204.87,-0.4803533948357495,1 split/bonus adjustment(s) applied (0.501)
INE00F201020,PRUDENT,ACTIVE,2022-05-31,2026-07-31,51,0,3292.0,2921.7,0.12674128076120075,0.3734406942300471,3292.0,0.0,
INE608A01012,PSB,ACTIVE,2018-01-31,2026-07-31,103,0,23.19,29.16,-0.2047325102880658,-0.1673249551166966,66.24,-0.6499094202898551,
INE488V01015,PSPPROJECT,ACTIVE,2018-01-31,2026-07-31,103,0,978.0,754.3,0.29656635290998284,0.303826156512465,1000.8,-0.022781774580335687,
INE877F01012,PTC,ACTIVE,2018-01-31,2026-07-31,101,2,175.52,191.9,-0.08535695674830639,0.018038396844730662,239.55,-0.2672928407430599,"2 month(s) absent then trading again — suspension, not exit"
INE596F01018,PTCIL,ACTIVE,2023-06-30,2026-07-31,35,3,17737.0,14925.0,0.18840871021775543,-0.01777605493410123,18582.0,-0.045474114734689486,"3 month(s) absent then trading again — suspension, not exit"
INE034D01049,PTL,ACTIVE,2021-12-31,2026-07-31,56,0,39.42,39.39,0.0007616146230007905,-0.019890601690701074,49.7,-0.206841046277666,
INE277B01014,PUNJABCHEM,ACTIVE,2018-01-31,2026-07-31,103,0,1143.8,1450.0,-0.21117241379310348,-0.05611487044066678,1897.1,-0.39707975330768014,
INE323I01011,PURVA,ACTIVE,2018-01-31,2026-07-31,97,6,210.79,289.85,-0.27276177333103335,-0.09961129383623092,418.9,-0.49680114585820007,"6 month(s) absent then trading again — suspension, not exit"
INE362A01016,PVP,ACTIVE,2018-01-31,2026-07-31,49,54,26.83,20.96,0.2800572519083968,-0.11041114058355443,38.1,-0.29580052493438325,"54 month(s) absent then trading again — suspension, not exit"
INE191H01014,PVRINOX,ACTIVE,2018-01-31,2026-07-31,103,0,1130.6,999.8,0.13082616523304658,0.15982765695527285,2144.25,-0.47272939256150176,
INE772T01024,PVSL,ACTIVE,2024-03-28,2026-07-31,29,0,108.51,122.27,-0.11253782612251567,0.0018465515649524775,249.5,-0.5650901803607215,
INE0LP301011,PWL,ACTIVE,2025-11-28,2026-07-31,9,0,124.89,,,0.045542067810799475,132.81,-0.0596340637000226,
INE0MIS01010,PYRAMID,ACTIVE,2023-09-29,2026-07-31,35,0,181.12,167.23,0.08305925970220664,0.20082211761585886,208.15,-0.1298582752822484,
INE0FMW01018,QMSMEDI,ACTIVE,2026-06-30,2026-07-31,2,0,114.59,,,,114.59,0.0,
INE0LRY01011,QUADFUTURE,ACTIVE,2025-01-31,2026-07-31,19,0,345.95,429.5,-0.19452852153667058,0.13351900393184798,554.6,-0.3762170934006492,
INE615P01015,QUESS,ACTIVE,2018-01-31,2026-07-31,103,0,332.55,294.6,0.12881873727087573,0.598567514300822,1173.45,-0.716604883037198,
INE641R01017,QUINT,ACTIVE,2026-04-30,2026-07-31,4,0,39.3,,,,41.37,-0.05003625815808558,
INE084Q01012,RACE,ACTIVE,2023-05-31,2026-07-31,36,3,109.49,239.59,-0.5430109770858551,0.09118995415586996,430.3,-0.7455496165465954,"3 month(s) absent then trading again — suspension, not exit"
INE704B01017,RACLGEAR,ACTIVE,2024-11-29,2026-07-31,21,0,1262.3,929.45,0.35811501425574255,0.24683919399446858,1403.2,-0.10041334093500576,
INE874F01027,RADAAN,ACTIVE,2018-01-31,2026-07-31,52,51,3.21,3.96,-0.1893939393939394,0.0629139072847682,4.2,-0.23571428571428577,"51 month(s) absent then trading again — suspension, not exit"
INE583V01021,RADHIKAJWE,ACTIVE,2023-05-31,2026-07-31,36,3,71.75,99.97,-0.2822846854056217,0.07410179640718567,149.87,-0.5212517515179823,"3 month(s) absent then trading again — suspension, not exit"
INE855R01021,RADIANTCMS,ACTIVE,2023-01-31,2026-07-31,43,0,36.35,57.2,-0.36451048951048953,-0.18661893040948752,99.7,-0.6354062186559679,
INE944F01028,RADICO,ACTIVE,2018-01-31,2026-07-31,103,0,4340.8,2734.5,0.5874200036569758,0.534882076305647,4340.8,0.0,
INE919I01024,RADIOCITY,ACTIVE,2019-02-28,2026-07-31,83,7,6.79,8.7,-0.2195402298850574,0.12603648424543942,59.25,-0.8854008438818566,"7 month(s) absent then trading again — suspension, not exit"
INE0DD101019,RAILTEL,ACTIVE,2021-02-26,2026-07-31,66,0,284.5,367.55,-0.22595565229220516,-0.19496321448783244,500.1,-0.43111377724455113,
INE855B01025,RAIN,ACTIVE,2018-01-31,2026-07-31,100,3,222.95,157.01,0.41997325011145786,0.4391298734830881,380.9,-0.41467576791808874,"3 month(s) absent then trading again — suspension, not exit"
INE961O01016,RAINBOW,ACTIVE,2022-05-31,2026-07-31,51,0,1525.4,1524.4,0.0006559958016268695,0.3403040154643706,1614.2,-0.05501177053648863,
INE00KV01022,RAJMET,ACTIVE,2022-11-30,2026-07-31,29,16,3.27,4.84,-0.3243801652892562,-0.1905940594059406,32.0,-0.8978125,"16 month(s) absent then trading again — suspension, not exit"
INE296E01026,RAJPALAYAM,ACTIVE,2026-04-30,2026-07-31,4,0,829.05,,,,843.05,-0.016606369728960322,
INE451D01029,RAJRATAN,ACTIVE,2022-03-31,2026-07-31,52,1,495.0,386.9,0.27940036185060746,0.21576814441851905,1203.9,-0.5888362820832296,"1 month(s) absent then trading again — suspension, not exit"
INE562B01019,RAJSREESUG,ACTIVE,2018-01-31,2026-07-31,85,18,29.29,44.44,-0.3409090909090909,-0.03841103086014451,82.85,-0.6464695232347616,"18 month(s) absent then trading again — suspension, not exit"
INE952H01027,RAJTV,ACTIVE,2018-01-31,2026-07-31,66,37,11.32,,,-0.7080969571944301,84.86,-0.8666038180532641,"37 month(s) absent then trading again — suspension, not exit"
INE613A01020,RALLIS,ACTIVE,2018-01-31,2026-07-31,103,0,217.14,376.45,-0.4231903307212113,-0.20953767746632693,376.45,-0.4231903307212113,
INE278B01020,RAMANEWS,ACTIVE,2018-01-31,2026-07-31,93,10,28.39,,,-0.071918927754168,35.54,-0.20118176702307256,"10 month(s) absent then trading again — suspension, not exit"
INE809A01032,RAMAPHO,ACTIVE,2025-02-28,2026-07-31,14,4,128.48,,,-0.16042606024962433,184.07,-0.3020046721356006,"4 month(s) absent then trading again — suspension, not exit"
INE1SJO01012,RAMBHAJO,ACTIVE,2026-07-31,2026-07-31,1,0,178.32,,,,178.32,0.0,
INE331A01037,RAMCOCEM,ACTIVE,2018-01-31,2026-07-31,103,0,918.25,1177.2,-0.21997111790689775,-0.18086529884032115,1177.2,-0.21997111790689775,
INE614A01028,RAMCOIND,ACTIVE,2018-01-31,2026-07-31,103,0,326.4,293.4,0.11247443762781187,0.0325846251186332,351.8,-0.07220011370096656,
INE246B01019,RAMCOSYS,ACTIVE,2018-01-31,2026-07-31,97,6,580.9,,,0.2445634708087841,836.05,-0.30518509658513243,"6 month(s) absent then trading again — suspension, not exit"
INE874I01013,RAMKY,ACTIVE,2018-01-31,2026-07-31,97,6,379.2,587.15,-0.3541684407732266,-0.20294272201786656,920.7,-0.588139459107201,"6 month(s) absent then trading again — suspension, not exit"
INE207E01023,RAMRAT,ACTIVE,2022-07-29,2026-07-31,49,0,448.5,390.3238089410997,0.14904597087409333,0.5278487480838017,448.5,0.0,1 split/bonus adjustment(s) applied (0.502)
INE625B01014,RANASUG,ACTIVE,2018-01-31,2026-07-31,86,17,11.81,14.41,-0.1804302567661346,0.08249312557286896,36.95,-0.6803788903924222,"17 month(s) absent then trading again — suspension, not exit"
INE384A01010,RANEHOLDIN,ACTIVE,2018-01-31,2026-07-31,103,0,1748.5,1521.3,0.14934595411818843,0.3453104562591367,2691.75,-0.3504225875359896,
INE0CLI01024,RATEGAIN,ACTIVE,2021-12-31,2026-07-31,56,0,918.4,438.45,1.0946516136389555,0.5004084299950987,918.4,0.0,
INE703B01027,RATNAMANI,ACTIVE,2018-01-31,2026-07-31,103,0,2358.9,2648.7,-0.10941216445803592,0.06414941128704844,3729.4,-0.3674853863892315,
INE05CZ01011,RATNAVEER,ACTIVE,2023-09-29,2026-07-31,32,3,181.38,140.04,0.2952013710368467,0.1847932588673329,249.36,-0.2726179018286815,"3 month(s) absent then trading again — suspension, not exit"
INE301A01014,RAYMOND,ACTIVE,2018-01-31,2026-07-31,103,0,580.1,668.6,-0.13236613819922224,0.5267798394525597,2922.8,-0.801525934035856,
INE02ID01020,RAYMONDLSL,ACTIVE,2024-09-30,2026-07-31,23,0,710.5,1148.4,-0.3813131313131314,-0.3219772879091517,2366.9,-0.6998183277705015,
INE1SY401010,RAYMONDREL,ACTIVE,2025-07-31,2026-07-31,13,0,643.1,689.6,-0.06743039443155452,0.26969397828232977,689.6,-0.06743039443155452,
INE07T201019,RBA,ACTIVE,2020-12-31,2026-07-31,68,0,66.64,81.42,-0.18152788012773274,0.05077262693156731,180.85,-0.631517832457838,
INE976G01028,RBLBANK,ACTIVE,2018-01-31,2026-07-31,103,0,375.5,266.83,0.4072630513810292,0.2569037656903766,687.35,-0.45369898887029897,
INE0PEQ01016,RBZJEWEL,ACTIVE,2024-01-31,2026-07-31,21,10,148.98,134.16,0.11046511627906971,0.1011086474501107,195.35,-0.2373688251855644,"10 month(s) absent then trading again — suspension, not exit"
INE027A01015,RCF,ACTIVE,2018-01-31,2026-07-31,103,0,127.4,152.37,-0.1638774036883901,-0.07203729332070789,218.59,-0.4171737041950684,
INE020B01018,RECLTD,ACTIVE,2018-01-31,2026-07-31,103,0,372.95,395.2,-0.05630060728744939,0.024306509200768923,644.25,-0.4211098176173846,
INE891D01026,REDINGTON,ACTIVE,2018-01-31,2026-07-31,103,0,321.65,250.2,0.28557154276578733,0.1849327684656474,327.25,-0.01711229946524071,
INE0LXT01019,REDTAPE,ACTIVE,2023-08-31,2026-07-31,36,0,132.51,128.88,0.02816573556797017,0.0713939197930141,967.35,-0.8630175220964491,
INE056I01025,REFEX,ACTIVE,2024-03-28,2026-07-31,25,4,302.8,432.95,-0.30061207991684946,0.34458259325044416,562.7,-0.46188022036609205,"4 month(s) absent then trading again — suspension, not exit"
INE277C01012,REGENCERAM,ACTIVE,2025-03-28,2026-07-31,16,1,32.92,50.27,-0.3451362641734633,-0.25351473922902495,50.27,-0.3451362641734633,"1 month(s) absent then trading again — suspension, not exit"
INE131B01039,RELAXO,ACTIVE,2018-01-31,2026-07-31,103,0,403.95,453.85,-0.10994822077779008,0.0325920245398773,1331.0,-0.6965063861758076,
INE750D01016,RELCHEMQ,ACTIVE,2022-05-31,2026-07-31,48,3,123.03,175.19,-0.2977338889206005,0.05073020753266716,282.35,-0.5642642110855322,"3 month(s) absent then trading again — suspension, not exit"
INE375Y01018,RELIABLE,ACTIVE,2024-10-31,2026-07-31,16,6,139.74,75.66,0.8469468675654245,,163.91,-0.14745897138673655,"6 month(s) absent then trading again — suspension, not exit"
INE002A01018,RELIANCE,ACTIVE,2018-01-31,2026-07-31,103,0,1307.8,1390.2,-0.05927204718745511,-0.06277769815106789,3130.8,-0.5822792896384311,
INE621H01010,RELIGARE,ACTIVE,2018-01-31,2026-07-31,103,0,253.15,269.61,-0.06105114795445275,0.06307479108050229,291.9,-0.13275094210346,
INE206N01018,RELTD,ACTIVE,2024-07-31,2026-07-31,20,5,167.98,,,0.14552645935624664,167.98,0.0,"5 month(s) absent then trading again — suspension, not exit"
INE474C01023,REMSONSIND,ACTIVE,2024-07-31,2026-07-31,25,0,83.19,125.22,-0.33564925730713946,-0.2307905686546464,220.08,-0.6220010905125409,
INE087H01022,RENUKA,ACTIVE,2018-01-31,2026-07-31,100,3,21.87,30.03,-0.27172827172827174,-0.12903225806451607,59.3,-0.6311973018549746,"3 month(s) absent then trading again — suspension, not exit"
INE612J01015,REPCOHOME,ACTIVE,2018-01-31,2026-07-31,103,0,385.1,408.15,-0.05647433541590091,-0.04737167594310446,644.65,-0.40262157760024814,
INE461B01014,REPRO,ACTIVE,2018-01-31,2026-07-31,103,0,378.65,544.1,-0.30408013232861614,-0.03981234943578051,880.5,-0.5699602498580353,
INE688D01026,RESPONIND,ACTIVE,2018-01-31,2026-07-31,103,0,171.6,219.34,-0.21765295887662992,0.022950819672131112,351.15,-0.5113199487398548,
INE03DD01011,RETAIL,ACTIVE,2024-12-31,2026-07-31,20,0,16.48,35.19,-0.5316851378232452,-0.35549472037543994,41.47,-0.6026042922594647,
INE722H01024,RGL,ACTIVE,2022-07-29,2026-07-31,49,0,117.27,113.69,0.03148913712727591,0.08172677797251175,177.31,-0.3386159833060741,
INE0KKN01029,RHETAN,ACTIVE,2025-09-30,2026-07-31,11,0,30.67,,,0.18052347959969212,30.67,0.0,
INE743M01012,RHIM,ACTIVE,2018-01-31,2026-07-31,103,0,388.55,501.0,-0.2244510978043912,-0.12705010110087622,839.6,-0.5372201048118151,
INE508K01013,RHL,ACTIVE,2023-05-31,2026-07-31,30,9,168.5,274.9,-0.38704983630411055,-0.04043280182232343,288.35,-0.41564071440957173,"9 month(s) absent then trading again — suspension, not exit"
INE209B01025,RICOAUTO,ACTIVE,2018-01-31,2026-07-31,103,0,141.77,71.24,0.9900336889387987,0.22204982329109563,145.1,-0.022949689869055715,
INE046A01015,RIIL,ACTIVE,2018-01-31,2026-07-31,103,0,742.6,868.4,-0.14486411791801007,0.04129566009955836,1420.65,-0.4772815260620139,
INE302D01024,RIR,ACTIVE,2026-07-31,2026-07-31,1,0,158.93,,,,158.93,0.0,
INE0N2P01017,RISHABH,ACTIVE,2023-09-29,2026-07-31,32,3,610.55,285.45,1.138903485724295,0.6499121740305362,610.55,0.0,"3 month(s) absent then trading again — suspension, not exit"
INE01EG01016,RITCO,ACTIVE,2022-04-29,2026-07-31,46,6,291.7,283.15,0.030196009182412192,0.2169378389653734,390.35,-0.2527219162290253,"6 month(s) absent then trading again — suspension, not exit"
INE320J01015,RITES,ACTIVE,2018-07-31,2026-07-31,97,0,214.09,256.75,-0.16615384615384615,-0.06273531214429554,781.3,-0.7259823371304236,
INE722J01012,RKDL,ACTIVE,2018-02-28,2026-07-31,66,36,19.74,28.62,-0.3102725366876311,-0.010526315789473727,30.27,-0.3478691774033697,"36 month(s) absent then trading again — suspension, not exit; 1 split/bonus adjustment(s) applied (0.506)"
INE786W01010,RKEC,ACTIVE,2020-12-31,2026-07-31,65,3,26.03,67.74,-0.6157366400944788,-0.4145299145299145,119.28,-0.7817739771965124,"3 month(s) absent then trading again — suspension, not exit"
INE399G01023,RKFORGE,ACTIVE,2022-03-31,2026-07-31,53,0,651.15,582.55,0.11775813234915462,0.2740168264527489,1008.95,-0.3546260964368899,
INE0NQ801033,RKSWAMY,ACTIVE,2024-03-28,2026-07-31,29,0,102.39,167.28,-0.38791248206599716,-0.02938667172243809,309.6,-0.6692829457364342,
INE655V01019,RMC,ACTIVE,2026-06-30,2026-07-31,2,0,251.1,,,,310.35,-0.19091348477525383,
INE050H01012,RML,ACTIVE,2018-01-31,2026-07-31,103,0,1154.7,842.1,0.3712148200926256,0.566332067281606,1235.75,-0.06558769977746304,
INE012Q01039,RNBDENIMS,ACTIVE,2026-05-29,2026-07-31,3,0,9.06,,,,12.09,-0.25062034739454087,
INE283H01019,ROHLTD,ACTIVE,2018-01-31,2026-07-31,97,6,312.85,424.05,-0.2622332272137719,-0.12818726487390272,536.9,-0.41730303594710366,"6 month(s) absent then trading again — suspension, not exit"
INE645S01024,ROLEXRINGS,ACTIVE,2025-10-31,2026-07-31,10,0,136.95,,,0.12995049504950484,149.58,-0.08443642198154849,
INE294G01026,ROML,ACTIVE,2020-11-27,2026-07-31,45,24,44.41,,,-0.00737594993294603,109.8,-0.5955373406193079,"24 month(s) absent then trading again — suspension, not exit"
INE02A801020,ROSSARI,ACTIVE,2020-07-31,2026-07-31,73,0,504.3,705.1,-0.2847823003829244,-0.10648476257973064,1451.25,-0.6525064599483205,
INE847C01020,ROSSELLIND,ACTIVE,2018-01-31,2026-07-31,91,12,57.55,66.49,-0.13445630921943147,0.3275663206459053,604.5,-0.90479735318445,"12 month(s) absent then trading again — suspension, not exit"
INE0OJW01016,ROSSTECH,ACTIVE,2024-12-31,2026-07-31,16,4,954.1,565.6,0.6868811881188118,0.4043273476596998,1056.75,-0.09713744972793942,"4 month(s) absent then trading again — suspension, not exit"
INE535D01037,ROTO,ACTIVE,2024-11-29,2026-07-31,21,0,67.47,88.9,-0.24105736782902143,0.20482142857142854,298.4,-0.7738941018766756,
INE450U01017,ROUTE,ACTIVE,2020-09-30,2026-07-31,71,0,540.0,902.3,-0.40152942480328047,-0.09281814363712726,2064.35,-0.7384164506987672,
INE912T01018,RPEL,ACTIVE,2024-08-30,2026-07-31,24,0,1216.3,633.85,0.918908259051826,0.6378938863452732,1316.15,-0.07586521293165682,
INE105J01010,RPGLIFE,ACTIVE,2018-01-31,2026-07-31,103,0,2768.2,2401.0,0.15293627655143682,0.3786543154539567,2768.2,0.0,
INE614G01033,RPOWER,ACTIVE,2018-01-31,2026-07-31,84,19,23.41,,,-0.1713274336283186,58.1,-0.5970740103270223,"19 month(s) absent then trading again — suspension, not exit; 1 split/bonus adjustment(s) applied (0.500)"
INE324L01013,RPPINFRA,ACTIVE,2018-01-31,2026-07-31,82,21,60.16,124.28,-0.5159317669777921,-0.2927345403244769,299.45,-0.7990983469694439,"21 month(s) absent then trading again — suspension, not exit"
INE760W01023,RPPL,ACTIVE,2024-09-30,2026-07-31,23,0,21.12,25.15,-0.1602385685884691,0.33249211356466885,41.45,-0.4904704463208685,
INE425Y01011,RPSGVENT,ACTIVE,2019-02-28,2026-07-31,90,0,935.25,998.9,-0.06372009210131142,0.2916925626683241,1215.15,-0.23034193309467973,
INE0J1F01024,RPTECH,ACTIVE,2024-02-29,2026-07-31,30,0,833.55,286.75,1.9068875326939843,1.3218662952646238,833.55,0.0,
INE951M01037,RRIL,ACTIVE,2026-04-30,2026-07-31,4,0,17.35,,,,19.96,-0.13076152304609215,
INE777K01022,RRKABEL,ACTIVE,2023-09-29,2026-07-31,35,0,2602.8,1439.8,0.8077510765384083,0.8947368421052633,2602.8,0.0,
INE616F01022,RSDFIN,ACTIVE,2026-04-30,2026-07-31,4,0,110.74,,,,110.74,0.0,
INE313L01016,RSL,ACTIVE,2026-03-30,2026-07-31,5,0,141.03,,,,141.03,0.0,
INE411H01032,RSYSTEMS,ACTIVE,2018-01-31,2026-07-31,103,0,262.46,418.1,-0.37225544128199006,-0.3083146659638951,549.1,-0.5220178473866327,
INE834M01019,RTNINDIA,ACTIVE,2018-02-28,2026-07-31,91,11,31.34,54.29,-0.4227297844906981,-0.13449323391328366,88.15,-0.6444696539988656,"11 month(s) absent then trading again — suspension, not exit"
INE399K01017,RTNPOWER,ACTIVE,2018-01-31,2026-07-31,89,14,8.71,12.77,-0.31793265465935777,0.02350176263219754,17.82,-0.5112233445566778,"14 month(s) absent then trading again — suspension, not exit"
INE642C01025,RUBFILA,ACTIVE,2024-08-30,2026-07-31,24,0,71.25,81.21,-0.12264499445881043,0.0009834223096374427,86.39,-0.1752517652506077,
INE506V01022,RUBICON,ACTIVE,2025-10-31,2026-07-31,10,0,1491.0,,,1.1790281329923273,1491.0,0.0,
INE413B01023,RUCHINFRA,ACTIVE,2024-03-28,2026-07-31,22,7,5.88,,,-0.02325581395348832,16.37,-0.6408063530849115,"7 month(s) absent then trading again — suspension, not exit"
INE803H01014,RUCHIRA,ACTIVE,2018-01-31,2026-07-31,101,2,108.24,137.54,-0.21302893703649847,-0.0708215297450425,181.05,-0.40215410107705063,"2 month(s) absent then trading again — suspension, not exit"
INE027T01023,RUDRA,ACTIVE,2025-12-31,2026-07-31,5,3,17.27,,,-0.07150537634408612,25.36,-0.319006309148265,"3 month(s) absent then trading again — suspension, not exit"
INE895B01021,RUPA,ACTIVE,2018-01-31,2026-07-31,103,0,161.05,212.6,-0.24247412982126051,0.07452628769682423,528.15,-0.6950676891034744,
INE573K01025,RUSHIL,ACTIVE,2024-08-30,2026-07-31,24,0,17.23,24.63,-0.3004466098254161,-0.11459403905447073,36.82,-0.5320478001086366,
INE263M01029,RUSTOMJEE,ACTIVE,2022-11-30,2026-07-31,45,0,399.85,621.45,-0.35658540510097353,-0.19789368104312935,734.3,-0.45546779245539964,
INE09E501017,RVHL,ACTIVE,2021-01-29,2026-07-31,48,19,44.93,42.54,0.05618241654913025,0.016515837104072326,63.86,-0.29642968994675856,"19 month(s) absent then trading again — suspension, not exit"
INE415G01027,RVNL,ACTIVE,2019-04-30,2026-07-31,88,0,225.48,348.15,-0.3523481258078414,-0.34338963308095516,607.4,-0.6287783997365821,
INE0DAB01012,RVTH,ACTIVE,2024-09-30,2026-07-31,14,9,700.45,,,0.07686985932815743,2687.1,-0.7393286442633322,"9 month(s) absent then trading again — suspension, not exit"
INE902B01017,S&SPOWER,ACTIVE,2020-08-31,2026-07-31,20,52,318.45,,,0.17966290053713652,422.55,-0.24636137735179273,"52 month(s) absent then trading again — suspension, not exit"
INE13B501022,SAATVIKGL,ACTIVE,2025-09-30,2026-07-31,11,0,433.55,,,0.1027597609055069,524.45,-0.17332443512250933,
INE860T01019,SABEVENTS,ACTIVE,2018-05-31,2026-07-31,27,72,6.02,,,,7.0,-0.14000000000000007,"72 month(s) absent then trading again — suspension, not exit; 1 split/bonus adjustment(s) applied (0.507)"
INE226H01026,SADBHAV,ACTIVE,2018-01-31,2026-07-31,81,22,9.08,12.1,-0.24958677685950412,,407.5,-0.977717791411043,"22 month(s) absent then trading again — suspension, not exit"
INE429E01023,SAFARI,ACTIVE,2019-09-30,2026-07-31,83,0,1559.6,2098.2,-0.25669621580402247,-0.23244254146365478,4427.85,-0.6477748794561695,
INE976T01013,SAGARDEEP,ACTIVE,2019-01-31,2026-07-31,60,31,24.24,28.7,-0.15540069686411154,-0.057542768273716974,133.35,-0.81822272215973,"31 month(s) absent then trading again — suspension, not exit"
INE229C01021,SAGCEM,ACTIVE,2021-08-31,2026-07-31,60,0,173.96,243.67,-0.28608363770673445,-0.10812612150730583,294.55,-0.4094041758614836,
INE0W2G01015,SAGILITY,ACTIVE,2024-11-29,2026-07-31,19,2,43.4,46.62,-0.06906906906906905,-0.13078309633486884,52.54,-0.17396269508945567,"2 month(s) absent then trading again — suspension, not exit"
INE861D01011,SAHLIBHFI,ACTIVE,2026-04-30,2026-07-31,4,0,78.09,,,,81.84,-0.04582111436950147,
INE280H01015,SAHYADRI,ACTIVE,2023-04-28,2026-07-31,40,0,303.6,301.9,0.005631003643590744,0.21707757065544211,440.9,-0.3114084826491267,
INE114A01011,SAIL,ACTIVE,2018-01-31,2026-07-31,103,0,169.03,124.2,0.36095008051529787,0.11844107721828893,204.37,-0.1729216616920292,
INE570L01029,SAILIFE,ACTIVE,2024-12-31,2026-07-31,20,0,1315.1,808.45,0.6266930546106746,0.5746871819433634,1315.1,0.0,
INE0H9F01037,SAIPARENT,ACTIVE,2026-04-30,2026-07-31,4,0,547.5,,,,588.35,-0.06943146086513134,
INE732S01012,SAKAR,ACTIVE,2019-04-30,2026-07-31,73,15,885.25,,,1.2634875990795191,885.25,0.0,"15 month(s) absent then trading again — suspension, not exit"
INE623A01011,SAKHTISUG,ACTIVE,2018-01-31,2026-07-31,86,17,16.89,23.94,-0.29448621553884713,-0.029867892016082687,39.92,-0.5769038076152304,"17 month(s) absent then trading again — suspension, not exit"
INE667G01023,SAKSOFT,ACTIVE,2022-09-30,2026-07-31,44,3,169.3,210.15,-0.1943849631215798,-0.021047762229674954,376.2,-0.549973418394471,"3 month(s) absent then trading again — suspension, not exit"
INE190H01024,SAKUMA,ACTIVE,2018-11-30,2026-07-31,69,24,1.64,,,-0.1276595744680851,37.9,-0.9567282321899736,"24 month(s) absent then trading again — suspension, not exit"
INE170V01027,SALASAR,ACTIVE,2022-06-30,2026-07-31,50,0,5.84,7.15,-0.18321678321678328,-0.2635561160151324,25.85,-0.7740812379110251,1 split/bonus adjustment(s) applied (0.201)
INE498E01010,SALONA,ACTIVE,2018-02-28,2026-07-31,101,1,243.9,257.55,-0.052999417588817724,-0.02028519783088967,332.8,-0.26712740384615385,"1 month(s) absent then trading again — suspension, not exit"
INE457F01013,SALZERELEC,ACTIVE,2018-01-31,2026-07-31,103,0,581.9,824.85,-0.2945384009213797,0.028273546562996996,1372.1,-0.5759055462429852,
INE699B01027,SAMBHAAV,ACTIVE,2018-01-31,2026-07-31,75,28,6.36,6.95,-0.08489208633093523,,12.5,-0.49119999999999997,"28 month(s) absent then trading again — suspension, not exit"
INE12NJ01018,SAMBHV,ACTIVE,2025-07-31,2026-07-31,13,0,120.06,127.71,-0.05990133897110635,0.32428855062872275,127.71,-0.05990133897110635,
INE08U801020,SAMHI,ACTIVE,2023-09-29,2026-07-31,35,0,179.84,226.01,-0.20428299632759608,0.061754634549533644,226.01,-0.20428299632759608,
INE148I01020,SAMMAANCAP,ACTIVE,2018-01-31,2026-07-31,103,0,162.43,126.88,0.2801860025220682,0.07776524450932253,1390.95,-0.8832236960350839,
INE735M01018,SAMPANN,ACTIVE,2018-02-28,2026-07-31,72,30,26.56,30.86,-0.13933895009721325,-0.19734058627984297,41.31,-0.35705640280803685,"30 month(s) absent then trading again — suspension, not exit"
INE0JPD01013,SANATHAN,ACTIVE,2024-12-31,2026-07-31,20,0,474.95,513.85,-0.07570302617495385,0.05697118059419153,513.85,-0.07570302617495385,
INE583B01015,SANDESH,ACTIVE,2018-01-31,2026-07-31,103,0,978.15,1169.6,-0.16368844049247602,-0.024970095693779972,1803.5,-0.45763792625450517,
INE278H01035,SANDHAR,ACTIVE,2018-04-30,2026-07-31,100,0,626.8,488.25,0.28376856118791594,0.28101369303086027,716.9,-0.12568001115915753,
INE149K01016,SANDUMA,ACTIVE,2023-09-29,2026-07-31,35,0,212.84,451.2,-0.5282801418439717,-0.04074274382549122,3086.15,-0.9310338123551998,
INE495C01010,SANGAMIND,ACTIVE,2018-01-31,2026-07-31,96,7,609.9,433.4,0.40724503922473465,0.34117647058823525,609.9,0.0,"7 month(s) absent then trading again — suspension, not exit"
INE989A01032,SANGHVIMOV,ACTIVE,2024-09-30,2026-07-31,23,0,409.8,271.2,0.5110619469026549,0.35627999338077126,438.4,-0.06523722627737219,
INE058A01010,SANOFI,ACTIVE,2018-01-31,2026-07-31,103,0,3318.0,5825.0,-0.4303862660944206,-0.17415436692635086,9013.8,-0.6318977567729481,
INE0UOS01011,SANOFICONR,ACTIVE,2024-09-30,2026-07-31,23,0,4611.2,4908.0,-0.060472697636511856,0.0858057831779221,5696.0,-0.19044943820224722,
INE953O01021,SANSERA,ACTIVE,2021-09-30,2026-07-31,59,0,3346.9,1335.2,1.5066656680647095,0.9288266482249885,3346.9,0.0,
INE08NE01025,SANSTAR,ACTIVE,2024-07-31,2026-07-31,25,0,111.75,90.01,0.24152871903121867,0.23562582927908007,136.28,-0.17999706486645142,
INE806T01020,SAPPHIRE,ACTIVE,2024-09-30,2026-07-31,23,0,185.11,316.6,-0.4153190145293746,-0.023423898707465036,357.15,-0.4817023659526809,
INE185C01017,SAPPL,ACTIVE,2026-04-30,2026-07-31,4,0,289.65,,,,306.3,-0.05435847208619012,
INE385C01021,SARDAEN,ACTIVE,2023-08-31,2026-07-31,36,0,516.6,447.5,0.1544134078212291,0.0547162106982442,598.35,-0.13662572073201304,
INE979A01025,SAREGAMA,ACTIVE,2022-04-29,2026-07-31,51,1,522.85,483.3,0.08183322987792263,0.5505634638196917,631.75,-0.17237831420656902,"1 month(s) absent then trading again — suspension, not exit"
INE453D01025,SARLAPOLY,ACTIVE,2018-01-31,2026-07-31,94,9,98.87,,,0.10382940716757856,113.54,-0.12920556632023958,"9 month(s) absent then trading again — suspension, not exit"
INE324X01026,SARVESHWAR,ACTIVE,2024-01-31,2026-07-31,25,6,3.38,8.07,-0.5811648079306072,-0.15920398009950243,9.78,-0.65439672801636,"6 month(s) absent then trading again — suspension, not exit"
INE231F01020,SASKEN,ACTIVE,2018-01-31,2026-07-31,103,0,1811.8,1484.2,0.22072496968063596,0.472888383058288,2258.2,-0.19767956779736068,
INE170E01023,SATIA,ACTIVE,2019-10-31,2026-07-31,82,0,61.75,85.22,-0.2754048345458812,0.029338223037172827,154.85,-0.6012269938650306,
INE836B01017,SATIN,ACTIVE,2018-01-31,2026-07-31,101,2,239.81,145.26,0.6509018311992291,0.514430059993685,467.9,-0.4874759564009403,"2 month(s) absent then trading again — suspension, not exit"
INE626A01014,SAURASHCEM,ACTIVE,2024-02-29,2026-07-31,30,0,60.38,125.04,-0.5171145233525272,-0.1590529247910863,142.29,-0.5756553517464333,
INE318C01014,SAYAJIHOTL,ACTIVE,2026-04-30,2026-07-31,4,0,290.25,,,,308.0,-0.05762987012987013,
INE04AK01028,SBC,ACTIVE,2022-03-31,2026-07-31,48,5,42.01,17.5,1.4005714285714284,0.4586805555555554,42.01,0.0,"5 month(s) absent then trading again — suspension, not exit"
INE386D01027,SBCL,ACTIVE,2021-06-30,2026-07-31,62,0,749.45,531.0,0.41139359698681743,0.7632043289024821,760.45,-0.01446511933723453,
INE423Y01016,SBFC,ACTIVE,2023-08-31,2026-07-31,36,0,90.4,104.72,-0.13674560733384256,0.058300163896043124,114.08,-0.20757363253856936,
INE05ST01028,SBGLP,ACTIVE,2024-04-30,2026-07-31,22,6,25.44,,,-0.25852521130865636,130.06,-0.8043979701676149,"6 month(s) absent then trading again — suspension, not exit"
INE018E01016,SBICARD,ACTIVE,2020-03-31,2026-07-31,77,0,660.15,807.4,-0.18237552638097598,-0.1239466525114458,1140.55,-0.421200298101793,
INE640G01020,SBIFUNDS,ACTIVE,2026-07-31,2026-07-31,1,0,589.15,,,,589.15,0.0,
INE123W01016,SBILIFE,ACTIVE,2018-01-31,2026-07-31,103,0,1882.0,1840.7,0.022437116314445567,-0.05829372029021766,2037.2,-0.07618299626938937,
INE062A01020,SBIN,ACTIVE,2018-01-31,2026-07-31,103,0,1027.4,796.55,0.28981231561107296,-0.04618669637469247,1201.7,-0.14504452026296077,
INE099G01011,SCANSTL,ACTIVE,2026-04-30,2026-07-31,4,0,62.72,,,,62.72,0.0,
INE513A01022,SCHAEFFLER,ACTIVE,2022-02-28,2026-07-31,54,0,4079.2,4121.7,-0.010311279326491497,0.12619750973192345,4740.5,-0.1395000527370531,
INE807K01035,SCHAND,ACTIVE,2018-01-31,2026-07-31,96,7,142.74,225.37,-0.36664152282912543,-0.1082651340038732,469.1,-0.6957151993178426,"7 month(s) absent then trading again — suspension, not exit"
INE839M01018,SCHNEIDER,ACTIVE,2018-01-31,2026-07-31,94,9,1355.3,,,0.9562644341801386,1360.2,-0.0036024114100868185,"9 month(s) absent then trading again — suspension, not exit"
INE109A01011,SCI,ACTIVE,2018-01-31,2026-07-31,102,1,291.45,215.92,0.34980548351241203,0.29320672671606685,305.3,-0.04536521454307246,"1 month(s) absent then trading again — suspension, not exit"
INE0PB301013,SCILAL,ACTIVE,2024-04-30,2026-07-31,28,0,41.19,50.51,-0.1845179172441101,-0.08242370238360443,102.7,-0.5989289191820838,
INE090501011,SCODATUBES,ACTIVE,2025-06-30,2026-07-31,14,0,146.4,194.47,-0.24718465573096104,0.12667384946898574,199.79,-0.2672305921217278,
INE501Y01019,SCPL,ACTIVE,2022-11-30,2026-07-31,35,10,615.0,297.85,1.0647977169716298,0.9941634241245138,636.2,-0.033322854448286775,"10 month(s) absent then trading again — suspension, not exit"
INE480C01038,SDBL,ACTIVE,2024-05-31,2026-07-31,27,0,71.91,152.06,-0.5270945679337105,-0.19265746042438528,161.46,-0.5546265328874025,
INE497B01018,SEAMECLTD,ACTIVE,2018-02-28,2026-07-31,96,6,1462.3,796.15,0.8367141870250581,0.1490649064906491,1614.6,-0.09432676823981169,"6 month(s) absent then trading again — suspension, not exit"
INE0BTM01013,SECMARK,ACTIVE,2023-10-31,2026-07-31,23,11,127.0,,,0.20196857845920882,131.39,-0.03341197960270939,"11 month(s) absent then trading again — suspension, not exit"
INE650K01021,SECURKLOUD,ACTIVE,2018-01-31,2026-07-31,67,36,18.07,24.26,-0.25515251442704046,,786.1,-0.9770131026586948,"36 month(s) absent then trading again — suspension, not exit"
INE00XB01019,SEDEMAC,ACTIVE,2026-03-30,2026-07-31,5,0,2684.4,,,,2895.1,-0.07277814237850154,
INE440T01028,SEIL,ACTIVE,2026-04-30,2026-07-31,4,0,205.09,,,,216.82,-0.05410017526058477,
INE105I01020,SELMC,ACTIVE,2021-11-30,2026-07-31,24,33,27.7,,,,295.05,-0.9061176071852229,"33 month(s) absent then trading again — suspension, not exit"
INE602W01027,SENCO,ACTIVE,2025-01-31,2026-07-31,19,0,403.2,312.8,0.28900255754475696,0.31058020477815707,469.8,-0.14176245210727975,
INE0RB801010,SENORES,ACTIVE,2024-12-31,2026-07-31,20,0,1305.7,688.9,0.8953403977355205,0.6570848404086553,1329.9,-0.01819685690653436,
INE964H01014,SEPC,ACTIVE,2018-01-31,2026-07-31,103,0,5.92,11.72,-0.49488054607508536,-0.28155339805825247,31.1,-0.8096463022508038,
INE782X01033,SERVOTECH,ACTIVE,2023-09-29,2026-07-31,30,5,85.88,136.68,-0.3716710564822945,0.4543607112616427,188.6,-0.544644750795334,"5 month(s) absent then trading again — suspension, not exit"
INE630A01024,SESHAPAPER,ACTIVE,2019-08-30,2026-07-31,84,0,243.11,271.1,-0.10324603467355221,0.07428192664604508,384.45,-0.36764208609702165,
INE0M4D01010,SETL,ACTIVE,2025-01-31,2026-07-31,16,3,275.1,,,1.3811996883926254,275.1,0.0,"3 month(s) absent then trading again — suspension, not exit"
INE916U01025,SFL,ACTIVE,2018-01-31,2026-07-31,103,0,783.8,662.25,0.18354095885239707,0.5099210171450586,1770.132392264765,-0.5572082611305809,1 split/bonus adjustment(s) applied (0.503)
INE618R01015,SGFIN,ACTIVE,2025-08-29,2026-07-31,12,0,682.25,,,1.0380881254667662,682.25,0.0,
INE00QT01015,SGIL,ACTIVE,2021-07-30,2026-07-31,52,9,602.5,527.55,0.14207184153160848,0.16752252688692967,602.5,0.0,"9 month(s) absent then trading again — suspension, not exit"
INE353H01010,SGL,ACTIVE,2018-01-31,2026-07-31,85,18,9.82,,,-0.07445805843543819,37.15,-0.7356662180349932,"18 month(s) absent then trading again — suspension, not exit"
INE385F01024,SGMART,ACTIVE,2025-09-30,2026-07-31,11,0,697.35,,,0.9234588332643773,697.35,0.0,
INE12UN01015,SHADOWFAX,ACTIVE,2026-01-30,2026-07-31,7,0,242.9,,,1.2781842055899455,242.9,0.0,
INE482J01021,SHAH,ACTIVE,2018-05-31,2026-07-31,76,23,3.84,,,-0.20331950207468888,9.2,-0.5826086956521739,"23 month(s) absent then trading again — suspension, not exit"
INE640C01011,SHAHALLOYS,ACTIVE,2018-01-31,2026-07-31,75,28,66.5,58.95,0.12807463952502116,0.0469143576826196,100.25,-0.33665835411471323,"28 month(s) absent then trading again — suspension, not exit"
INE151G01028,SHAILY,ACTIVE,2023-11-30,2026-07-31,30,3,3061.4,1586.3,0.9298997667528212,0.5997282750692376,3061.4,0.0,"3 month(s) absent then trading again — suspension, not exit"
INE908D01010,SHAKTIPUMP,ACTIVE,2018-01-31,2026-07-31,87,16,520.4,891.5,-0.4162647223780146,-0.16253620856131318,4276.95,-0.8783245069500462,"16 month(s) absent then trading again — suspension, not exit"
INE597J01018,SHALBY,ACTIVE,2018-01-31,2026-07-31,103,0,161.3,209.64,-0.2305857660751764,-0.040737436812369875,307.75,-0.4758732737611697,
INE849C01026,SHALPAINTS,ACTIVE,2018-01-31,2026-07-31,103,0,66.68,81.71,-0.18394321380491968,0.09132569558101482,200.8,-0.6679282868525896,
INE274V01019,SHANKARA,ACTIVE,2018-01-31,2026-07-31,98,5,141.87,1162.4,-0.8779507914659326,0.37791375291375306,1951.35,-0.9272964870474287,"5 month(s) absent then trading again — suspension, not exit"
INE933X01016,SHANTI,ACTIVE,2021-09-30,2026-07-31,41,18,6.67,,,-0.04714285714285715,35.1,-0.8099715099715099,"18 month(s) absent then trading again — suspension, not exit"
INE631A01022,SHANTIGEAR,ACTIVE,2018-01-31,2026-07-31,103,0,412.3,554.9,-0.25698324022346364,-0.08702391496899914,640.95,-0.3567360948591934,
INE06ZD01017,SHANTIGOLD,ACTIVE,2025-08-29,2026-07-31,12,0,217.41,,,0.06105417276720347,238.19,-0.0872412779713674,
INE221J01015,SHARDACROP,ACTIVE,2018-01-31,2026-07-31,103,0,819.75,1137.55,-0.2793723352819656,-0.2086209393251918,1191.4,-0.31194393150914895,
INE597I01028,SHARDAMOTR,ACTIVE,2021-04-30,2026-07-31,61,3,871.3,1051.2,-0.17113774733637754,0.022832658331865856,2711.0,-0.6786056805606787,"3 month(s) absent then trading again — suspension, not exit"
INE932X01026,SHAREINDIA,ACTIVE,2024-06-28,2026-07-31,26,0,178.48,176.01,0.01403329356286574,0.24480401729669407,317.6,-0.4380352644836273,
INE402H01015,SHBAJRG,ACTIVE,2026-04-30,2026-07-31,4,0,181.2,,,,191.2,-0.05230125523012553,
INE268L01046,SHEKHAWATI,ACTIVE,2025-08-29,2026-07-31,9,3,12.56,,,-0.12167832167832168,21.37,-0.41226017781937296,"3 month(s) absent then trading again — suspension, not exit"
INE024F01011,SHILCTECH,ACTIVE,2025-11-28,2026-07-31,9,0,4580.5,,,0.3567429874707503,5160.6,-0.11240940975855528,
INE790G01031,SHILPAMED,ACTIVE,2018-01-31,2026-07-31,100,3,611.25,,,1.115417892368922,901.4,-0.3218881739516308,"3 month(s) absent then trading again — suspension, not exit"
INE220Z01013,SHINDL,ACTIVE,2026-04-30,2026-07-31,4,0,162.02,,,,162.02,0.0,
INE705C01020,SHIVATEX,ACTIVE,2018-01-31,2026-07-31,100,3,164.24,190.96,-0.13992459153749476,-0.005449921278914723,596.3,-0.7245681703840349,"3 month(s) absent then trading again — suspension, not exit"
INE719F01016,SHIVAUM,ACTIVE,2025-11-28,2026-07-31,8,1,440.95,,,0.36517027863777085,440.95,0.0,"1 month(s) absent then trading again — suspension, not exit"
INE500L01026,SHK,ACTIVE,2018-01-31,2026-07-31,103,0,164.59,257.26,-0.3602192334603125,0.13518173667149455,300.3,-0.45191475191475194,
INE498B01024,SHOPERSTOP,ACTIVE,2018-01-31,2026-07-31,103,0,389.6,519.6,-0.2501924557351809,0.06331877729257655,816.65,-0.5229290393681504,1 split/bonus adjustment(s) applied (0.504)
INE715Y01031,SHRADHA,ACTIVE,2025-05-30,2026-07-31,15,0,33.86,60.82,-0.4432752384084183,-0.14796175138399603,74.11,-0.543111590878424,
INE232A01011,SHREDIGCEM,ACTIVE,2019-08-30,2026-07-31,84,0,72.31,84.26,-0.14182292902919538,-0.01672559151482192,115.9,-0.37610008628127695,
INE070A01015,SHREECEM,ACTIVE,2018-01-31,2026-07-31,103,0,26055.0,30810.0,-0.1543330087633885,-0.03446359088382435,31030.0,-0.1603287141475991,
INE1B6101010,SHREEJISPG,ACTIVE,2025-08-29,2026-07-31,12,0,645.35,,,1.1065774440998857,645.35,0.0,
INE712K01011,SHREEPUSHK,ACTIVE,2018-01-31,2026-07-31,99,4,396.75,386.65,0.026121815595499868,0.20263716277659904,444.3,-0.10702228224172858,"4 month(s) absent then trading again — suspension, not exit"
INE879A01019,SHREERAMA,ACTIVE,2018-02-28,2026-07-31,71,31,39.17,41.04,-0.045565302144249455,-0.3210261743803085,67.86,-0.4227821986442676,"31 month(s) absent then trading again — suspension, not exit"
INE231C01019,SHREYANIND,ACTIVE,2018-01-31,2026-07-31,93,10,139.32,,,-0.16062176165803108,297.1,-0.5310669808145406,"10 month(s) absent then trading again — suspension, not exit"
INE997I01012,SHRIKRISH,ACTIVE,2026-04-30,2026-07-31,4,0,40.0,,,,43.15,-0.07300115874855154,
INE1B3L01017,SHRINGARMS,ACTIVE,2025-09-30,2026-07-31,11,0,222.84,,,0.02880886426592802,234.17,-0.04838365290173799,
INE526E01018,SHRIPISTON,ACTIVE,2023-05-31,2026-07-31,36,3,4395.2,2401.0,0.8305705955851728,0.5986614774669914,4395.2,0.0,"3 month(s) absent then trading again — suspension, not exit"
INE721A01047,SHRIRAMFIN,ACTIVE,2025-01-31,2026-07-31,19,0,1046.7,630.85,0.6591899817706269,0.02617647058823534,1079.4,-0.030294608115619827,
INE217L01019,SHRIRAMPPS,ACTIVE,2021-12-31,2026-07-31,56,0,84.03,90.47,-0.07118381784016799,0.1314124141645349,135.97,-0.3819960285357064,
INE810G01011,SHYAMMETL,ACTIVE,2021-06-30,2026-07-31,62,0,1031.3,986.6,0.045307115345631394,0.20443795620437952,1031.3,0.0,
INE176J01011,SICAGEN,ACTIVE,2018-01-31,2026-07-31,41,62,49.71,,,,56.38,-0.11830436324937924,"62 month(s) absent then trading again — suspension, not exit"
INE075B01020,SICALLOG,ACTIVE,2026-07-31,2026-07-31,1,0,112.53,,,,112.53,0.0,
INE003A01024,SIEMENS,ACTIVE,2018-01-31,2026-07-31,103,0,3760.0,3033.4,0.23953319707259177,0.212394802179731,7704.5,-0.5119735219676812,
INE529F01035,SIGIND,ACTIVE,2018-08-31,2026-07-31,87,9,52.31,,,0.10708994708994714,89.0,-0.4122471910112359,"9 month(s) absent then trading again — suspension, not exit"
INE0A0S01028,SIGMA,ACTIVE,2026-01-30,2026-07-31,7,0,54.98,,,0.14303534303534293,54.98,0.0,
INE903U01023,SIGNATURE,ACTIVE,2023-09-29,2026-07-31,35,0,820.45,1144.6,-0.283199370959287,-0.08960275188637372,1597.75,-0.4864966358942262,
INE0KGZ01021,SIGNPOST,ACTIVE,2024-02-29,2026-07-31,27,3,283.55,230.77,0.2287125709580968,0.3642049554967526,387.4,-0.2680691791430046,"3 month(s) absent then trading again — suspension, not exit"
INE438E01032,SIKA,ACTIVE,2026-04-30,2026-07-31,4,0,1115.7,,,,1115.7,0.0,
INE112X01025,SIKKO,ACTIVE,2026-02-27,2026-07-31,6,0,5.3,,,,5.3,0.0,
INE173A01025,SIL,ACTIVE,2024-03-28,2026-07-31,25,4,16.77,19.37,-0.13422818791946314,0.16620305980528502,27.61,-0.39261137269105395,"4 month(s) absent then trading again — suspension, not exit"
INE01II01013,SILGO,ACTIVE,2021-03-31,2026-07-31,52,13,69.94,,,-0.012146892655367223,82.48,-0.15203685741998066,"13 month(s) absent then trading again — suspension, not exit"
INE923A01015,SILINV,ACTIVE,2018-02-28,2026-07-31,95,7,418.05,588.8,-0.2899966032608695,-0.06851604278074866,612.75,-0.31774785801713584,"7 month(s) absent then trading again — suspension, not exit"
INE203Y01012,SILLYMONKS,ACTIVE,2020-07-31,2026-07-31,53,20,15.62,17.23,-0.09344167150319217,,31.85,-0.5095761381475669,"20 month(s) absent then trading again — suspension, not exit"
INE625X01026,SILVERTUC,ACTIVE,2026-03-30,2026-07-31,5,0,201.79,,,,201.79,0.0,
INE059B01024,SIMPLEXINF,ACTIVE,2018-01-31,2026-07-31,84,19,236.35,319.3,-0.25978703413717513,0.06699471807141892,607.65,-0.6110425409363942,"19 month(s) absent then trading again — suspension, not exit"
INE985A01022,SINCLAIR,ACTIVE,2024-04-30,2026-07-31,28,0,72.86,103.3,-0.294675701839303,-0.04708344232278308,123.9,-0.4119451170298628,
INE325D01025,SINDHUTRAD,ACTIVE,2023-06-30,2026-07-31,35,3,24.41,27.39,-0.10879883169039797,0.18552695483244294,40.05,-0.39051186017478146,"3 month(s) absent then trading again — suspension, not exit"
INE638A01035,SINGERIND,ACTIVE,2026-03-30,2026-07-31,5,0,64.78,,,,73.24,-0.11551064991807748,
INE129Z01016,SINTERCOM,ACTIVE,2020-10-30,2026-07-31,68,2,83.69,128.54,-0.3489186245526684,-0.10673497705197994,166.56,-0.49753842459173875,"2 month(s) absent then trading again — suspension, not exit"
INE792Z01011,SIRCA,ACTIVE,2019-07-31,2026-07-31,79,6,420.45,434.95,-0.03333716519140131,-0.09356472997736344,519.6,-0.19081986143187074,"6 month(s) absent then trading again — suspension, not exit; 1 split/bonus adjustment(s) applied (0.496)"
INE285J01028,SIS,ACTIVE,2020-01-31,2026-07-31,79,0,422.4,386.4,0.09316770186335405,0.25527488855869235,548.95,-0.23053101375352958,
INE076B01028,SIYSIL,ACTIVE,2018-01-31,2026-07-31,103,0,602.3,629.05,-0.042524441618313334,0.15538077882217535,864.2,-0.3030548484147189,
INE284S01014,SJS,ACTIVE,2021-11-30,2026-07-31,57,0,2391.7,1227.2,0.9489080834419815,0.4336150572439009,2391.7,0.0,
INE002L01015,SJVN,ACTIVE,2018-01-31,2026-07-31,103,0,68.62,93.62,-0.2670369579149754,-0.053517241379310285,148.47,-0.5378190880312521,
INE640A01023,SKFINDIA,ACTIVE,2018-01-31,2026-07-31,103,0,1479.6,4900.6,-0.6980777863935029,-0.1244970414201184,6467.5,-0.7712253575570158,
INE2J8701016,SKFINDUS,ACTIVE,2025-12-31,2026-07-31,8,0,2739.9,,,0.006982983571612334,2891.8,-0.05252783733314893,
INE439E01022,SKIPPER,ACTIVE,2018-01-31,2026-07-31,103,0,527.75,485.65,0.08668794399258731,0.45908211224771917,578.9,-0.08835722922784588,
INE411D01023,SKMEGGPROD,ACTIVE,2026-01-30,2026-07-31,7,0,249.85,,,0.2644230769230769,293.02,-0.14732782745205103,
INE01IU01018,SKYGOLD,ACTIVE,2023-01-31,2026-07-31,25,18,643.7,288.85,1.228492297039986,1.1191769547325103,1038.8,-0.3803427031189834,"18 month(s) absent then trading again — suspension, not exit"
INE0NAZ01010,SMARTWORKS,ACTIVE,2025-07-31,2026-07-31,13,0,470.5,425.5,0.10575793184488837,0.016857575102658336,579.65,-0.1883032864659708,
INE103C01036,SMCGLOBAL,ACTIVE,2021-03-31,2026-07-31,65,0,80.83,142.21,-0.4316152169327052,0.05247395833333335,161.25,-0.49872868217054267,
INE294B01019,SMLMAH,ACTIVE,2018-01-31,2026-07-31,103,0,5685.6,3306.0,0.71978221415608,0.6433794837702693,5685.6,0.0,
INE017W01010,SMLT,ACTIVE,2021-11-30,2026-07-31,51,6,67.11,114.9,-0.4159268929503917,-0.027391304347826096,322.7,-0.7920359466997211,"6 month(s) absent then trading again — suspension, not exit"
INE812G01025,SMSPHARMA,ACTIVE,2018-01-31,2026-07-31,103,0,373.9,234.3,0.5958173282116942,0.18098547062539466,412.55,-0.09368561386498614,
INE734N01019,SNOWMAN,ACTIVE,2018-01-31,2026-07-31,103,0,38.3,54.28,-0.29439941046425944,-0.016940451745379972,84.31,-0.5457241133910569,
INE671H01015,SOBHA,ACTIVE,2018-01-31,2026-07-31,103,0,1372.2,1599.7,-0.14221416515596674,-0.05378568473314026,1956.65,-0.29869930748984236,
INE624Z01016,SOLARA,ACTIVE,2018-07-31,2026-07-31,94,3,513.55,641.85,-0.19989094025083753,0.01451995258790985,1757.65,-0.7078201007026428,"3 month(s) absent then trading again — suspension, not exit"
INE343H01029,SOLARINDS,ACTIVE,2018-01-31,2026-07-31,103,0,18391.0,14220.0,0.29331926863572433,0.36431750741839763,18696.0,-0.01631364997860505,
INE0TY101024,SOLARWORLD,ACTIVE,2025-09-30,2026-07-31,11,0,188.3,,,-0.16049933125278643,323.5,-0.41792890262751153,
INE880Y01017,SOLEX,ACTIVE,2025-10-31,2026-07-31,10,0,910.8,,,-0.046282722513089056,1778.8,-0.4879694175848887,
INE355A01028,SOMANYCERA,ACTIVE,2018-01-31,2026-07-31,100,3,488.85,540.05,-0.09480603647810376,0.19742804654011029,883.75,-0.4468458274398868,"3 month(s) absent then trading again — suspension, not exit"
INE314C01013,SOMATEX,ACTIVE,2018-02-28,2026-07-31,48,54,98.82,,,,108.99,-0.09331131296449217,"54 month(s) absent then trading again — suspension, not exit"
INE323J01019,SOMICONVEY,ACTIVE,2018-01-31,2026-07-31,81,22,93.07,151.73,-0.3866077901535622,-0.0012876918124262748,204.09,-0.5439756969964232,"22 month(s) absent then trading again — suspension, not exit"
INE073K01018,SONACOMS,ACTIVE,2021-06-30,2026-07-31,62,0,769.4,449.55,0.7114892670448225,0.5519919314170448,769.4,0.0,
INE321M01017,SONAL,ACTIVE,2026-04-30,2026-07-31,4,0,89.45,,,,104.4,-0.1431992337164751,
INE00LM01029,SONAMLTD,ACTIVE,2024-05-31,2026-07-31,22,5,55.22,47.56,0.16105971404541625,0.379465400949288,57.43,-0.03848162981020374,"5 month(s) absent then trading again — suspension, not exit"
INE269A01021,SONATSOFTW,ACTIVE,2018-01-31,2026-07-31,103,0,322.45,391.95,-0.17731853552749074,0.016230696501733304,1359.15,-0.7627561343486737,
INE035D01020,SOTL,ACTIVE,2022-09-30,2026-07-31,47,0,601.75,401.05,0.5004363545692556,0.7249534183746594,621.4,-0.031622143546829705,
INE683A01023,SOUTHBANK,ACTIVE,2018-01-31,2026-07-31,103,0,46.7,29.71,0.5718613261528106,0.24268227780734447,46.7,0.0,
INE980Y01015,SOUTHWEST,ACTIVE,2019-04-30,2026-07-31,67,21,238.27,,,,259.86,-0.08308319864542447,"21 month(s) absent then trading again — suspension, not exit"
INE212I01016,SPAL,ACTIVE,2018-01-31,2026-07-31,103,0,992.1,823.0,0.2054678007290401,0.47163094266854566,1138.15,-0.12832227737995874,
INE572J01011,SPANDANA,ACTIVE,2019-08-30,2026-07-31,81,3,261.1,270.2,-0.033678756476683815,0.039824771007566824,1235.25,-0.7886257842541995,"3 month(s) absent then trading again — suspension, not exit"
INE232I01014,SPARC,ACTIVE,2018-01-31,2026-07-31,100,3,206.21,150.54,0.3698020459678492,0.6355488578680204,453.3,-0.5450915508493271,"3 month(s) absent then trading again — suspension, not exit"
INE970N01027,SPCENET,ACTIVE,2018-09-28,2026-07-31,38,57,3.42,,,-0.4103448275862069,36.45,-0.9061728395061728,"57 month(s) absent then trading again — suspension, not exit"
INE247M01014,SPECIALITY,ACTIVE,2018-01-31,2026-07-31,103,0,133.14,131.88,0.009554140127388467,0.29324915007285074,254.95,-0.4777799568542852,
INE01EO01010,SPECTRUM,ACTIVE,2025-03-28,2026-07-31,17,0,2363.0,1637.4,0.4431415658971539,0.7709660496140299,2363.0,0.0,
INE020801028,SPENCERS,ACTIVE,2019-02-28,2026-07-31,90,0,32.9,58.31,-0.4357743097238896,-0.07062146892655367,160.0,-0.7943749999999999,
INE147A01011,SPIC,ACTIVE,2018-01-31,2026-07-31,103,0,66.47,98.31,-0.3238734614993389,-0.08050906072762494,107.94,-0.38419492310542896,
INE978G01016,SPLIL,ACTIVE,2018-01-31,2026-07-31,99,4,30.1,,,0.08117816091954029,75.05,-0.5989340439706862,"4 month(s) absent then trading again — suspension, not exit"
INE663A01033,SPLPETRO,ACTIVE,2023-01-31,2026-07-31,43,0,713.15,786.2,-0.09291528873060298,0.25114035087719294,866.7,-0.17716626283604484,
INE937A01023,SPMLINFRA,ACTIVE,2018-01-31,2026-07-31,75,28,191.75,307.97,-0.3773744195863234,0.12760952660982056,307.97,-0.3773744195863234,"28 month(s) absent then trading again — suspension, not exit"
INE885H01029,SPORTKING,ACTIVE,2024-09-30,2026-07-31,23,0,201.26,114.33,0.7603428671389836,1.2332445628051485,201.26,0.0,
INE01NE01012,SRD,ACTIVE,2024-10-31,2026-07-31,16,6,37.44,81.4,-0.5400491400491401,-0.3101160862354893,81.4,-0.5400491400491401,"6 month(s) absent then trading again — suspension, not exit"
INE099F01013,SREEL,ACTIVE,2018-01-31,2026-07-31,103,0,213.6,239.55,-0.10832811521603013,-0.010744720266765437,397.15,-0.4621679466196651,
INE647A01010,SRF,ACTIVE,2018-01-31,2026-07-31,103,0,2622.5,3040.8,-0.13756248355695874,-0.06881369172318295,11279.1,-0.7674903139434884,
INE559N01010,SRGHFL,ACTIVE,2023-08-31,2026-07-31,36,0,293.2,329.2,-0.10935601458080195,0.031849375329931415,397.3,-0.2620186257236346,
INE917H01012,SRHHYPOLTD,ACTIVE,2018-01-31,2026-07-31,103,0,484.4,649.95,-0.25471190091545515,0.08257905911275,809.55,-0.401642888024211,
INE0R6Z01013,SRM,ACTIVE,2024-04-30,2026-07-31,22,6,495.3,472.3,0.04869786152868939,0.09907910795517594,571.7,-0.13363652265174047,"6 month(s) absent then trading again — suspension, not exit"
INE19GK01015,SRTL,ACTIVE,2026-03-30,2026-07-31,5,0,40.55,,,,48.09,-0.15678935329590363,
INE0PQ101010,SSDL,ACTIVE,2024-09-30,2026-07-31,23,0,52.84,93.1,-0.432438238453276,-0.21811186741639532,154.09,-0.6570835226166526,
INE802C01033,SSWL,ACTIVE,2022-11-30,2026-07-31,45,0,310.36,231.0,0.3435497835497836,0.5203291858528463,310.36,0.0,
INE0RYC01010,STALLION,ACTIVE,2025-02-28,2026-07-31,12,6,260.12,138.02,0.8846543979133458,0.4060540540540541,260.12,0.0,"6 month(s) absent then trading again — suspension, not exit"
INE01A001028,STANLEY,ACTIVE,2024-06-28,2026-07-31,26,0,157.03,329.2,-0.5229951397326853,-0.14550797192142356,607.35,-0.7414505639252491,
INE939A01011,STAR,ACTIVE,2018-01-31,2026-07-31,103,0,1025.0,874.1,0.1726347099874156,0.16875712656784492,1635.35,-0.3732228574922799,
INE460H01021,STARCEMENT,ACTIVE,2018-01-31,2026-07-31,103,0,202.78,239.26,-0.1524701161915907,-0.07818892626602414,285.15,-0.28886550938102745,
INE575P01011,STARHEALTH,ACTIVE,2021-12-31,2026-07-31,56,0,601.0,444.65,0.3516248734960082,0.2807671816728823,787.65,-0.23697073573287625,
INE733A01018,STARPAPER,ACTIVE,2018-01-31,2026-07-31,103,0,151.39,175.42,-0.13698552046516932,0.05292808457365409,282.0,-0.4631560283687944,
INE992I01013,STARTECK,ACTIVE,2022-05-31,2026-07-31,39,12,259.1,311.3,-0.16768390619980722,-0.04444034667158383,315.45,-0.17863369789190037,"12 month(s) absent then trading again — suspension, not exit"
INE655A01013,STCINDIA,ACTIVE,2018-02-28,2026-07-31,97,5,120.5,,,0.0014960106382979291,227.36,-0.4700035186488389,"5 month(s) absent then trading again — suspension, not exit"
INE124E01038,STEELCAS,ACTIVE,2025-08-29,2026-07-31,12,0,309.95,,,0.6795816625121925,309.95,0.0,
INE395H01011,STEELCITY,ACTIVE,2019-06-28,2026-07-31,86,0,75.25,106.73,-0.29494987351260193,-0.10714285714285715,116.92,-0.35639753677728364,
INE503B01021,STEELXIND,ACTIVE,2022-07-29,2026-07-31,49,0,11.23,10.74,0.045623836126629444,0.3933002481389578,17.35,-0.3527377521613833,
INE577L01016,STEL,ACTIVE,2018-01-31,2026-07-31,91,12,574.85,412.1,0.3949284154331473,0.2958746618575293,574.85,0.0,"12 month(s) absent then trading again — suspension, not exit"
INE00IN01015,STOVEKRAFT,ACTIVE,2021-02-26,2026-07-31,66,0,778.4,594.2,0.30999663412992245,0.5785844656256336,1025.65,-0.24106664066689426,
INE00Q601028,STUDDS,ACTIVE,2025-11-28,2026-07-31,9,0,440.15,,,-0.12512422977539264,547.7,-0.19636662406426886,
INE04VU01023,STYL,ACTIVE,2025-09-30,2026-07-31,11,0,346.15,,,0.3890449438202247,411.45,-0.15870701178758054,
INE239C01020,STYLAMIND,ACTIVE,2021-08-31,2026-07-31,60,0,3384.3,1747.7,0.9364307375407679,0.5294197396963123,3384.3,0.0,
INE189B01011,STYRENIX,ACTIVE,2018-01-31,2026-07-31,103,0,2476.5,2906.8,-0.1480322003577818,0.28890392422192146,3219.2,-0.23070949304174945,
INE287B01021,SUBROS,ACTIVE,2018-01-31,2026-07-31,103,0,819.25,855.1,-0.041924921061864136,0.01292037586547978,1086.8,-0.2461814501288185,
INE492A01029,SUDARCOLOR,ACTIVE,2018-01-31,2026-07-31,103,0,361.15,590.3,-0.3881924445197357,-0.04558668076109937,636.75,-0.43282292893600316,
INE659A01023,SUDARSCHEM,ACTIVE,2018-01-31,2026-07-31,103,0,1013.9,1435.7,-0.2937939680991851,0.12318599756286687,1495.6,-0.32207809574752605,
INE0QPI01025,SUDEEPPHRM,ACTIVE,2025-11-28,2026-07-31,9,0,881.05,,,0.44635968152343425,881.05,0.0,
INE450E01029,SUKHJITS,ACTIVE,2024-10-31,2026-07-31,22,0,164.6,173.6,-0.051843317972350235,-0.08570793756596126,268.68,-0.38737531636147093,
INE142Q01026,SULA,ACTIVE,2022-12-30,2026-07-31,44,0,170.71,286.85,-0.40488059961652434,-0.06807511737089202,663.3,-0.74263530830695,
INE235C01036,SUMEETINDS,ACTIVE,2026-01-30,2026-07-31,7,0,22.29,,,-0.1524714828897339,30.01,-0.25724758413862053,
INE258G01013,SUMICHEM,ACTIVE,2020-02-28,2026-07-31,78,0,510.3,648.7,-0.213349776476029,0.24569754668619562,648.7,-0.213349776476029,
INE519C01017,SUMMITSEC,ACTIVE,2018-01-31,2026-07-31,103,0,1504.3,2043.3,-0.2637889688249401,-0.14929593394785953,3119.4,-0.5177598256074887,
INE0Q3R01026,SUNCLAY,ACTIVE,2024-01-31,2026-07-31,31,0,1253.6,1951.5,-0.357622341788368,0.01047880058036434,2546.85,-0.5077841254883484,
INE108E01023,SUNDARAM,ACTIVE,2018-01-31,2026-07-31,86,17,1.23,2.1,-0.4142857142857143,-0.2215189873417722,4.3,-0.713953488372093,"17 month(s) absent then trading again — suspension, not exit"
INE660A01013,SUNDARMFIN,ACTIVE,2018-01-31,2026-07-31,103,0,4665.6,4675.0,-0.0020106951871656977,-0.11602879878741941,5509.5,-0.15317179417369992,
INE387A01021,SUNDRMFAST,ACTIVE,2018-01-31,2026-07-31,103,0,977.45,985.0,-0.007664974619289294,0.026194225721784824,1401.65,-0.30264331323796956,
INE209A01019,SUNDROP,ACTIVE,2018-01-31,2026-07-31,103,0,665.45,807.15,-0.17555596853125185,0.06616999118801581,1020.85,-0.3481412548366557,
INE947A01014,SUNFLAG,ACTIVE,2018-01-31,2026-07-31,100,3,365.3,288.4,0.2666435506241333,0.4913247601551338,373.75,-0.022608695652173882,"3 month(s) absent then trading again — suspension, not exit"
INE044A01036,SUNPHARMA,ACTIVE,2018-01-31,2026-07-31,103,0,1990.5,1706.7,0.16628581473018103,0.2477277001190999,1990.5,0.0,
INE805D01034,SUNTECK,ACTIVE,2018-01-31,2026-07-31,103,0,302.3,392.9,-0.23059302621532188,-0.24443889027743065,600.55,-0.49662809091665966,
INE424H01027,SUNTV,ACTIVE,2018-01-31,2026-07-31,103,0,508.65,562.85,-0.09629563826952127,-0.08475033738191637,1024.4,-0.5034654431862554,
INE712B01010,SUPERHOUSE,ACTIVE,2018-01-31,2026-07-31,103,0,160.12,166.38,-0.03762471450895535,0.02000254809529886,267.0,-0.4002996254681648,
INE399C01030,SUPRAJIT,ACTIVE,2018-01-31,2026-07-31,103,0,504.6,458.8,0.09982563208369662,0.12008879023307441,524.15,-0.03729848325860909,
INE822E01011,SUPREME,ACTIVE,2025-02-28,2026-07-31,18,0,45.72,70.69,-0.3532324232564719,-0.21226740179186768,107.31,-0.5739446463516914,
INE195A01028,SUPREMEIND,ACTIVE,2018-01-31,2026-07-31,103,0,3465.4,4306.9,-0.19538415101348988,-0.013690052654048643,5955.9,-0.41815678570828924,
INE550H01011,SUPREMEINF,ACTIVE,2018-01-31,2026-07-31,34,69,83.63,,,,83.63,0.0,"69 month(s) absent then trading again — suspension, not exit; 1 split/bonus adjustment(s) applied (0.497)"
INE07RO01027,SUPRIYA,ACTIVE,2021-12-31,2026-07-31,56,0,867.0,661.25,0.3111531190926276,0.2824495229642779,1018.05,-0.14837188743185498,
INE843S01025,SURAJEST,ACTIVE,2023-12-29,2026-07-31,29,3,195.95,291.1,-0.32686362074888364,-0.125808610305599,700.65,-0.7203311211018341,"3 month(s) absent then trading again — suspension, not exit"
INE713C01016,SURAJLTD,ACTIVE,2024-08-30,2026-07-31,19,5,219.42,356.05,-0.3837382390113749,-0.0183428775948462,401.9,-0.45404329435182883,"5 month(s) absent then trading again — suspension, not exit"
INE877V01027,SURAKSHA,ACTIVE,2024-12-31,2026-07-31,20,0,252.15,300.95,-0.16215318159162648,-0.05188945290468127,375.65,-0.32876347664048977,
INE272L01022,SURANASOL,ACTIVE,2018-02-28,2026-07-31,76,26,26.04,32.45,-0.1975346687211095,0.1038575667655786,59.31,-0.5609509357612544,"26 month(s) absent then trading again — suspension, not exit"
INE130B01031,SURANAT&P,ACTIVE,2018-02-28,2026-07-31,93,9,17.95,18.81,-0.04572036150983517,-0.00333148250971695,24.33,-0.2622277024249897,"9 month(s) absent then trading again — suspension, not exit"
INE132C01027,SURYALA,ACTIVE,2026-04-30,2026-07-31,4,0,405.95,,,,456.15,-0.11005151814096238,
INE713B01026,SURYALAXMI,ACTIVE,2018-01-31,2026-07-31,93,10,60.84,70.56,-0.1377551020408163,0.08623460096411364,93.51,-0.34937439846005774,"10 month(s) absent then trading again — suspension, not exit"
INE335A01020,SURYAROSNI,ACTIVE,2023-10-31,2026-07-31,34,0,239.4,330.55,-0.27575253365602787,-0.030180271419890575,784.1,-0.6946818007907155,
INE428Q01011,SURYODAY,ACTIVE,2021-03-31,2026-07-31,65,0,161.92,126.41,0.28091132030693766,0.16867556838686376,273.7,-0.40840336134453786,
INE495B01038,SUVEN,ACTIVE,2018-01-31,2026-07-31,96,7,307.1,,,1.312325879075371,314.85,-0.024614895982213753,"7 month(s) absent then trading again — suspension, not exit"
INE018401013,SUVIDHAA,ACTIVE,2021-04-30,2026-07-31,48,16,2.55,,,-0.18530351437699683,33.95,-0.9248895434462444,"16 month(s) absent then trading again — suspension, not exit"
INE442P01014,SUYOG,ACTIVE,2024-08-30,2026-07-31,19,5,866.25,,,0.5803156070418681,1898.1,-0.5436225699383594,"5 month(s) absent then trading again — suspension, not exit"
INE040H01021,SUZLON,ACTIVE,2018-01-31,2026-07-31,93,10,48.01,61.6,-0.22061688311688316,0.007132368365848464,80.05,-0.40024984384759527,"10 month(s) absent then trading again — suspension, not exit"
INE665A01038,SWANCORP,ACTIVE,2018-01-31,2026-07-31,103,0,307.8,467.3,-0.34132249090520006,-0.27001067235859116,757.75,-0.5937974265918838,
INE277A01016,SWARAJENG,ACTIVE,2018-01-31,2026-07-31,103,0,3628.7,4194.4,-0.1348703032614915,0.047939469200335004,4194.4,-0.1348703032614915,
INE409B01013,SWELECTES,ACTIVE,2018-01-31,2026-07-31,94,9,594.3,650.0,-0.08569230769230776,0.16085555230002924,1319.3,-0.5495338437049951,"9 month(s) absent then trading again — suspension, not exit"
INE00H001014,SWIGGY,ACTIVE,2024-11-29,2026-07-31,21,0,284.86,403.75,-0.2944643962848297,-0.08035512510088777,540.9,-0.4733592161212793,
INE00M201021,SWSOLAR,ACTIVE,2019-08-30,2026-07-31,81,3,203.96,281.15,-0.27455095144940417,0.10248648648648653,713.4,-0.7141014858424446,"3 month(s) absent then trading again — suspension, not exit"
INE225D01027,SYMPHONY,ACTIVE,2018-01-31,2026-07-31,103,0,688.2,1114.9,-0.38272490806350346,-0.25450901803607207,1820.7,-0.6220135112868677,
INE312C01025,SYNCOMF,ACTIVE,2022-11-30,2026-07-31,39,6,13.12,,,0.012345679012345552,22.08,-0.40579710144927533,"6 month(s) absent then trading again — suspension, not exit"
INE398R01022,SYNGENE,ACTIVE,2018-01-31,2026-07-31,103,0,385.9,714.0,-0.45952380952380956,-0.18491921005386,940.8,-0.5898171768707483,1 split/bonus adjustment(s) applied (0.498)
INE0DYJ01015,SYRMA,ACTIVE,2022-08-30,2026-07-31,48,0,1366.8,756.0,0.8079365079365078,0.7960578186596583,1396.3,-0.021127264914416674,
INE524T01011,TAALTECH,ACTIVE,2026-04-30,2026-07-31,4,0,3930.8,,,,3930.8,0.0,
INE123C01018,TAINWALCHM,ACTIVE,2018-01-31,2026-07-31,91,12,197.14,233.79,-0.15676461781941062,0.09285437108487167,291.35,-0.32335678736914375,"12 month(s) absent then trading again — suspension, not exit"
INE586B01026,TAJGVK,ACTIVE,2018-01-31,2026-07-31,103,0,363.25,411.45,-0.11714667638838253,-0.014246947082767978,477.8,-0.23974466303892844,
INE142I01023,TAKE,ACTIVE,2018-01-31,2026-07-31,84,19,21.42,,,,248.3,-0.9137333870318163,"19 month(s) absent then trading again — suspension, not exit"
INE187D01029,TALBROAUTO,ACTIVE,2023-10-31,2026-07-31,29,5,407.75,289.05,0.41065559591766126,0.5878115264797507,417.55,-0.023470243084660548,"5 month(s) absent then trading again — suspension, not exit"
INE483C01032,TANLA,ACTIVE,2018-01-31,2026-07-31,94,9,586.55,627.15,-0.06473730367535681,0.14728606356968207,1883.25,-0.68854374087349,"9 month(s) absent then trading again — suspension, not exit"
INE555Z01020,TARACHAND,ACTIVE,2024-12-31,2026-07-31,14,6,55.12,77.33,-0.2872106556317083,-0.10330242394664066,86.1,-0.35981416957026713,"6 month(s) absent then trading again — suspension, not exit"
INE747K01017,TARAPUR,ACTIVE,2018-01-31,2026-07-31,42,61,16.6,,,-0.410092395167022,28.14,-0.410092395167022,"61 month(s) absent then trading again — suspension, not exit"
INE0EK901012,TARC,ACTIVE,2021-01-29,2026-07-31,58,9,137.25,184.82,-0.25738556433286436,-0.10317564035546258,238.65,-0.4248900062853551,"9 month(s) absent then trading again — suspension, not exit"
INE763I01026,TARIL,ACTIVE,2018-01-31,2026-07-31,89,14,296.5,511.2,-0.4199921752738654,0.25555790810925255,536.2,-0.44703468854904893,"14 month(s) absent then trading again — suspension, not exit"
INE924H01018,TARMAT,ACTIVE,2018-01-31,2026-07-31,93,10,49.33,54.85,-0.10063810391978127,-0.07448405253283301,99.2,-0.5027217741935485,"10 month(s) absent then trading again — suspension, not exit"
INE144Z01023,TARSONS,ACTIVE,2021-11-30,2026-07-31,57,0,314.6,365.7,-0.1397320207820617,0.6208140133951573,818.75,-0.6157557251908397,
INE488B01017,TASTYBITE,ACTIVE,2018-01-31,2026-07-31,103,0,9236.5,11390.0,-0.18906935908691835,0.3562146685265399,18643.9,-0.504583268522144,
INE976I01016,TATACAP,ACTIVE,2025-10-31,2026-07-31,10,0,365.4,,,0.06810874013446347,365.9,-0.001366493577480186,
INE092A01019,TATACHEM,ACTIVE,2018-01-31,2026-07-31,103,0,673.55,982.55,-0.31448781232507256,-0.09669415945819088,1148.9,-0.4137435808164332,
INE151A01013,TATACOMM,ACTIVE,2018-01-31,2026-07-31,102,1,1756.4,1724.7,0.01838000811735377,0.11836994587710926,2134.75,-0.17723386813444192,"1 month(s) absent then trading again — suspension, not exit"
INE192A01025,TATACONSUM,ACTIVE,2018-01-31,2026-07-31,103,0,1083.1,1073.2,0.009224748415952165,-0.04480112884734119,1200.15,-0.09752947548223154,
INE670A01012,TATAELXSI,ACTIVE,2018-01-31,2026-07-31,103,0,3672.9,6093.5,-0.39724296381390006,-0.31005917159763313,9019.25,-0.5927710175458049,
INE672A01026,TATAINVEST,ACTIVE,2025-10-31,2026-07-31,10,0,679.45,,,0.09078503772676204,799.0,-0.1496245306633291,
INE245A01021,TATAPOWER,ACTIVE,2018-01-31,2026-07-31,103,0,380.7,397.75,-0.04286612193588941,0.03931203931203925,482.6,-0.21114794861168676,
INE081A01020,TATASTEEL,ACTIVE,2022-07-29,2026-07-31,49,0,189.69,157.94,0.20102570596429023,-0.017811836586755024,212.33,-0.10662647765271047,
INE142M01025,TATATECH,ACTIVE,2023-11-30,2026-07-31,33,0,747.65,702.25,0.06464934140263436,0.15744252651133978,1313.0,-0.4305788271134806,
INE0GK401011,TATVA,ACTIVE,2021-07-30,2026-07-31,61,0,1788.2,1167.0,0.5323050556983719,0.549298215214001,2655.75,-0.3266685493739998,
INE673O01025,TBOTEK,ACTIVE,2024-05-31,2026-07-31,27,0,1531.2,1354.6,0.1303705891037946,0.09984197672748168,1902.9,-0.19533343843607126,
INE760L01018,TBZ,ACTIVE,2018-01-31,2026-07-31,103,0,276.34,183.36,0.5070898778359508,0.7206724782067246,284.28,-0.02793020965245532,
INE887D01016,TCC,ACTIVE,2026-02-27,2026-07-31,6,0,289.65,,,,447.1,-0.352158353835831,
INE688A01022,TCI,ACTIVE,2018-01-31,2026-07-31,103,0,930.5,1173.0,-0.20673486786018755,-0.12546992481203006,1200.7,-0.22503539601898895,
INE586V01016,TCIEXP,ACTIVE,2018-01-31,2026-07-31,103,0,541.65,703.05,-0.229571154256454,-0.0026698582213221236,2213.2,-0.7552638713175492,
INE822C01015,TCPLPACK,ACTIVE,2018-01-31,2026-07-31,103,0,3153.4,3620.0,-0.12889502762430938,0.20870865115565945,4565.35,-0.3092753020031323,
INE467B01029,TCS,ACTIVE,2018-01-31,2026-07-31,103,0,2365.6,3036.8,-0.2210221285563752,-0.24274144498863606,4553.75,-0.48051605819379634,1 split/bonus adjustment(s) applied (0.493)
INE419M01027,TDPOWERSYS,ACTIVE,2022-11-30,2026-07-31,45,0,1131.0,510.1,1.2172123113115074,0.5503769705277587,1318.6,-0.14227210677991803,
INE289C01025,TEAMGTY,ACTIVE,2018-01-31,2026-07-31,85,18,215.32,251.09,-0.1424588792863117,-0.14589448631495439,290.35,-0.25841226106423293,"18 month(s) absent then trading again — suspension, not exit"
INE985S01024,TEAMLEASE,ACTIVE,2018-01-31,2026-07-31,103,0,1234.9,1834.7,-0.3269199324140186,-0.10805344889851926,4488.65,-0.72488387377051,
INE669C01036,TECHM,ACTIVE,2018-01-31,2026-07-31,103,0,1651.3,1463.7,0.1281683405069344,-0.05266479261086567,1790.55,-0.07776940046354472,
INE285K01026,TECHNOE,ACTIVE,2018-12-31,2026-07-31,89,3,980.3,1456.3,-0.32685573027535536,0.005951770138532534,1600.45,-0.3874847699084633,"3 month(s) absent then trading again — suspension, not exit"
INE314H01012,TECHNVISN,ACTIVE,2026-04-30,2026-07-31,4,0,4470.2,,,,5976.0,-0.2519745649263722,
INE014B01011,TECILCHEM,ACTIVE,2025-01-31,2026-07-31,11,8,9.68,,,-0.3529411764705883,25.31,-0.6175424733306993,"8 month(s) absent then trading again — suspension, not exit"
INE011K01018,TEGA,ACTIVE,2021-12-31,2026-07-31,56,0,1485.5,1906.0,-0.22061909758656872,-0.1274596182085169,1950.7,-0.23847849489926695,
INE010J01012,TEJASNET,ACTIVE,2018-01-31,2026-07-31,97,6,513.0,583.55,-0.12089795218918681,0.505281690140845,1413.1,-0.6369683674191494,"6 month(s) absent then trading again — suspension, not exit"
INE869Y01010,TEMBO,ACTIVE,2021-04-30,2026-07-31,46,18,553.25,,,0.01691021045859764,747.05,-0.2594203868549628,"18 month(s) absent then trading again — suspension, not exit"
INE19RI01016,TENNIND,ACTIVE,2025-11-28,2026-07-31,9,0,537.95,,,0.030259503973953977,621.75,-0.13478086047446716,
INE482B01010,TERASOFT,ACTIVE,2018-01-31,2026-07-31,73,30,376.6,,,-0.08045415700158708,413.6,-0.08945841392649903,"30 month(s) absent then trading again — suspension, not exit"
INE435C01024,TEXINFRA,ACTIVE,2018-01-31,2026-07-31,103,0,113.99,98.95,0.15199595755432027,0.17503350170085546,143.03,-0.20303432846256034,
INE141K01013,TEXMOPIPES,ACTIVE,2018-02-28,2026-07-31,98,4,42.88,60.87,-0.2955478889436503,-0.04774594714634685,94.3,-0.5452810180275716,"4 month(s) absent then trading again — suspension, not exit"
INE621L01012,TEXRAIL,ACTIVE,2018-01-31,2026-07-31,103,0,111.39,147.15,-0.2430173292558614,-0.12799436355096286,268.66,-0.5853867341621382,
INE305A01023,TFCILTD,ACTIVE,2025-09-30,2026-07-31,11,0,101.87,,,0.5562175374274368,101.87,0.0,
INE804H01012,TFL,ACTIVE,2018-02-28,2026-07-31,62,40,11.12,,,-0.23731138545953367,18.05,-0.3839335180055402,"40 month(s) absent then trading again — suspension, not exit"
INE797H01018,TGBHOTELS,ACTIVE,2018-01-31,2026-07-31,87,16,9.38,11.8,-0.20508474576271185,0.002136752136752281,54.25,-0.8270967741935483,"16 month(s) absent then trading again — suspension, not exit"
INE403F01017,THAKDEV,ACTIVE,2026-04-30,2026-07-31,3,1,141.18,,,,141.45,-0.0019088016967124908,"1 month(s) absent then trading again — suspension, not exit"
INE085J01014,THANGAMAYL,ACTIVE,2018-01-31,2026-07-31,103,0,5226.5,1890.6,1.7644663069924893,0.5739625368909234,6398.2,-0.18312963020849612,
INE924D01017,THEINVEST,ACTIVE,2018-01-31,2026-07-31,92,11,97.61,162.64,-0.39984013772749627,-0.02380238023802376,253.45,-0.6148747287433418,"11 month(s) absent then trading again — suspension, not exit"
INE121N01019,THEJO,ACTIVE,2023-10-31,2026-07-31,34,0,2108.7,2359.5,-0.10629370629370637,0.22449335114104868,3241.5,-0.3494678389634429,
INE0AQ201015,THELEELA,ACTIVE,2025-06-30,2026-07-31,14,0,494.6,413.8,0.19526341227646207,0.1748218527315915,494.6,0.0,
INE083B01024,THEMISMED,ACTIVE,2023-10-31,2026-07-31,34,0,105.22,107.49,-0.0211182435575402,0.3122973310052381,292.5,-0.6402735042735043,
INE152A01029,THERMAX,ACTIVE,2018-01-31,2026-07-31,103,0,4306.0,3940.4,0.09278245863364123,0.4961779013203614,5404.65,-0.20327865819248234,
INE332A01027,THOMASCOOK,ACTIVE,2018-01-31,2026-07-31,100,3,104.27,169.34,-0.3842565253336483,-0.14930243942237087,260.68,-0.6000076722418292,"3 month(s) absent then trading again — suspension, not exit; 1 split/bonus adjustment(s) applied (0.506)"
INE480M01011,THOMASCOTT,ACTIVE,2023-02-28,2026-07-31,17,25,298.45,,,-0.06029596977329985,403.9,-0.2610794751176034,"25 month(s) absent then trading again — suspension, not exit"
INE594H01019,THYROCARE,ACTIVE,2018-01-31,2026-07-31,103,0,579.0,1325.9,-0.5633154838223094,0.37857142857142856,1397.3,-0.5856294281829242,
INE133E01013,TI,ACTIVE,2018-02-28,2026-07-31,93,9,465.15,492.2,-0.05495733441690372,0.07686074777173281,528.1,-0.11920090891876546,"9 month(s) absent then trading again — suspension, not exit"
INE545H01011,TIIL,ACTIVE,2018-01-31,2026-07-31,103,0,2580.5,3120.2,-0.17296968143067748,0.27036872938512285,3706.35,-0.3037624617211003,
INE974X01010,TIINDIA,ACTIVE,2018-01-31,2026-07-31,103,0,2753.0,2840.7,-0.030872672228675967,0.17896449830842368,4481.95,-0.3857584310400607,
INE440L01017,TIJARIA,ACTIVE,2018-07-31,2026-07-31,61,36,5.03,,,0.23891625615763565,22.45,-0.775946547884187,"36 month(s) absent then trading again — suspension, not exit"
INE806C01018,TIL,ACTIVE,2018-01-31,2026-07-31,73,30,252.38,,,0.06737153732290128,613.75,-0.5887902240325865,"30 month(s) absent then trading again — suspension, not exit"
INE508G01029,TIMETECHNO,ACTIVE,2018-01-31,2026-07-31,103,0,208.56,467.45,-0.5538346347202909,0.15885980996832808,493.6,-0.5774716369529984,
INE064A01026,TIMEX,ACTIVE,2026-04-30,2026-07-31,4,0,532.05,,,,532.05,0.0,
INE325A01013,TIMKEN,ACTIVE,2018-01-31,2026-07-31,103,0,3145.4,3318.9,-0.05227635662418271,0.0692820233886321,4277.55,-0.2646725345115779,
INE015C01016,TINNARUBR,ACTIVE,2025-04-30,2026-07-31,16,0,1114.4,908.05,0.2272451957491329,0.7881899871630296,1114.4,0.0,
INE0LQS01015,TIPSFILMS,ACTIVE,2022-10-31,2026-07-31,35,11,386.2,502.25,-0.23106022896963666,0.09747087240693382,752.4,-0.48670919723551304,"11 month(s) absent then trading again — suspension, not exit"
INE716B01029,TIPSMUSIC,ACTIVE,2023-04-28,2026-07-31,40,0,668.05,588.65,0.13488490614117044,0.22837179369311378,888.65,-0.24824171496089578,
INE338A01024,TIRUMALCHM,ACTIVE,2018-08-31,2026-07-31,96,0,174.25,299.0,-0.41722408026755853,-0.08510973432741786,375.6,-0.5360756123535676,
INE615H01020,TITAGARH,ACTIVE,2018-01-31,2026-07-31,100,3,825.2,860.15,-0.04063244782886698,0.0051157125456760605,1859.85,-0.5563083044331532,"3 month(s) absent then trading again — suspension, not exit"
INE280A01028,TITAN,ACTIVE,2018-01-31,2026-07-31,103,0,4875.2,3347.3,0.4564574433125204,0.2257253482174284,4875.2,0.0,
INE668A01016,TMB,ACTIVE,2022-09-30,2026-07-31,47,0,851.7,455.6,0.8694029850746269,0.3979482970865819,851.7,0.0,
INE1TAE01010,TMCV,ACTIVE,2025-11-28,2026-07-31,9,0,436.8,,,-0.04732824427480913,505.3,-0.13556303186226004,
INE155A01022,TMPV,ACTIVE,2018-01-31,2026-07-31,103,0,339.75,665.95,-0.48982656355582255,-0.029424367947436112,1156.65,-0.7062637790169888,
INE148A01019,TNPETRO,ACTIVE,2018-01-31,2026-07-31,100,3,96.5,,,0.015575668280362071,134.2,-0.28092399403874807,"3 month(s) absent then trading again — suspension, not exit"
INE107A01015,TNPL,ACTIVE,2018-01-31,2026-07-31,103,0,150.68,160.53,-0.06135924749268046,0.1335289249981193,417.4,-0.6390033540967897,
INE141D01018,TNTELE,ACTIVE,2023-11-30,2026-07-31,19,14,9.08,,,-0.002197802197802151,14.05,-0.35373665480427047,"14 month(s) absent then trading again — suspension, not exit"
INE0RWQ01014,TOLINS,ACTIVE,2024-09-30,2026-07-31,20,3,102.21,149.04,-0.3142109500805153,-0.1544506949040371,222.1,-0.539801891040072,"3 month(s) absent then trading again — suspension, not exit"
INE685A01028,TORNTPHARM,ACTIVE,2018-01-31,2026-07-31,103,0,5122.8,3741.9,0.36903712017958795,0.2933750757422743,5122.8,0.0,
INE813H01021,TORNTPOWER,ACTIVE,2018-01-31,2026-07-31,103,0,1413.3,1310.0,0.07885496183206103,0.01852118766215051,1878.0,-0.24744408945686902,
INE336X01012,TOTAL,ACTIVE,2020-08-31,2026-07-31,63,9,49.28,74.42,-0.3378124160171997,-0.2565997888067582,182.65,-0.730194360799343,"9 month(s) absent then trading again — suspension, not exit"
INE486Y01013,TOUCHWOOD,ACTIVE,2020-01-31,2026-07-31,55,24,66.24,95.77,-0.3083429048762661,-0.29117174959871595,203.55,-0.6745762711864407,"24 month(s) absent then trading again — suspension, not exit"
INE065J01024,TPHQ,ACTIVE,2024-06-28,2026-07-31,15,11,0.42,,,-0.288135593220339,1.5,-0.7200000000000001,"11 month(s) absent then trading again — suspension, not exit"
INE413G01022,TPLPLASTEH,ACTIVE,2022-10-31,2026-07-31,39,7,79.31,78.68,0.008007117437722361,0.2986736531848698,129.88,-0.3893594086849399,"7 month(s) absent then trading again — suspension, not exit"
INE0HMF01019,TRACXN,ACTIVE,2022-10-31,2026-07-31,46,0,30.35,56.08,-0.45880884450784587,-0.137048620983793,115.1,-0.7363162467419635,
INE687A01016,TRANSPEK,ACTIVE,2026-04-30,2026-07-31,4,0,1321.3,,,,1321.3,0.0,
INE454P01035,TRANSRAILL,ACTIVE,2024-12-31,2026-07-31,20,0,502.95,731.35,-0.31229917276269914,0.010447011551983906,742.2,-0.322352465642684,
INE103V01028,TRAVELFOOD,ACTIVE,2025-07-31,2026-07-31,13,0,1302.9,1045.8,0.2458405048766496,0.2210871602624181,1345.9,-0.03194888178913738,
INE040M01013,TREEHOUSE,ACTIVE,2018-02-28,2026-07-31,68,34,6.36,,,-0.17187499999999992,27.41,-0.7679678949288581,"34 month(s) absent then trading again — suspension, not exit"
INE00CA01015,TREJHARA,ACTIVE,2019-01-31,2026-07-31,68,23,134.76,218.22,-0.3824580698377784,,249.57,-0.46003125375646114,"23 month(s) absent then trading again — suspension, not exit"
INE0O3901029,TREL,ACTIVE,2023-08-31,2026-07-31,36,0,24.25,33.14,-0.2682558841279421,-0.10218437615697895,55.95,-0.5665773011617515,
INE849A01020,TRENT,ACTIVE,2018-01-31,2026-07-31,103,0,3005.9,5018.0,-0.4009764846552411,-0.20594373266411303,7574.65,-0.6031631824572753,
INE391D01019,TRF,ACTIVE,2018-02-28,2026-07-31,83,19,225.93,342.05,-0.33948253179359744,-0.2237416251503178,563.35,-0.5989526937072868,"19 month(s) absent then trading again — suspension, not exit"
INE064C01022,TRIDENT,ACTIVE,2019-12-31,2026-07-31,77,3,24.71,29.99,-0.17605868622874285,-0.049980776624375264,53.35,-0.5368322399250234,"3 month(s) absent then trading again — suspension, not exit"
INE948A01012,TRIGYN,ACTIVE,2018-01-31,2026-07-31,99,4,53.72,79.57,-0.32487118260650993,-0.06427451663473259,173.0,-0.6894797687861272,"4 month(s) absent then trading again — suspension, not exit"
INE152M01016,TRITURBINE,ACTIVE,2018-01-31,2026-07-31,103,0,601.7,599.3,0.004004672117470534,0.19753209274554695,767.65,-0.2161792483553702,
INE615R01029,TRU,ACTIVE,2022-05-31,2026-07-31,38,13,4.6,,,-0.3428571428571429,107.45,-0.9571893904141462,"13 month(s) absent then trading again — suspension, not exit"
INE0MWH01014,TRUALT,ACTIVE,2025-10-31,2026-07-31,10,0,423.0,,,0.10776482912138267,492.45,-0.14102954614681693,
INE202Z01029,TSFINV,ACTIVE,2018-07-31,2026-07-31,97,0,452.5,482.3,-0.06178726933443917,0.04130709929812447,654.3,-0.308421213510622,
INE910C01018,TTKHLTCARE,ACTIVE,2018-01-31,2026-07-31,103,0,1024.5,1244.2,-0.17657932808230192,0.058477115404483956,1673.6,-0.38784655831739956,
INE690A01028,TTKPRESTIG,ACTIVE,2021-12-31,2026-07-31,56,0,641.6,630.0,0.01841269841269845,0.08819538670284939,986.7,-0.3497516975777845,
INE592B01024,TTL,ACTIVE,2025-03-28,2026-07-31,11,6,6.42,,,-0.12534059945504086,14.7,-0.563265306122449,"6 month(s) absent then trading again — suspension, not exit"
INE517B01013,TTML,ACTIVE,2018-02-28,2026-07-31,79,23,39.95,,,-0.12505475251861572,166.7,-0.7603479304139171,"23 month(s) absent then trading again — suspension, not exit"
INE0OC301013,TURTLEMINT,ACTIVE,2026-06-30,2026-07-31,2,0,120.1,,,,136.6,-0.12079062957540264,
INE236G01019,TVSELECT,ACTIVE,2018-02-28,2026-07-31,83,19,489.3,,,,629.0,-0.22209856915739268,"19 month(s) absent then trading again — suspension, not exit"
INE105A01035,TVSHLTD,ACTIVE,2018-01-31,2026-07-31,100,3,14713.0,11524.0,0.2767268309614717,-0.02291140921769159,15109.0,-0.026209543980409027,"3 month(s) absent then trading again — suspension, not exit"
INE494B01023,TVSMOTOR,ACTIVE,2018-01-31,2026-07-31,103,0,4313.1,2801.8,0.5394032407737883,0.17286669929841744,4313.1,0.0,
INE395N01027,TVSSCS,ACTIVE,2023-08-31,2026-07-31,33,3,135.11,128.6,0.050622083981337634,0.39995855351777027,215.55,-0.37318487589886334,"3 month(s) absent then trading again — suspension, not exit"
INE421C01016,TVSSRICHAK,ACTIVE,2018-01-31,2026-07-31,103,0,3931.1,3023.2,0.30031092881714744,-0.03448360555077983,4821.4,-0.18465590907205373,
INE038F01029,TVTODAY,ACTIVE,2018-01-31,2026-07-31,103,0,113.69,154.02,-0.26184911050512927,-0.0817381471609725,488.6,-0.7673147769136308,
INE871L01013,TVVISION,ACTIVE,2018-02-28,2026-07-31,45,57,4.56,,,,17.65,-0.741643059490085,"57 month(s) absent then trading again — suspension, not exit"
INE686F01025,UBL,ACTIVE,2018-01-31,2026-07-31,103,0,1418.8,1945.6,-0.2707648026315789,-0.03384405856315972,2175.45,-0.34781309614102823,
INE139B01016,UCAL,ACTIVE,2018-01-31,2026-07-31,96,7,114.53,147.32,-0.22257670377409716,0.03525264394829618,280.6,-0.5918389166072702,"7 month(s) absent then trading again — suspension, not exit"
INE691A01018,UCOBANK,ACTIVE,2018-01-31,2026-07-31,103,0,26.17,29.79,-0.12151728768042959,-0.10376712328767115,57.3,-0.5432809773123909,
INE851I01011,UDS,ACTIVE,2023-10-31,2026-07-31,34,0,203.28,289.45,-0.29770253929866985,0.33429602888086646,424.4,-0.5210179076343072,
INE899L01030,UEL,ACTIVE,2026-02-27,2026-07-31,6,0,153.73,,,,179.3,-0.14261015058561083,
INE382M01027,UFBL,ACTIVE,2021-04-30,2026-07-31,64,0,701.65,284.1,1.4697289686730022,2.8722406181015456,1487.35,-0.5282549500789996,
INE516A01017,UFLEX,ACTIVE,2018-01-31,2026-07-31,103,0,470.65,591.55,-0.20437832812103793,0.020711342441986455,785.85,-0.40109435642934405,
INE527H01019,UFO,ACTIVE,2018-01-31,2026-07-31,100,3,65.15,73.24,-0.11045876570180216,-0.11288126361655763,459.05,-0.8580764622590131,"3 month(s) absent then trading again — suspension, not exit"
INE071E01023,UGARSUGAR,ACTIVE,2018-01-31,2026-07-31,99,4,40.69,44.88,-0.09336007130124788,0.071917808219178,134.45,-0.6973596132391223,"4 month(s) absent then trading again — suspension, not exit"
INE583D01011,UGROCAP,ACTIVE,2021-08-31,2026-07-31,60,0,95.45,169.98,-0.43846334862925046,-0.35314448359989153,298.05,-0.6797517195101493,
INE551W01018,UJJIVANSFB,ACTIVE,2019-12-31,2026-07-31,80,0,71.75,44.27,0.6207363903320532,0.09759828667584511,71.75,0.0,
INE481G01011,ULTRACEMCO,ACTIVE,2018-01-31,2026-07-31,103,0,11903.0,12249.0,-0.028247203853375785,-0.06231290373404758,12694.0,-0.06231290373404758,
INE405A01021,ULTRAMAR,ACTIVE,2026-04-30,2026-07-31,4,0,387.25,,,,410.2,-0.05594831789371036,
INE240C01028,UMESLTD,ACTIVE,2018-01-31,2026-07-31,54,49,5.46,6.02,-0.09302325581395343,0.18695652173913052,8.3,-0.34216867469879525,"49 month(s) absent then trading again — suspension, not exit"
INE398B01018,UMIYA-MRO,ACTIVE,2018-06-29,2026-07-31,79,19,88.81,81.8,0.08569682151589249,0.01000796087797106,111.42,-0.2029258660922635,"19 month(s) absent then trading again — suspension, not exit"
INE351A01035,UNICHEMLAB,ACTIVE,2018-01-31,2026-07-31,103,0,513.4,623.45,-0.17651776405485614,0.3714438359823693,839.95,-0.3887731412584083,
INE00U401027,UNIECOM,ACTIVE,2024-08-30,2026-07-31,24,0,84.71,119.74,-0.29255052613996996,-0.1851673720661793,219.28,-0.6136902590295512,
INE037A01022,UNIENTER,ACTIVE,2018-01-31,2026-07-31,103,0,94.92,160.2,-0.4074906367041198,-0.17410597755155316,179.02,-0.4697799128588985,
INE0U3I01011,UNIMECH,ACTIVE,2024-12-31,2026-07-31,17,3,1235.9,,,0.40307657376397804,1376.25,-0.1019800181653042,"3 month(s) absent then trading again — suspension, not exit"
INE692A01016,UNIONBANK,ACTIVE,2018-01-31,2026-07-31,103,0,171.24,130.96,0.307574832009774,-0.05266651914140287,202.27,-0.15340881000642706,
INE244O01017,UNIPARTS,ACTIVE,2022-12-30,2026-07-31,44,0,728.0,350.7,1.0758483033932136,0.6834316105908198,728.0,0.0,
INE854D01024,UNITDSPR,ACTIVE,2018-06-29,2026-07-31,98,0,1515.9,1340.2,0.13109983584539625,0.11250550418317935,1625.45,-0.0673967209080562,
INE694A01020,UNITECH,ACTIVE,2018-01-31,2026-07-31,26,77,4.28,,,-0.002331002331002281,8.45,-0.49349112426035496,"77 month(s) absent then trading again — suspension, not exit"
INE458F01011,UNITEDTEA,ACTIVE,2018-02-28,2026-07-31,102,0,480.95,463.95,0.03664187951287854,0.01616311007817447,545.4,-0.11817015034836816,
INE279A01012,UNIVCABLES,ACTIVE,2018-01-31,2026-07-31,103,0,1358.4,747.9,0.8162855996791016,0.8688862901561534,1358.4,0.0,
INE405E01023,UNOMINDA,ACTIVE,2018-01-31,2026-07-31,103,0,1180.5,1041.4,0.13357019396965614,-0.0015224562293833668,1306.8,-0.09664830119375571,
INE628A01036,UPL,ACTIVE,2018-01-31,2026-07-31,103,0,604.3,703.8,-0.14137539073600455,-0.1415583493145821,998.95,-0.395064818058962,
INE0CAZ01013,URBANCO,ACTIVE,2025-09-30,2026-07-31,11,0,129.39,,,0.041116832957837024,167.38,-0.2269685745011352,
INE550C01020,URJA,ACTIVE,2018-05-31,2026-07-31,70,29,9.09,14.04,-0.35256410256410253,-0.10355029585798824,34.45,-0.7361393323657475,"29 month(s) absent then trading again — suspension, not exit"
INE228A01035,USHAMART,ACTIVE,2018-01-31,2026-07-31,103,0,495.95,377.65,0.31325301204819284,0.2118509468540012,506.05,-0.019958502124296063,
INE0N0Y01013,USK,ACTIVE,2023-04-28,2026-07-31,30,10,22.25,35.11,-0.3662774138422102,0.06817090734517532,58.6,-0.6203071672354948,"10 month(s) absent then trading again — suspension, not exit"
INE094J01016,UTIAMC,ACTIVE,2020-10-30,2026-07-31,70,0,903.1,1329.8,-0.32087531959693183,-0.07155340803947777,1342.55,-0.3273248668578451,
INE735W01017,UTKARSHBNK,ACTIVE,2023-07-31,2026-07-31,37,0,14.62,21.89,-0.33211512105984475,0.0773765659543109,57.5,-0.7457391304347827,
INE12UR01024,UTLSOLAR,ACTIVE,2025-11-28,2026-07-31,9,0,380.5,,,0.9098529337951112,380.5,0.0,
INE786F01031,UTTAMSUGAR,ACTIVE,2018-01-31,2026-07-31,100,3,222.33,261.35,-0.14930170269753207,0.027165627165627277,503.4,-0.5583432657926102,"3 month(s) absent then trading again — suspension, not exit"
INE152C01025,UYFINCORP,ACTIVE,2024-10-31,2026-07-31,19,3,19.95,18.55,0.07547169811320746,,29.42,-0.32188987083616594,"3 month(s) absent then trading again — suspension, not exit"
INE945H01021,V2RETAIL,ACTIVE,2026-03-30,2026-07-31,5,0,219.33,,,,230.03,-0.04651567186888662,
INE694D01016,VADILALIND,ACTIVE,2018-01-31,2026-07-31,103,0,7214.5,5239.5,0.3769443649203168,0.6468829182550735,7214.5,0.0,
INE884A01027,VAIBHAVGBL,ACTIVE,2021-05-31,2026-07-31,63,0,266.36,227.72,0.16968206569471286,0.19006344383879914,842.0,-0.6836579572446556,
INE972X01022,VAISHALI,ACTIVE,2025-01-31,2026-07-31,16,3,7.35,12.34,-0.40437601296596437,-0.0777917189460477,17.24,-0.5736658932714617,"3 month(s) absent then trading again — suspension, not exit"
INE051B01021,VAKRANGEE,ACTIVE,2018-01-31,2026-07-31,98,5,5.97,,,-0.13976945244956782,183.76012658227845,-0.9675119945167924,"5 month(s) absent then trading again — suspension, not exit; 1 split/bonus adjustment(s) applied (0.504)"
INE1CDF01017,VAML,ACTIVE,2026-06-30,2026-07-31,2,0,454.2,,,,454.2,0.0,
INE835A01029,VARDMNPOLY,ACTIVE,2024-05-31,2026-07-31,18,9,5.97,9.68,-0.3832644628099174,-0.005000000000000042,12.85,-0.535408560311284,"9 month(s) absent then trading again — suspension, not exit"
INE665L01035,VARROC,ACTIVE,2018-07-31,2026-07-31,97,0,679.2,536.95,0.2649222460191824,0.17732709308372346,1151.15,-0.4099813230248013,
INE590L01019,VASWANI,ACTIVE,2018-01-31,2026-07-31,87,16,51.58,,,-0.023106060606060585,68.31,-0.2449128970868102,"16 month(s) absent then trading again — suspension, not exit"
INE200M01039,VBL,ACTIVE,2024-09-30,2026-07-31,23,0,442.3,522.6,-0.15365480290853425,-0.06143236074270555,638.5,-0.30728269381362566,
INE098201036,VCL,ACTIVE,2023-02-28,2026-07-31,19,23,1.07,,,,2.45,-0.563265306122449,"23 month(s) absent then trading again — suspension, not exit"
INE205A01025,VEDL,ACTIVE,2018-01-31,2026-07-31,103,0,264.25,425.65,-0.3791847762245976,-0.6122808304599809,718.4,-0.6321687082405345,
INE694L01019,VEDPOWER,ACTIVE,2026-06-30,2026-07-31,2,0,34.52,,,,40.28,-0.14299900695134057,
INE484C01030,VEEDOL,ACTIVE,2021-10-29,2026-07-31,58,0,1399.5,1661.5,-0.1576888353897081,-0.023650062787777374,2703.5,-0.48233771037543927,
INE398A01010,VENKEYS,ACTIVE,2018-01-31,2026-07-31,103,0,1499.4,1511.6,-0.008070918232336476,-0.02439976576224868,3924.25,-0.6179142511307893,
INE781S01027,VENTIVE,ACTIVE,2024-12-31,2026-07-31,20,0,624.6,782.45,-0.2017381302319637,-0.16279069767441853,782.45,-0.2017381302319637,
INE0JA001018,VENUSPIPES,ACTIVE,2022-06-30,2026-07-31,50,0,1666.1,1397.5,0.19220035778175307,0.6268919050873939,2429.9,-0.3143339232067164,
INE0IQ001011,VERANDA,ACTIVE,2022-04-29,2026-07-31,49,3,259.09,237.32,0.0917326816113264,0.2587572268376814,328.2,-0.2105728214503352,"3 month(s) absent then trading again — suspension, not exit"
INE386A01023,VESUVIUS,ACTIVE,2025-06-30,2026-07-31,14,0,443.75,515.7,-0.1395191002520846,-0.10416876955687901,552.5,-0.19683257918552036,
INE273D01027,VGL,ACTIVE,2026-03-30,2026-07-31,5,0,62.2,,,,67.83,-0.08300162170131203,
INE951I01027,VGUARD,ACTIVE,2018-01-31,2026-07-31,103,0,314.5,382.05,-0.17680931815207437,-0.10640716010796986,459.7,-0.3158581683706765,
INE701A01023,VHL,ACTIVE,2018-01-31,2026-07-31,102,1,3398.0,4000.5,-0.15060617422822148,0.04463846532218391,4817.85,-0.29470614485714586,"1 month(s) absent then trading again — suspension, not exit"
INE632C01026,VIDHIING,ACTIVE,2018-01-31,2026-07-31,103,0,329.1,410.05,-0.19741494939641505,0.03948199620972836,528.5,-0.37729422894985803,
INE14UN01029,VIDYAWIRES,ACTIVE,2025-12-31,2026-07-31,8,0,91.64,,,0.9682130584192439,108.65,-0.1565577542567879,
INE043W01024,VIJAYA,ACTIVE,2021-09-30,2026-07-31,59,0,1344.4,1075.05,0.25054648620994385,0.40231563575675394,1352.6,-0.006062398343930075,
INE806A01020,VIKASECO,ACTIVE,2018-01-31,2026-07-31,90,13,1.09,2.24,-0.5133928571428572,-0.2875816993464052,39.8,-0.972613065326633,"13 month(s) absent then trading again — suspension, not exit"
INE161L01027,VIKASLIFE,ACTIVE,2019-05-31,2026-07-31,69,18,1.28,2.4,-0.4666666666666666,-0.24260355029585795,20.65,-0.9380145278450363,"18 month(s) absent then trading again — suspension, not exit"
INE078V01014,VIKRAMSOLR,ACTIVE,2025-08-29,2026-07-31,11,1,177.65,,,-0.12925203411430253,336.55,-0.47214381221215274,"1 month(s) absent then trading again — suspension, not exit"
INE01R501028,VIKRAN,ACTIVE,2025-09-30,2026-07-31,11,0,72.19,,,-0.18447808404880253,106.45,-0.3218412400187882,
INE579C01029,VIMTALABS,ACTIVE,2018-01-31,2026-07-31,97,6,608.85,693.45,-0.1219987021414666,0.48120666585573535,1004.5,-0.39387755102040817,"6 month(s) absent then trading again — suspension, not exit"
INE410B01037,VINATIORGA,ACTIVE,2020-02-28,2026-07-31,78,0,1304.6,1830.2,-0.2871817287728118,-0.14542119743220228,2206.35,-0.40870668751558004,
INE498Q01014,VINCOFE,ACTIVE,2024-10-31,2026-07-31,22,0,149.48,154.89,-0.034928013428885,0.01673241735818242,163.84,-0.08764648437500008,
INE707A01012,VINDHYATEL,ACTIVE,2018-01-31,2026-07-31,103,0,1985.9,1593.1,0.24656330424957643,0.6265869440576624,3102.25,-0.3598517205254251,
INE01KI01027,VINNY,ACTIVE,2023-05-31,2026-07-31,17,22,1.05,,,-0.018691588785046745,6.1,-0.8278688524590164,"22 month(s) absent then trading again — suspension, not exit"
INE250B01029,VINYLINDIA,ACTIVE,2018-01-31,2026-07-31,97,6,241.8,,,0.12006670372429135,514.25,-0.5298006806028196,"6 month(s) absent then trading again — suspension, not exit"
INE054A01027,VIPIND,ACTIVE,2018-01-31,2026-07-31,103,0,298.95,448.25,-0.33307306190741776,-0.20322494669509594,747.1,-0.5998527640208807,
INE539B01017,VIRINCHI,ACTIVE,2023-05-31,2026-07-31,28,11,15.2,,,-0.26320891904992727,39.35,-0.613722998729352,"11 month(s) absent then trading again — suspension, not exit"
INE392A01021,VISAKAIND,ACTIVE,2023-05-31,2026-07-31,36,3,85.34,,,0.3621707901037511,137.05,-0.37730755198832544,"3 month(s) absent then trading again — suspension, not exit"
INE270I01022,VISHNU,ACTIVE,2023-01-31,2026-07-31,43,0,613.25,569.45,0.07691632276758267,0.16976633285646162,613.25,0.0,
INE430N01022,VISHWARAJ,ACTIVE,2021-10-29,2026-07-31,57,1,5.12,9.25,-0.4464864864864865,-0.18210862619808302,36.25,-0.8587586206896551,"1 month(s) absent then trading again — suspension, not exit"
INE1CLE01013,VISL,ACTIVE,2026-06-30,2026-07-31,2,0,32.28,,,,35.26,-0.0845150311968235,
INE370E01029,VIVIDHA,ACTIVE,2018-01-31,2026-07-31,76,27,0.52,0.79,-0.34177215189873417,-0.07142857142857148,1.9,-0.7263157894736841,"27 month(s) absent then trading again — suspension, not exit"
INE807F01027,VIYASH,ACTIVE,2018-01-31,2026-07-31,101,2,252.0,171.97,0.4653718671861371,0.23766023279799608,312.85,-0.19450215758350653,"2 month(s) absent then trading again — suspension, not exit"
INE709A01018,VLSFINANCE,ACTIVE,2018-01-31,2026-07-31,103,0,254.6,233.26,0.09148589556717827,-0.03924528301886795,430.4,-0.40845724907063197,
INE665J01013,VMART,ACTIVE,2018-01-31,2026-07-31,103,0,779.1,790.5,-0.01442125237191648,0.23226571767497037,4258.95,-0.8170675870813229,
INE01EA01019,VMM,ACTIVE,2024-12-31,2026-07-31,20,0,107.1,139.54,-0.2324781424681095,-0.14966256450972615,149.41,-0.28318051000602373,
INE0I0T01010,VOEPL,ACTIVE,2026-07-31,2026-07-31,1,0,478.6,,,,478.6,0.0,
INE704J01044,VOGL,ACTIVE,2026-06-30,2026-07-31,2,0,35.54,,,,35.54,0.0,
INE540H01012,VOLTAMP,ACTIVE,2018-01-31,2026-07-31,103,0,9923.0,8836.0,0.12301946582163875,0.34558275137297445,14104.45,-0.29646317297023284,
INE226A01021,VOLTAS,ACTIVE,2018-01-31,2026-07-31,103,0,1328.9,1327.7,0.0009038186337275329,0.0007530687551773476,1845.1,-0.27976803425288593,
INE0S2V01010,VRAJ,ACTIVE,2024-07-31,2026-07-31,25,0,122.55,164.62,-0.2555582553760175,-0.010336751998707915,267.42,-0.5417321067982948,
INE366I01010,VRLLOG,ACTIVE,2018-01-31,2026-07-31,103,0,265.65,620.9,-0.5721533258173619,-0.015928875717725548,770.45,-0.6552015056136025,
INE050M01012,VSSL,ACTIVE,2018-01-31,2026-07-31,101,2,304.75,269.6,0.13037833827893167,0.19229264475743352,397.2,-0.232754279959718,"2 month(s) absent then trading again — suspension, not exit"
INE710A01016,VSTIND,ACTIVE,2018-01-31,2026-07-31,103,0,221.5,282.4,-0.21565155807365433,-0.0558397271952259,4567.6,-0.9515062614940012,
INE0QTF01015,VSTL,ACTIVE,2024-03-28,2026-07-31,25,4,110.87,162.54,-0.3178909806816783,-0.05562180579216355,290.95,-0.618937961849115,"4 month(s) absent then trading again — suspension, not exit"
INE764D01017,VSTTILLERS,ACTIVE,2018-01-31,2026-07-31,103,0,4455.9,4569.8,-0.024924504354676472,-0.19328324431972488,6262.5,-0.28847904191616774,
INE825A01020,VTL,ACTIVE,2022-03-31,2026-07-31,53,0,585.8,436.9,0.34081025406271453,0.3549207817740255,636.15,-0.07914799968560877,
INE377N01017,WAAREEENER,ACTIVE,2024-10-31,2026-07-31,22,0,2680.2,2992.4,-0.10433097179521462,-0.03849327354260096,3427.4,-0.21800781933827398,
INE866K01023,WAAREEINDO,ACTIVE,2026-06-30,2026-07-31,2,0,306.7,,,,389.95,-0.21348890883446597,
INE299N01021,WAAREERTL,ACTIVE,2025-04-30,2026-07-31,16,0,913.2,1046.1,-0.127043303699455,0.008614976805831752,1240.6,-0.2639045623085603,
INE956G01038,WABAG,ACTIVE,2018-01-31,2026-07-31,103,0,1977.2,1585.7,0.24689411616320867,0.8346478611858588,2009.1,-0.015877756209247855,
INE0E7301029,WAKEFIT,ACTIVE,2025-12-31,2026-07-31,8,0,125.14,,,-0.313360768175583,186.83,-0.33019322378632987,
INE711A01022,WALCHANNAG,ACTIVE,2018-01-31,2026-07-31,85,18,232.0,,,0.23469930814262902,418.89,-0.4461553152378906,"18 month(s) absent then trading again — suspension, not exit"
INE107F01022,WANBURY,ACTIVE,2024-04-30,2026-07-31,18,10,293.55,,,0.4062275449101797,293.55,0.0,"10 month(s) absent then trading again — suspension, not exit"
INE0CJF01024,WCIL,ACTIVE,2024-09-30,2026-07-31,23,0,90.03,106.47,-0.15440969287123132,-0.18399347412308525,155.02,-0.4192362275835376,
INE658T01017,WEALTH,ACTIVE,2021-01-29,2026-07-31,43,24,929.95,1214.9,-0.23454605317310068,0.1043881004690934,1245.8,-0.25353186707336645,"24 month(s) absent then trading again — suspension, not exit"
INE855C01023,WEBELSOLAR,ACTIVE,2025-11-28,2026-07-31,9,0,96.69,,,0.18783783783783772,110.66,-0.12624254473161034,
INE080A01014,WEIZMANIND,ACTIVE,2018-01-31,2026-07-31,94,9,77.48,116.35,-0.3340782122905027,-0.03847108463638613,143.97,-0.46183232617906506,"9 month(s) absent then trading again — suspension, not exit"
INE02WG01024,WEL,ACTIVE,2024-11-29,2026-07-31,21,0,119.55,162.08,-0.2624012833168806,-0.1386267022119749,180.5,-0.3376731301939058,
INE191B01025,WELCORP,ACTIVE,2018-01-31,2026-07-31,103,0,1650.6,930.9,0.7731227844021914,1.2634213232773397,1650.6,0.0,
INE625G01013,WELENT,ACTIVE,2018-01-31,2026-07-31,103,0,592.3,492.1,0.2036171509855719,0.25607040610751763,614.35,-0.03589159274029473,
INE731F01037,WELSPLSOL,ACTIVE,2026-04-30,2026-07-31,4,0,51.07,,,,55.72,-0.08345297918162238,
INE192B01031,WELSPUNLIV,ACTIVE,2018-01-31,2026-07-31,103,0,155.94,126.08,0.23683375634517767,0.25829097070927126,192.99,-0.19197885900823883,
INE274C01019,WENDT,ACTIVE,2018-01-31,2026-07-31,103,0,8207.5,9955.0,-0.1755399296835761,0.1902690160249438,16643.6,-0.506867504626403,
INE274F01020,WESTLIFE,ACTIVE,2019-08-30,2026-07-31,84,0,507.1,727.75,-0.3031947784266575,0.028287539288249106,944.35,-0.4630168899242865,
INE085001019,WEWORK,ACTIVE,2025-10-31,2026-07-31,10,0,743.5,,,0.3032427695004382,743.5,0.0,
INE715A01015,WHEELS,ACTIVE,2018-01-31,2026-07-31,103,0,1409.6,764.7,0.8433372564404339,0.8492620531321744,2320.45,-0.39253162102178457,
INE716A01013,WHIRLPOOL,ACTIVE,2018-01-31,2026-07-31,103,0,802.9,1334.6,-0.39839652330286224,0.03233686917389904,2629.0,-0.6945987067325979,
INE210A01017,WILLAMAGOR,ACTIVE,2018-05-31,2026-07-31,87,12,25.21,34.99,-0.2795084309802801,-0.12068364143704223,77.4,-0.6742894056847545,"12 month(s) absent then trading again — suspension, not exit"
INE0H5O01029,WINDLAS,ACTIVE,2021-08-31,2026-07-31,60,0,857.7,989.05,-0.13280420605631657,0.010366356461302944,1116.0,-0.23145161290322577,
INE052A01021,WINDMACHIN,ACTIVE,2018-01-31,2026-07-31,95,8,283.1,336.65,-0.15906728055844335,0.07499525346497056,396.8,-0.2865423387096774,"8 month(s) absent then trading again — suspension, not exit"
INE215F01023,WIPL,ACTIVE,2024-04-30,2026-07-31,23,5,169.22,152.27,0.11131542654495297,0.11402238314680706,199.05,-0.14986184375784983,"5 month(s) absent then trading again — suspension, not exit"
INE075A01022,WIPRO,ACTIVE,2018-01-31,2026-07-31,103,0,183.65,248.3,-0.2603705195328232,-0.22477838750527648,715.35,-0.7432725239393304,
INE049B01025,WOCKPHARMA,ACTIVE,2018-01-31,2026-07-31,97,6,1959.7,1667.5,0.17523238380809597,0.41781218347561855,2031.4,-0.03529585507531754,"6 month(s) absent then trading again — suspension, not exit"
INE066O01014,WONDERLA,ACTIVE,2018-01-31,2026-07-31,103,0,477.7,635.6,-0.2484266834487099,-0.04431329398819653,993.7,-0.5192714098822582,
INE196Y01018,WORTHPERI,ACTIVE,2020-08-31,2026-07-31,72,0,145.77,151.76,-0.03947021613073261,0.07365397363187744,173.11,-0.1579342614522558,
INE765D01022,WPIL,ACTIVE,2026-04-30,2026-07-31,4,0,464.3,,,,489.5,-0.0514811031664964,
INE100D01014,WSI,ACTIVE,2018-01-31,2026-07-31,37,66,60.9,,,-0.21520618556701027,171.89,-0.6457036476816568,"66 month(s) absent then trading again — suspension, not exit"
INE976A01021,WSTCSTPAPR,ACTIVE,2018-01-31,2026-07-31,103,0,569.5,531.65,0.0711934543402615,0.4203766055617908,776.0,-0.2661082474226804,
INE692G01013,XCHANGING,ACTIVE,2018-01-31,2026-07-31,103,0,66.12,89.15,-0.25832865956253503,-0.07563260170557803,137.6,-0.5194767441860465,
INE01P501012,XELPMOC,ACTIVE,2019-02-28,2026-07-31,67,23,81.25,89.88,-0.09601691143747214,-0.3961801426872771,402.3,-0.798036291324882,"23 month(s) absent then trading again — suspension, not exit"
INE445C01015,XPROINDIA,ACTIVE,2018-02-28,2026-07-31,86,16,1500.4,1119.1,0.3407202216066484,0.5906705539358602,1500.4,0.0,"16 month(s) absent then trading again — suspension, not exit"
INE547B01028,XTGLOBAL,ACTIVE,2024-09-30,2026-07-31,23,0,33.95,33.22,0.02197471402769428,0.25740740740740753,47.53,-0.2857142857142857,
INE616Z01012,YASHO,ACTIVE,2023-08-31,2026-07-31,36,0,3858.7,1916.2,1.01372508088926,2.162091289027288,3858.7,0.0,
INE0JO301016,YATHARTH,ACTIVE,2023-08-31,2026-07-31,36,0,818.45,643.95,0.27098377203199003,0.3938181198910081,858.6,-0.046762170976007426,
INE0JR601024,YATRA,ACTIVE,2023-09-29,2026-07-31,35,0,106.48,97.33,0.09401006883797397,-0.28000540942592456,178.7,-0.4041410184667039,
INE528G01035,YESBANK,ACTIVE,2020-03-31,2026-07-31,77,0,22.77,18.92,0.20348837209302312,0.06352171882297988,27.9,-0.18387096774193545,
INE384C01016,YUKEN,ACTIVE,2021-09-30,2026-07-31,59,0,718.9,1063.5,-0.32402444757874943,-0.12023496298109283,1295.25,-0.4449720131248794,
INE07K301024,ZAGGLE,ACTIVE,2023-09-29,2026-07-31,33,2,204.6,379.15,-0.4603718844784386,-0.2780522230063514,519.25,-0.6059701492537313,"2 month(s) absent then trading again — suspension, not exit"
INE256A01028,ZEEL,ACTIVE,2018-01-31,2026-07-31,103,0,114.55,118.19,-0.03079786783991878,0.3575491822706803,593.7,-0.8070574364156982,
INE966H01019,ZEEMEDIA,ACTIVE,2018-01-31,2026-07-31,83,20,7.5,13.29,-0.4356659142212189,-0.04822335025380709,43.45,-0.8273878020713464,"20 month(s) absent then trading again — suspension, not exit"
INE058B01018,ZENITHEXPO,ACTIVE,2018-01-31,2026-07-31,70,33,200.9,218.15,-0.07907403162961266,-0.028717849545542438,276.15,-0.27249683143219255,"33 month(s) absent then trading again — suspension, not exit"
INE318D01020,ZENITHSTL,ACTIVE,2018-01-31,2026-07-31,38,65,5.54,,,0.09702970297029707,12.13,-0.5432811211871393,"65 month(s) absent then trading again — suspension, not exit"
INE520A01027,ZENSARTECH,ACTIVE,2018-09-28,2026-07-31,95,0,507.95,806.15,-0.3699063449730199,-0.21877883728083675,870.0,-0.4161494252873563,
INE251B01027,ZENTEC,ACTIVE,2018-01-31,2026-07-31,99,4,1624.2,1464.1,0.10935045420394791,0.14735801073749658,2445.65,-0.3358820763396234,"4 month(s) absent then trading again — suspension, not exit"
INE342J01019,ZFCVINDIA,ACTIVE,2018-01-31,2026-07-31,103,0,2417.9,13186.0,-0.8166312755953284,-0.8386883714724132,17410.9,-0.8611272248993447,
INE116C01012,ZFSTEERING,ACTIVE,2026-04-30,2026-07-31,4,0,663.95,,,,804.59,-0.1747971016294013,
INE206B01013,ZODIACLOTH,ACTIVE,2018-01-31,2026-07-31,97,6,76.39,106.63,-0.2835974866360311,-0.06430671239588437,240.0,-0.6817083333333334,"6 month(s) absent then trading again — suspension, not exit"
INE358U01012,ZOTA,ACTIVE,2019-08-30,2026-07-31,84,0,1279.3,1214.15,0.05365893835193333,-0.007140085370585988,1574.3,-0.18738486946579433,
INE967G01019,ZSARACOM,ACTIVE,2026-04-30,2026-07-31,4,0,12200.5,,,,12200.5,0.0,
INE840M01016,ZUARI,ACTIVE,2018-01-31,2026-07-31,99,4,234.54,334.54,-0.2989179171399534,-0.15313233435638202,525.65,-0.5538095691049177,"4 month(s) absent then trading again — suspension, not exit"
INE217A01012,ZUARIIND,ACTIVE,2018-01-31,2026-07-31,97,6,258.8,310.8,-0.1673101673101673,-0.05062362435803379,397.4,-0.3487669854051333,"6 month(s) absent then trading again — suspension, not exit"
INE010B01027,ZYDUSLIFE,ACTIVE,2018-01-31,2026-07-31,103,0,1126.8,969.8,0.1618890492885131,0.2727888851236869,1247.2,-0.09653624118024381,
INE768C01028,ZYDUSWELL,ACTIVE,2025-09-30,2026-07-31,11,0,577.55,,,0.2883113986169974,577.55,0.0,
